device_id,imei,make,model,is_dual_sim,first_seen
DEV000001,495322247081011,Oppo,M77,1,2019-11-19
DEV000002,351669460212465,Nokia,M64,0,2019-08-14
DEV000003,019627622368313,Realme,M70,1,2020-11-07
DEV000004,866139594592111,Lava,M52,0,2019-12-10
DEV000005,010194737796260,Vivo,M74,0,2024-07-17
DEV000006,357251234335369,Nokia,M57,1,2025-08-16
DEV000007,493621051640782,Nokia,M92,1,2021-05-15
DEV000008,494550728310180,Apple,M97,1,2024-02-16
DEV000009,357564505810581,Samsung,M23,1,2025-03-13
DEV000010,010591934424627,Nokia,M23,0,2020-02-11
DEV000011,860653353597599,Lava,M12,1,2019-10-03
DEV000012,010258988108559,Lava,M67,1,2021-11-04
DEV000013,350488672514096,OnePlus,M24,0,2018-07-28
DEV000014,353675726684901,Apple,M39,1,2022-09-28
DEV000015,866135062108405,Xiaomi,M51,0,2024-11-18
DEV000016,353875007709905,Vivo,M24,1,2019-08-17
DEV000017,353598043331564,Tecno,M63,1,2019-04-19
DEV000018,865951763524130,Samsung,M29,0,2023-11-30
DEV000019,860112738318175,Realme,M13,0,2021-07-26
DEV000020,492668063992411,OnePlus,M91,1,2024-09-10
DEV000021,010627890880680,Vivo,M21,0,2019-09-07
DEV000022,865024694841234,Realme,M26,1,2019-11-28
DEV000023,863119161195530,Samsung,M86,1,2020-04-21
DEV000024,864037791703796,Vivo,M13,1,2024-01-15
DEV000025,868079511812162,Apple,M32,1,2022-03-08
DEV000026,496970856759102,Apple,M93,1,2020-05-20
DEV000027,355072592501699,Xiaomi,M54,1,2023-05-06
DEV000028,499823070081335,Oppo,M84,1,2020-05-04
DEV000029,357931625055328,OnePlus,M66,1,2019-08-20
DEV000030,352769347796606,Apple,M42,0,2021-09-23
DEV000031,017504224640695,Oppo,M94,0,2023-08-11
DEV000032,011698142076815,Nokia,M93,1,2022-10-24
DEV000033,493703559591515,OnePlus,M66,0,2026-06-13
DEV000034,355501352471178,Lava,M75,1,2021-11-16
DEV000035,011391841805142,Xiaomi,M26,1,2025-12-31
DEV000036,495314594568152,Samsung,M79,1,2019-03-22
DEV000037,018672602131807,OnePlus,M64,0,2022-08-27
DEV000038,355225898730733,Realme,M23,1,2022-06-14
DEV000039,011906710099785,Oppo,M47,0,2024-11-18
DEV000040,355792826290169,Apple,M23,1,2026-02-11
DEV000041,350233094621475,Samsung,M63,0,2022-03-17
DEV000042,493053428907812,OnePlus,M29,1,2018-09-13
DEV000043,014166611772948,Realme,M10,1,2023-04-05
DEV000044,357828625587296,Vivo,M67,1,2022-10-19
DEV000045,018736080558225,OnePlus,M28,0,2025-12-04
DEV000046,359180438430978,Tecno,M72,1,2022-03-20
DEV000047,499251362238017,Vivo,M94,1,2018-05-12
DEV000048,351819023201659,Xiaomi,M86,1,2024-10-09
DEV000049,352817393396919,Samsung,M79,1,2024-07-24
DEV000050,016120646467640,Nokia,M81,0,2022-04-16
DEV000051,010719709574450,Oppo,M13,0,2024-08-18
DEV000052,358349116476494,Realme,M71,1,2025-09-29
DEV000053,863207248611561,Realme,M39,0,2025-10-17
DEV000054,013741269808654,Apple,M25,1,2022-08-20
DEV000055,013121345579999,Samsung,M15,1,2021-11-04
DEV000056,352803568991083,Apple,M78,1,2023-02-24
DEV000057,495013993925675,Tecno,M71,1,2021-06-01
DEV000058,015461203846721,OnePlus,M43,1,2018-08-01
DEV000059,358928914353541,Realme,M53,1,2022-10-27
DEV000060,869399431095180,Lava,M75,1,2022-12-28
DEV000061,350161832152907,Samsung,M73,1,2026-04-13
DEV000062,017658575790335,OnePlus,M90,1,2026-03-02
DEV000063,359963230477253,Tecno,M63,1,2019-01-10
DEV000064,355338416290623,Lava,M75,1,2026-01-26
DEV000065,869516289084548,Lava,M29,1,2022-11-30
DEV000066,018728023865624,OnePlus,M15,0,2024-03-20
DEV000067,350846900158124,Vivo,M58,0,2021-01-24
DEV000068,017041450563378,Samsung,M64,1,2021-10-03
DEV000069,358196138759551,Tecno,M45,1,2024-06-12
DEV000070,862580245571163,Realme,M69,1,2020-04-30
DEV000071,359404475017506,Apple,M62,1,2022-05-24
DEV000072,018990658697221,Vivo,M31,1,2018-06-22
DEV000073,359401441245220,Tecno,M29,1,2022-02-23
DEV000074,010596470336429,Oppo,M51,0,2026-01-08
DEV000075,010315887850661,Samsung,M65,1,2022-01-05
DEV000076,011483515609513,Oppo,M26,0,2023-04-27
DEV000077,356648110512921,Nokia,M28,0,2020-02-14
DEV000078,355752295083861,Samsung,M35,0,2018-08-30
DEV000079,867947631834299,Samsung,M11,1,2024-08-28
DEV000080,498523461512161,Nokia,M61,0,2023-11-13
DEV000081,359640009256838,Apple,M86,1,2022-10-14
DEV000082,353877765402345,Nokia,M25,1,2019-04-14
DEV000083,496218224792248,Nokia,M61,1,2024-03-11
DEV000084,357167148957922,Apple,M68,1,2025-10-04
DEV000085,865456367988362,Lava,M65,1,2025-02-04
DEV000086,351505954761683,Samsung,M90,0,2023-10-02
DEV000087,019704648555166,Tecno,M36,1,2021-03-04
DEV000088,352348109452552,Vivo,M83,1,2021-08-16
DEV000089,869643522173283,Oppo,M28,1,2023-11-19
DEV000090,869802029172651,Xiaomi,M93,1,2026-01-23
DEV000091,869037155860266,Oppo,M26,1,2019-12-30
DEV000092,352129856724056,Apple,M53,0,2025-01-10
DEV000093,356904761029659,Oppo,M47,1,2026-05-23
DEV000094,013770296705030,Apple,M62,0,2019-11-21
DEV000095,358804093362720,Oppo,M48,1,2019-06-05
DEV000096,493175102958388,Apple,M11,1,2020-04-22
DEV000097,491045351356345,Vivo,M18,1,2018-11-15
DEV000098,352553175504613,OnePlus,M24,1,2020-08-16
DEV000099,354072346150410,Xiaomi,M73,1,2019-09-19
DEV000100,495190348308246,Xiaomi,M36,1,2022-09-26
DEV000101,868585520101543,Oppo,M49,1,2021-06-23
DEV000102,498704264697951,Samsung,M79,1,2021-05-11
DEV000103,490638285041626,Nokia,M52,1,2025-01-23
DEV000104,358286549078723,Apple,M52,1,2022-03-09
DEV000105,011909375770799,OnePlus,M94,0,2025-08-24
DEV000106,350284224170186,Vivo,M90,0,2020-09-04
DEV000107,865210858375581,Realme,M63,0,2019-10-14
DEV000108,869254654763164,Tecno,M21,1,2021-12-20
DEV000109,495237100295964,Vivo,M50,1,2024-04-10
DEV000110,356108537007001,Xiaomi,M10,0,2026-06-01
DEV000111,496548427494640,Apple,M90,1,2018-08-29
DEV000112,350214366594534,Lava,M80,1,2020-05-30
DEV000113,491438381674280,Tecno,M50,0,2018-07-29
DEV000114,017438947528975,Realme,M93,1,2024-10-22
DEV000115,355482562739645,Vivo,M96,0,2019-05-26
DEV000116,350182087163884,Xiaomi,M85,1,2025-08-05
DEV000117,353628134135037,Vivo,M46,1,2026-01-01
DEV000118,867866868998429,Samsung,M12,1,2022-04-28
DEV000119,863785771712196,Tecno,M83,0,2025-10-14
DEV000120,351767070022793,OnePlus,M30,0,2021-06-07
DEV000121,010412266435094,Oppo,M50,1,2026-04-16
DEV000122,357181905974686,Tecno,M82,1,2018-05-16
DEV000123,868580099986696,Realme,M44,1,2021-07-06
DEV000124,357699330381563,Tecno,M51,1,2018-06-20
DEV000125,497381330983143,Apple,M30,1,2023-12-28
DEV000126,869617565779905,OnePlus,M25,1,2020-09-21
DEV000127,012511809545511,Tecno,M94,1,2019-03-04
DEV000128,357330027632727,Realme,M36,0,2020-06-28
DEV000129,862384357993896,Apple,M83,1,2024-04-22
DEV000130,011422632621444,Apple,M35,0,2019-03-12
DEV000131,496868584311623,Xiaomi,M17,0,2025-10-13
DEV000132,354947396543101,Apple,M55,1,2018-09-29
DEV000133,862569647413318,Xiaomi,M55,1,2022-08-26
DEV000134,016160384952605,OnePlus,M75,0,2019-10-08
DEV000135,355614109661595,Realme,M89,0,2019-10-10
DEV000136,356936240885169,Vivo,M26,1,2019-03-02
DEV000137,355741037622654,Tecno,M44,1,2021-08-29
DEV000138,359768933450045,Xiaomi,M89,1,2025-06-23
DEV000139,354047057126568,Apple,M59,0,2025-10-09
DEV000140,353870741420136,Oppo,M89,0,2024-01-13
DEV000141,866898807757468,Apple,M77,1,2026-05-30
DEV000142,016451924279345,OnePlus,M78,1,2025-04-26
DEV000143,016601705939679,Samsung,M23,0,2025-09-17
DEV000144,013767305858217,Tecno,M64,0,2021-02-11
DEV000145,356822431212557,Lava,M74,1,2020-03-11
DEV000146,495027192642108,Realme,M40,1,2022-12-03
DEV000147,867622334501542,Xiaomi,M70,1,2022-02-20
DEV000148,014971279310822,OnePlus,M31,1,2023-05-23
DEV000149,350358087563441,Tecno,M22,0,2018-06-10
DEV000150,863659747091485,Nokia,M98,1,2020-01-29
DEV000151,499308883707990,Xiaomi,M98,1,2026-02-23
DEV000152,865184063929466,Apple,M22,0,2020-04-17
DEV000153,492923359133539,Xiaomi,M57,1,2022-11-04
DEV000154,490662501622043,Vivo,M94,0,2022-12-22
DEV000155,357700378171509,OnePlus,M79,1,2021-04-17
DEV000156,359265951733669,OnePlus,M49,1,2021-02-15
DEV000157,351268881078638,Realme,M17,1,2023-03-17
DEV000158,860781762325586,Lava,M24,1,2026-04-22
DEV000159,350253046740715,Lava,M57,1,2019-04-09
DEV000160,017765439592897,Xiaomi,M42,1,2018-10-26
DEV000161,015347491160846,Nokia,M79,1,2019-05-09
DEV000162,359753014463386,Oppo,M51,1,2021-09-28
DEV000163,862219884813120,Samsung,M55,0,2020-09-30
DEV000164,017205553216853,Apple,M50,1,2022-05-07
DEV000165,493716436111683,Apple,M85,0,2019-07-21
DEV000166,491687478256340,Vivo,M32,1,2018-02-11
DEV000167,357086334453970,Apple,M15,1,2024-05-21
DEV000168,018598771573334,Apple,M38,1,2023-08-06
DEV000169,863894056947614,Tecno,M31,1,2026-04-13
DEV000170,356303816919483,OnePlus,M71,1,2025-04-12
DEV000171,353769823761829,Apple,M87,0,2020-04-16
DEV000172,498790912812120,OnePlus,M37,1,2026-01-06
DEV000173,492257502259315,Realme,M33,0,2019-11-23
DEV000174,011759317261084,Oppo,M51,1,2025-03-26
DEV000175,353883331493259,Oppo,M75,1,2024-06-25
DEV000176,019952535953019,Tecno,M59,1,2024-05-20
DEV000177,860146467503808,Tecno,M51,0,2018-12-15
DEV000178,869836876190751,Samsung,M50,1,2019-02-11
DEV000179,015107498188698,OnePlus,M23,1,2024-03-22
DEV000180,861453948072073,Lava,M42,0,2021-11-21
DEV000181,354023420338739,Lava,M48,1,2020-05-10
DEV000182,357015398740545,Xiaomi,M83,1,2024-07-27
DEV000183,350964614699481,Vivo,M75,0,2025-01-25
DEV000184,351668586778954,Vivo,M27,1,2023-01-20
DEV000185,868268313800337,Lava,M35,0,2022-11-12
DEV000186,354178584770231,Tecno,M26,1,2025-03-07
DEV000187,358259230651176,OnePlus,M81,1,2021-08-24
DEV000188,358328604161430,Apple,M45,1,2025-12-31
DEV000189,867969392055159,Nokia,M10,0,2021-12-25
DEV000190,350818548051436,Lava,M76,0,2023-04-25
DEV000191,019366735216081,Vivo,M48,1,2023-09-11
DEV000192,010939349647933,Apple,M38,1,2021-10-08
DEV000193,358773510597344,Oppo,M62,1,2018-01-09
DEV000194,359912691764982,Apple,M67,1,2021-04-29
DEV000195,865984070547205,Tecno,M27,1,2022-05-10
DEV000196,498878580391272,Nokia,M89,0,2021-10-09
DEV000197,868607294306285,Nokia,M34,0,2021-10-04
DEV000198,355940521989902,Realme,M10,0,2023-07-29
DEV000199,493095146073729,Samsung,M49,1,2025-02-13
DEV000200,352739246783149,OnePlus,M45,1,2018-04-29
DEV000201,868761282612496,Tecno,M80,1,2024-10-31
DEV000202,352336270653811,Vivo,M70,1,2021-09-17
DEV000203,353611538336641,Oppo,M85,1,2023-03-26
DEV000204,493916949739765,Lava,M69,1,2022-04-20
DEV000205,498708179621164,Nokia,M23,1,2018-06-16
DEV000206,018365998016650,Lava,M97,1,2020-07-09
DEV000207,350872670511934,Lava,M78,1,2025-08-15
DEV000208,860914319384155,Vivo,M21,1,2025-12-05
DEV000209,357484252467191,Vivo,M17,1,2025-04-19
DEV000210,359136406958053,Xiaomi,M75,0,2018-07-10
DEV000211,497350318849746,Xiaomi,M59,1,2019-11-07
DEV000212,351940011295207,Nokia,M94,0,2019-02-23
DEV000213,358577873413729,Vivo,M15,0,2023-02-15
DEV000214,356668843316500,Tecno,M79,1,2023-12-21
DEV000215,867249014054394,Vivo,M45,1,2024-12-21
DEV000216,350537256563375,Vivo,M42,1,2021-06-13
DEV000217,352794145509736,Vivo,M35,0,2024-10-07
DEV000218,354207961990971,Tecno,M79,0,2022-10-11
DEV000219,494508830682944,Lava,M25,0,2018-07-31
DEV000220,011811607621098,OnePlus,M88,1,2026-01-29
DEV000221,862422164532442,Realme,M25,1,2019-01-25
DEV000222,013466629136218,Apple,M39,1,2020-11-22
DEV000223,863506884393930,Tecno,M59,1,2025-11-06
DEV000224,493823919294785,Nokia,M45,1,2020-11-16
DEV000225,017632951662156,OnePlus,M91,0,2023-04-21
DEV000226,356374703036635,Lava,M64,1,2018-08-09
DEV000227,010790438935318,Nokia,M34,0,2021-04-06
DEV000228,015224113414811,Realme,M63,0,2024-05-08
DEV000229,013772228556932,Xiaomi,M45,1,2021-12-25
DEV000230,356629668273421,Lava,M82,0,2025-05-01
DEV000231,351963481300430,OnePlus,M28,0,2025-03-14
DEV000232,355393058187621,Oppo,M10,1,2022-10-22
DEV000233,356807687902442,OnePlus,M43,1,2020-03-28
DEV000234,358648409270293,Samsung,M72,0,2020-11-13
DEV000235,862310785778843,OnePlus,M28,0,2022-03-03
DEV000236,351186682726341,Samsung,M20,0,2024-02-14
DEV000237,869977041458865,Xiaomi,M37,1,2020-03-08
DEV000238,863810136240833,Xiaomi,M88,1,2025-08-16
DEV000239,860082244913062,Xiaomi,M10,1,2021-07-25
DEV000240,359419979817637,Samsung,M95,1,2025-05-08
DEV000241,357291269815339,Oppo,M55,1,2024-02-08
DEV000242,496576406336552,Lava,M60,1,2019-04-20
DEV000243,499679693924964,Realme,M39,1,2020-04-02
DEV000244,358519838606962,Realme,M49,0,2024-02-21
DEV000245,866957001503436,Xiaomi,M64,1,2019-12-27
DEV000246,497600427098395,OnePlus,M52,1,2023-11-23
DEV000247,013380536347160,Nokia,M74,1,2022-12-24
DEV000248,352371059602335,Tecno,M75,1,2022-12-31
DEV000249,860842735991920,Xiaomi,M50,1,2025-06-29
DEV000250,492926692362015,Vivo,M47,1,2019-02-21
DEV000251,866920091258535,Oppo,M16,1,2023-06-08
DEV000252,351812307388809,Xiaomi,M90,1,2018-12-24
DEV000253,351275362479902,Apple,M33,0,2025-08-28
DEV000254,358797892930905,Nokia,M70,1,2021-08-01
DEV000255,350906250946663,Samsung,M52,0,2018-01-08
DEV000256,497957571869724,Apple,M12,0,2022-11-22
DEV000257,018776013109864,Realme,M43,1,2018-11-21
DEV000258,012955471200733,Xiaomi,M59,1,2024-01-08
DEV000259,351924241296352,Tecno,M73,1,2019-07-17
DEV000260,860130653323961,Tecno,M19,0,2025-06-01
DEV000261,497606125174341,Realme,M25,1,2021-06-28
DEV000262,358939031696468,OnePlus,M76,1,2019-09-07
DEV000263,357904660055934,Xiaomi,M84,1,2024-06-07
DEV000264,019916159028791,Lava,M29,1,2019-12-10
DEV000265,017048601656126,Oppo,M65,1,2021-09-22
DEV000266,011251628026145,Realme,M29,0,2025-06-08
DEV000267,352671617277536,Tecno,M82,0,2020-11-27
DEV000268,351035807710915,Realme,M17,0,2020-11-05
DEV000269,016084674072484,Samsung,M23,1,2024-12-31
DEV000270,860612687370147,Oppo,M89,1,2023-08-20
DEV000271,350896586146928,Xiaomi,M98,1,2024-07-14
DEV000272,498757412287672,Samsung,M96,1,2021-06-16
DEV000273,492844329081166,Samsung,M86,0,2019-12-31
DEV000274,869561361510035,Nokia,M43,1,2024-05-31
DEV000275,351521926936093,Tecno,M73,1,2020-02-18
DEV000276,498328453812910,OnePlus,M65,0,2021-01-08
DEV000277,350086665815396,Vivo,M58,1,2020-09-16
DEV000278,358836808988095,Vivo,M31,1,2024-09-17
DEV000279,018175525391255,Apple,M27,0,2018-04-26
DEV000280,353078371642946,OnePlus,M22,1,2021-12-16
DEV000281,350857471771557,OnePlus,M47,1,2025-09-29
DEV000282,862246963181588,Tecno,M88,1,2024-07-30
DEV000283,351877671294411,Xiaomi,M57,1,2018-01-09
DEV000284,018805951556742,OnePlus,M48,1,2020-01-20
DEV000285,014005799798438,Xiaomi,M53,1,2023-06-11
DEV000286,351074655065305,Realme,M93,0,2018-01-28
DEV000287,351573664096805,Xiaomi,M32,1,2020-05-11
DEV000288,862804369174233,Lava,M16,0,2025-04-12
DEV000289,351918098174556,Realme,M67,0,2025-02-26
DEV000290,493948742243499,Samsung,M85,0,2020-04-02
DEV000291,010495069251912,Xiaomi,M54,1,2022-10-23
DEV000292,865120987554679,Samsung,M11,1,2021-12-20
DEV000293,490128087034114,OnePlus,M35,1,2018-10-30
DEV000294,492509179261190,Lava,M17,1,2021-08-27
DEV000295,866123933818947,Apple,M90,1,2025-05-01
DEV000296,356887727538664,Lava,M86,1,2025-12-07
DEV000297,865200298904261,Tecno,M98,1,2024-01-31
DEV000298,016892924768073,Realme,M52,1,2024-05-25
DEV000299,353154636762131,OnePlus,M11,1,2024-11-28
DEV000300,864073284568899,Vivo,M28,1,2023-11-19
DEV000301,491082281940332,Oppo,M82,1,2023-02-17
DEV000302,356124920184353,Tecno,M70,0,2018-02-19
DEV000303,017272878184146,Nokia,M58,1,2025-07-25
DEV000304,352670946186772,Xiaomi,M62,0,2021-02-14
DEV000305,497595796337113,Tecno,M35,1,2023-03-15
DEV000306,491650817037614,Vivo,M51,1,2019-09-18
DEV000307,491702005550185,Nokia,M77,1,2018-08-22
DEV000308,350293940996561,Nokia,M81,1,2022-01-07
DEV000309,013874437305351,Tecno,M63,1,2023-06-22
DEV000310,868521200416488,Apple,M21,0,2022-02-15
DEV000311,018699800881489,Oppo,M79,1,2021-06-27
DEV000312,019624132459129,Vivo,M96,0,2021-03-15
DEV000313,351363543133114,Realme,M97,0,2026-05-12
DEV000314,015478399049796,Xiaomi,M12,1,2026-03-15
DEV000315,356850989479398,Lava,M92,1,2022-04-26
DEV000316,490855026259912,Oppo,M96,0,2020-08-31
DEV000317,865982218987012,OnePlus,M29,1,2025-09-04
DEV000318,356180203155671,Nokia,M50,1,2022-08-10
DEV000319,497019827717953,OnePlus,M73,1,2025-02-08
DEV000320,354047873748058,Realme,M25,0,2023-03-12
DEV000321,860739701631620,Tecno,M50,1,2018-09-25
DEV000322,868384607491692,Lava,M25,1,2021-08-17
DEV000323,869604751042426,Apple,M81,1,2022-03-14
DEV000324,017608307354608,Samsung,M72,1,2025-11-28
DEV000325,351958736063404,Apple,M20,0,2018-05-30
DEV000326,492395327918233,Vivo,M25,1,2019-05-02
DEV000327,861188069043897,Xiaomi,M23,1,2023-10-01
DEV000328,359120624418507,Xiaomi,M95,0,2022-09-15
DEV000329,862315260579488,Xiaomi,M50,1,2023-12-12
DEV000330,351544751245735,Nokia,M96,1,2024-01-25
DEV000331,867403169474345,Xiaomi,M78,1,2026-06-11
DEV000332,355476424944282,Realme,M79,1,2023-10-09
DEV000333,357690463507739,Xiaomi,M80,0,2021-10-15
DEV000334,493445565824765,Lava,M27,1,2021-07-19
DEV000335,355160080443582,Vivo,M53,0,2019-03-11
DEV000336,497076034530078,Vivo,M45,1,2019-09-27
DEV000337,866390019907391,Oppo,M81,0,2020-10-09
DEV000338,352892176960388,Vivo,M43,1,2023-11-22
DEV000339,355409461745562,Vivo,M72,1,2018-06-07
DEV000340,491513006340962,Xiaomi,M32,0,2024-08-02
DEV000341,498530445675989,Xiaomi,M81,0,2022-07-12
DEV000342,864335085112742,Lava,M93,0,2022-04-20
DEV000343,356576829967281,Realme,M49,1,2026-03-25
DEV000344,357868042887899,Realme,M51,0,2023-11-21
DEV000345,491393474950049,Oppo,M18,1,2022-01-06
DEV000346,016826814155014,Oppo,M52,0,2018-02-26
DEV000347,351733759112864,Xiaomi,M39,1,2023-11-07
DEV000348,863409170895748,Vivo,M77,1,2023-07-30
DEV000349,357949317332201,OnePlus,M32,1,2025-12-07
DEV000350,492743585693281,Nokia,M43,0,2020-10-03
DEV000351,351549475046531,Oppo,M31,1,2025-05-03
DEV000352,358032602974802,Apple,M68,1,2025-10-04
DEV000353,493110848557931,Tecno,M97,0,2020-07-07
DEV000354,014778015260745,Lava,M59,1,2024-12-18
DEV000355,357830030564416,Apple,M80,1,2024-02-25
DEV000356,494828758331838,Tecno,M12,0,2019-06-16
DEV000357,867220895809011,Apple,M19,1,2021-03-07
DEV000358,497143648936172,Apple,M86,0,2023-08-13
DEV000359,013983745374011,Realme,M59,1,2026-06-13
DEV000360,495401624295552,Vivo,M75,1,2024-05-25
DEV000361,492686108447609,Nokia,M73,1,2024-07-19
DEV000362,019456069559919,Apple,M32,0,2020-12-26
DEV000363,014694307498206,Tecno,M70,0,2025-03-30
DEV000364,356804779001388,Lava,M56,1,2025-07-15
DEV000365,351898926629367,Nokia,M42,1,2025-05-05
DEV000366,869143942074803,Xiaomi,M52,1,2023-02-19
DEV000367,358698683017762,Realme,M61,1,2025-07-19
DEV000368,352745379569685,Realme,M60,0,2025-09-18
DEV000369,355413728291272,Xiaomi,M61,0,2020-08-07
DEV000370,354943405013686,Xiaomi,M87,1,2025-08-07
DEV000371,353758130121701,Tecno,M84,0,2021-03-06
DEV000372,490943201302235,Tecno,M91,1,2021-11-24
DEV000373,491870013651227,Samsung,M18,1,2022-01-18
DEV000374,351808293807436,Lava,M53,0,2025-03-27
DEV000375,354827596559870,OnePlus,M90,0,2025-08-11
DEV000376,353008710623596,Xiaomi,M60,1,2019-03-19
DEV000377,354301604263758,Tecno,M86,1,2026-04-05
DEV000378,358301008495254,Oppo,M14,0,2026-05-14
DEV000379,011889345764945,Nokia,M74,1,2023-02-03
DEV000380,354118727429332,Xiaomi,M69,1,2018-10-15
DEV000381,352319379804463,Samsung,M10,1,2024-06-13
DEV000382,864262811507162,Lava,M82,0,2020-04-26
DEV000383,860757046483715,Apple,M36,0,2020-02-29
DEV000384,355226124713057,Realme,M10,1,2025-12-17
DEV000385,351917066935484,Tecno,M23,0,2018-04-05
DEV000386,493198504788259,Apple,M59,1,2019-03-06
DEV000387,355773641402268,Tecno,M54,1,2019-12-21
DEV000388,354846180288235,Tecno,M74,1,2021-04-11
DEV000389,869222821021521,Vivo,M44,1,2023-11-25
DEV000390,350506715663688,Apple,M65,1,2025-06-14
DEV000391,863077262928754,Samsung,M47,1,2025-11-26
DEV000392,350219124164471,Tecno,M62,0,2024-01-11
DEV000393,359323174848740,Xiaomi,M57,1,2018-02-23
DEV000394,017644932293300,Nokia,M49,1,2020-02-22
DEV000395,353104988069440,Samsung,M62,0,2023-03-04
DEV000396,351517827335023,Xiaomi,M49,1,2023-06-08
DEV000397,861198644713340,Xiaomi,M76,1,2024-09-22
DEV000398,358720679723847,Realme,M75,0,2023-10-05
DEV000399,355490010380120,Xiaomi,M82,1,2020-11-19
DEV000400,016990336545311,Apple,M71,1,2021-05-16
DEV000401,494629567230854,Apple,M45,1,2021-04-21
DEV000402,494493747908874,OnePlus,M79,1,2020-04-12
DEV000403,016422608175979,Samsung,M24,0,2019-01-13
DEV000404,496899570411857,Vivo,M51,1,2019-05-30
DEV000405,010645334956926,Oppo,M11,1,2023-10-19
DEV000406,866083523391994,Lava,M63,1,2025-04-22
DEV000407,491596699149823,Apple,M17,1,2018-11-23
DEV000408,491327147118568,Vivo,M11,1,2018-07-24
DEV000409,359874270189728,Vivo,M87,0,2023-08-11
DEV000410,499447749205037,Xiaomi,M81,0,2023-05-31
DEV000411,352191677108661,Tecno,M45,1,2020-10-10
DEV000412,353430674167120,Vivo,M85,1,2024-11-09
DEV000413,359796887899725,Oppo,M35,0,2019-05-28
DEV000414,012588858212402,Realme,M37,1,2020-10-21
DEV000415,351296764249547,Nokia,M62,1,2024-07-22
DEV000416,864782213258804,Nokia,M61,1,2019-06-07
DEV000417,868646412663050,Tecno,M62,1,2020-06-19
DEV000418,864975744510159,Tecno,M81,1,2022-01-18
DEV000419,357200102927186,Realme,M27,0,2024-12-08
DEV000420,358038650306662,Apple,M93,1,2023-07-26
DEV000421,012013320573713,Tecno,M45,1,2026-05-23
DEV000422,491277719101643,OnePlus,M15,1,2026-05-02
DEV000423,354499271108374,Tecno,M17,1,2024-06-13
DEV000424,350418656738566,Oppo,M95,0,2024-02-19
DEV000425,353726034631789,Tecno,M10,1,2022-07-13
DEV000426,860744722764398,Xiaomi,M24,1,2019-11-13
DEV000427,495198287048591,Apple,M87,1,2024-04-29
DEV000428,355236137753423,Oppo,M55,0,2018-12-05
DEV000429,352067238278140,OnePlus,M86,1,2023-06-25
DEV000430,354983864887884,Nokia,M35,1,2019-10-01
DEV000431,357578047994121,OnePlus,M44,1,2023-11-10
DEV000432,011687700184849,Apple,M65,1,2025-01-06
DEV000433,499687992863080,Realme,M51,0,2020-06-26
DEV000434,012408274619819,OnePlus,M49,1,2020-04-25
DEV000435,862623763459624,OnePlus,M36,0,2025-01-13
DEV000436,860777810881308,Apple,M66,1,2021-01-10
DEV000437,353169962139238,Lava,M25,1,2018-12-13
DEV000438,359748542084819,Vivo,M83,0,2025-05-03
DEV000439,353892166224165,Apple,M61,0,2020-03-22
DEV000440,354438051589522,Nokia,M71,1,2020-06-21
DEV000441,359563944532210,Nokia,M94,1,2018-12-31
DEV000442,868167279664104,Samsung,M19,1,2020-08-13
DEV000443,019207310837085,Tecno,M10,1,2020-04-30
DEV000444,013424645220392,Oppo,M81,1,2021-12-17
DEV000445,861854378262595,Oppo,M53,1,2025-06-27
DEV000446,863899347584371,Oppo,M10,1,2023-06-21
DEV000447,350620922751586,Tecno,M53,0,2025-04-06
DEV000448,495085624555382,Xiaomi,M97,1,2018-05-29
DEV000449,358565851379721,Nokia,M51,0,2021-12-24
DEV000450,358689397770428,Apple,M93,1,2024-08-05
DEV000451,499704220244584,Tecno,M16,1,2020-06-22
DEV000452,352402418798786,Apple,M85,0,2019-09-16
DEV000453,869840104880748,Oppo,M77,1,2019-04-04
DEV000454,496378628250991,Oppo,M27,1,2025-08-20
DEV000455,355685142370486,Apple,M57,1,2019-02-28
DEV000456,350275789868774,Lava,M25,0,2019-05-09
DEV000457,354812479560506,Realme,M15,1,2021-10-09
DEV000458,864856758499005,Tecno,M71,1,2024-08-17
DEV000459,017927085531664,Apple,M17,1,2020-07-27
DEV000460,354689896327756,Oppo,M12,0,2022-02-19
DEV000461,358348403628993,Apple,M51,1,2020-11-30
DEV000462,019939190011280,Oppo,M16,0,2026-02-12
DEV000463,498845930506994,Lava,M72,1,2026-01-15
DEV000464,496432631424384,Realme,M91,1,2026-01-16
DEV000465,862314211253403,Oppo,M43,1,2021-04-17
DEV000466,492111259667957,OnePlus,M22,1,2024-11-05
DEV000467,498476505476745,Oppo,M93,1,2018-12-02
DEV000468,356782362784239,Nokia,M94,1,2021-07-06
DEV000469,019194066942507,Apple,M52,1,2019-09-16
DEV000470,015933841962192,Lava,M54,0,2026-04-15
DEV000471,490110843990167,Vivo,M55,1,2021-12-14
DEV000472,490025300958402,Vivo,M92,0,2021-06-08
DEV000473,494558489116613,Nokia,M40,1,2025-11-11
DEV000474,351026233329614,Tecno,M41,0,2018-02-06
DEV000475,357619730141116,Samsung,M89,0,2025-07-14
DEV000476,860449796977151,Nokia,M59,1,2023-06-23
DEV000477,351280024318103,Samsung,M88,1,2019-10-22
DEV000478,490737715061388,Samsung,M59,0,2021-01-11
DEV000479,356105726528469,Xiaomi,M51,1,2021-08-06
DEV000480,350949305534001,Tecno,M49,1,2021-03-15
DEV000481,358875699908569,Tecno,M26,1,2019-09-22
DEV000482,860449818958129,Vivo,M91,1,2025-01-04
DEV000483,359709649654597,Samsung,M17,0,2025-04-19
DEV000484,350735015348420,Tecno,M97,0,2024-04-06
DEV000485,355326625287165,Tecno,M98,1,2020-11-15
DEV000486,018399120615594,Lava,M84,0,2023-11-22
DEV000487,352271967031055,Vivo,M73,1,2023-12-08
DEV000488,358796087099937,Apple,M44,0,2023-01-28
DEV000489,865461280543910,Vivo,M27,1,2025-01-17
DEV000490,352683970073498,Apple,M34,1,2019-04-12
DEV000491,019798845542731,Samsung,M54,1,2022-08-11
DEV000492,354359790356512,Xiaomi,M63,0,2024-10-02
DEV000493,017957651396018,Vivo,M22,1,2019-01-04
DEV000494,358512461255955,OnePlus,M86,1,2020-10-06
DEV000495,861425603518375,Vivo,M41,1,2023-08-18
DEV000496,358678000133030,Oppo,M88,1,2022-01-04
DEV000497,359551462301378,Xiaomi,M80,0,2024-09-02
DEV000498,496652685307447,Samsung,M22,1,2025-12-16
DEV000499,499907370743481,Nokia,M54,1,2018-06-11
DEV000500,869809655904214,OnePlus,M75,1,2022-11-11
DEV000501,353444807738344,Apple,M34,1,2020-06-27
DEV000502,498568389050523,OnePlus,M75,1,2023-06-17
DEV000503,866805245795172,Samsung,M58,1,2024-06-20
DEV000504,867838164537667,Xiaomi,M42,1,2025-12-25
DEV000505,867425871167146,Realme,M31,0,2022-02-10
DEV000506,359122667555384,Vivo,M70,1,2026-05-01
DEV000507,354096198432202,Vivo,M30,0,2021-05-01
DEV000508,355215627831237,Oppo,M28,1,2025-02-20
DEV000509,495761082883467,Tecno,M16,1,2022-03-22
DEV000510,014563352526153,Tecno,M80,0,2022-04-10
DEV000511,017761648042107,Samsung,M90,0,2022-10-20
DEV000512,356277271135695,Oppo,M72,1,2018-10-03
DEV000513,012585958013262,Oppo,M48,1,2024-07-25
DEV000514,490974865312852,Apple,M31,1,2024-10-01
DEV000515,351449328955792,Xiaomi,M76,1,2021-09-13
DEV000516,010580736561187,Nokia,M43,1,2023-05-16
DEV000517,492856007388957,Samsung,M92,1,2024-02-22
DEV000518,491069767558312,Xiaomi,M17,1,2019-03-06
DEV000519,866592665093738,Samsung,M17,1,2020-03-15
DEV000520,491060140336766,Tecno,M24,1,2021-12-07
DEV000521,499100331675907,OnePlus,M32,1,2018-02-02
DEV000522,492793057964380,Lava,M67,0,2020-04-30
DEV000523,017094442740769,OnePlus,M45,1,2019-04-25
DEV000524,491920841222034,Lava,M73,1,2022-11-08
DEV000525,018640229483027,Realme,M11,0,2023-10-25
DEV000526,010839366666266,Samsung,M74,0,2021-10-14
DEV000527,352438701769314,Oppo,M13,1,2024-01-06
DEV000528,497588871436532,Tecno,M35,1,2024-10-01
DEV000529,350606792449393,Realme,M34,1,2019-07-04
DEV000530,350468408940949,Vivo,M43,1,2020-12-30
DEV000531,862956758493193,Nokia,M46,1,2019-09-21
DEV000532,354172228304860,Nokia,M77,1,2023-11-16
DEV000533,351105068358774,OnePlus,M60,1,2019-03-11
DEV000534,358640537670419,Apple,M24,1,2019-01-01
DEV000535,494606251048284,Samsung,M19,1,2026-05-23
DEV000536,016966264897300,Xiaomi,M33,1,2018-09-18
DEV000537,353495522576501,Samsung,M69,1,2024-10-30
DEV000538,862347190574171,Tecno,M36,1,2018-12-15
DEV000539,864958069530201,Vivo,M36,1,2021-10-17
DEV000540,869385037970350,Oppo,M84,0,2022-01-21
DEV000541,018731460104759,Nokia,M56,1,2021-07-03
DEV000542,867877112781616,Vivo,M23,1,2024-01-13
DEV000543,491632839677572,Realme,M87,1,2022-01-08
DEV000544,863649569175788,Oppo,M14,1,2026-03-20
DEV000545,862063360660275,Apple,M86,0,2026-02-26
DEV000546,355331640079659,Lava,M82,1,2024-04-28
DEV000547,353580994567260,Lava,M20,1,2019-02-09
DEV000548,358845243452439,OnePlus,M75,1,2023-06-24
DEV000549,868797004085329,Xiaomi,M70,1,2022-01-04
DEV000550,496015004385288,OnePlus,M84,1,2019-04-01
DEV000551,865634431216908,Tecno,M17,1,2020-03-16
DEV000552,355721789402669,Nokia,M97,1,2021-02-13
DEV000553,494681620268833,Nokia,M21,1,2019-01-13
DEV000554,499685126739089,OnePlus,M85,0,2020-11-17
DEV000555,016738575171456,Realme,M31,1,2021-01-05
DEV000556,351090539040043,Oppo,M43,1,2024-03-20
DEV000557,013387657582401,Lava,M39,1,2021-12-26
DEV000558,861434204249395,Nokia,M65,1,2025-07-08
DEV000559,351034902255907,OnePlus,M18,0,2024-03-29
DEV000560,350320663177120,Realme,M80,1,2025-12-19
DEV000561,862036999575385,Samsung,M92,1,2024-07-21
DEV000562,496136173696546,Samsung,M90,0,2021-08-10
DEV000563,357429129304310,Xiaomi,M96,1,2018-05-15
DEV000564,490399898905210,Apple,M27,1,2023-04-29
DEV000565,358615553513597,Realme,M17,1,2022-08-25
DEV000566,357164799097427,Realme,M41,0,2018-05-28
DEV000567,352101923702668,Tecno,M96,1,2024-09-16
DEV000568,492652136524394,Oppo,M36,0,2021-09-24
DEV000569,359744468717497,Samsung,M88,1,2021-08-24
DEV000570,358071796532177,Samsung,M85,1,2023-07-17
DEV000571,013841273106388,Xiaomi,M52,1,2018-01-29
DEV000572,013048272155032,Tecno,M91,1,2023-08-23
DEV000573,351682187406490,Realme,M31,1,2020-10-13
DEV000574,014093069482724,Xiaomi,M42,0,2021-03-21
DEV000575,356881134698415,Tecno,M80,0,2021-10-12
DEV000576,358900091325313,Xiaomi,M29,0,2026-01-31
DEV000577,356891008729243,Realme,M84,1,2026-01-04
DEV000578,493967739232519,Xiaomi,M31,1,2023-08-27
DEV000579,866287344876216,Tecno,M96,1,2018-11-04
DEV000580,869826961952546,Apple,M77,1,2023-09-11
DEV000581,354102680330767,Tecno,M55,1,2024-04-14
DEV000582,356282308803555,Tecno,M80,1,2018-12-24
DEV000583,496295230530514,Vivo,M32,1,2023-08-14
DEV000584,865466223088612,Apple,M76,0,2024-05-22
DEV000585,865865581284854,Apple,M14,0,2022-11-06
DEV000586,491161741352704,Samsung,M77,0,2023-05-03
DEV000587,864157750144169,Tecno,M98,1,2018-06-08
DEV000588,016613392628918,Lava,M35,0,2024-01-18
DEV000589,355151349072820,Apple,M52,1,2021-06-26
DEV000590,353317180351649,Apple,M42,1,2021-09-02
DEV000591,354582308606422,Nokia,M71,1,2024-06-20
DEV000592,869817146421398,Nokia,M48,1,2020-10-27
DEV000593,860225078956514,Lava,M57,1,2022-04-02
DEV000594,869753357361059,Samsung,M78,0,2025-11-18
DEV000595,868108843832133,Realme,M20,0,2025-04-22
DEV000596,357309019134680,Samsung,M16,1,2022-08-23
DEV000597,863489026218193,Lava,M85,1,2021-05-12
DEV000598,497865386364586,Tecno,M50,0,2021-01-12
DEV000599,354450784902969,Apple,M87,1,2022-09-18
DEV000600,354437662772864,Oppo,M12,1,2024-06-26
DEV000601,490703369224949,Nokia,M98,1,2026-06-06
DEV000602,492974401216109,OnePlus,M12,1,2021-11-03
DEV000603,357336733391226,Realme,M48,1,2019-10-05
DEV000604,868177817031454,Xiaomi,M74,1,2018-12-25
DEV000605,352531411247880,Nokia,M44,1,2023-11-22
DEV000606,863781141115180,Oppo,M16,1,2020-04-30
DEV000607,492221665487861,Oppo,M90,1,2024-01-29
DEV000608,019668492705625,Realme,M50,0,2023-03-23
DEV000609,494952525608844,Nokia,M97,1,2023-06-15
DEV000610,359480373610182,Samsung,M24,1,2022-10-06
DEV000611,354002520743464,Oppo,M78,1,2023-08-27
DEV000612,358202542003159,Samsung,M73,1,2018-05-23
DEV000613,016164131848034,Realme,M74,1,2026-03-30
DEV000614,351290421408011,Nokia,M49,0,2020-05-01
DEV000615,495790603209916,Apple,M30,1,2024-06-16
DEV000616,355900727495919,OnePlus,M84,1,2025-03-28
DEV000617,860748377681039,Realme,M45,1,2019-01-08
DEV000618,492528318704506,Vivo,M73,0,2021-04-12
DEV000619,017633475949338,Vivo,M18,0,2024-10-05
DEV000620,019231387042510,Apple,M78,1,2025-12-27
DEV000621,010950264187239,Lava,M86,1,2024-05-30
DEV000622,499193649133648,Samsung,M98,1,2018-09-05
DEV000623,358242110702883,Vivo,M63,1,2024-07-10
DEV000624,863645495092432,Xiaomi,M49,0,2024-01-02
DEV000625,356609646782684,Samsung,M36,1,2023-07-18
DEV000626,354174553934581,Tecno,M21,1,2020-06-07
DEV000627,358470710855548,Samsung,M98,1,2023-03-15
DEV000628,353063368839390,OnePlus,M95,1,2018-02-03
DEV000629,491556370277020,Apple,M41,1,2019-01-23
DEV000630,494150723895428,Lava,M66,1,2023-08-21
DEV000631,350463671457899,OnePlus,M39,1,2018-07-25
DEV000632,497565702316283,Vivo,M96,1,2023-12-28
DEV000633,861614370912560,Tecno,M93,1,2021-07-11
DEV000634,490656320037456,Realme,M17,1,2025-02-08
DEV000635,017908158939205,Tecno,M31,0,2026-05-07
DEV000636,492690726310688,Xiaomi,M94,1,2026-05-14
DEV000637,018888288724808,OnePlus,M95,0,2022-05-25
DEV000638,860515853315418,Tecno,M42,0,2022-07-31
DEV000639,860858243055812,Lava,M60,1,2019-06-16
DEV000640,357957581186360,Tecno,M94,0,2023-02-23
DEV000641,359361732714589,Vivo,M82,0,2024-01-24
DEV000642,351339590754114,Lava,M34,1,2019-04-14
DEV000643,497327528820958,Samsung,M89,0,2021-06-09
DEV000644,017984312647388,OnePlus,M76,1,2024-04-16
DEV000645,353909880325428,Lava,M64,0,2021-05-12
DEV000646,357082068086367,OnePlus,M30,0,2019-05-12
DEV000647,356277789283883,Xiaomi,M29,1,2021-07-15
DEV000648,491205690764767,Nokia,M27,0,2019-10-08
DEV000649,869425775138249,Oppo,M48,0,2025-01-03
DEV000650,014626657540170,Realme,M15,1,2021-03-13
DEV000651,011788007192106,Nokia,M23,1,2024-12-19
DEV000652,352386042019000,OnePlus,M87,1,2021-05-23
DEV000653,491196140045685,Xiaomi,M53,1,2021-05-06
DEV000654,497152832642692,Realme,M33,1,2022-09-08
DEV000655,017143748322542,Apple,M39,1,2018-01-06
DEV000656,356203646009878,Nokia,M68,0,2025-09-16
DEV000657,019284617880414,Vivo,M36,1,2026-01-10
DEV000658,017155899254023,OnePlus,M46,0,2023-02-27
DEV000659,356414537336869,Samsung,M30,1,2020-10-29
DEV000660,355084076697915,Nokia,M77,1,2021-06-09
DEV000661,013803672300791,Xiaomi,M53,0,2022-03-21
DEV000662,354018980538826,Tecno,M72,1,2022-08-21
DEV000663,017639532115132,Samsung,M28,0,2021-05-31
DEV000664,494998959562872,Apple,M18,1,2021-02-20
DEV000665,356237558220431,Oppo,M40,1,2024-03-03
DEV000666,355577515473827,Oppo,M81,1,2022-01-08
DEV000667,493108094502549,Lava,M31,0,2024-04-30
DEV000668,355404789439287,Vivo,M87,1,2021-09-09
DEV000669,351906774680394,Samsung,M70,1,2021-12-04
DEV000670,494611329883332,OnePlus,M25,1,2026-05-21
DEV000671,353153114123312,Nokia,M97,1,2025-02-11
DEV000672,012855153063379,Nokia,M40,0,2024-03-01
DEV000673,491759927114797,Vivo,M47,1,2025-11-10
DEV000674,014880873612612,Realme,M61,0,2024-06-11
DEV000675,865049367776399,Lava,M52,1,2019-06-25
DEV000676,356572467468858,Samsung,M22,0,2019-12-31
DEV000677,010765580398586,Nokia,M31,1,2018-09-05
DEV000678,863414323535573,Apple,M55,1,2021-04-06
DEV000679,490007901319859,Samsung,M45,1,2018-03-13
DEV000680,013748344834594,Tecno,M91,1,2024-12-04
DEV000681,353873072102691,Lava,M87,1,2022-02-13
DEV000682,492388506509432,Xiaomi,M13,1,2026-02-18
DEV000683,862898281368331,OnePlus,M50,1,2023-10-08
DEV000684,490604256120471,Xiaomi,M68,1,2024-08-09
DEV000685,358496405431502,OnePlus,M75,1,2026-04-09
DEV000686,359049076670422,OnePlus,M45,0,2023-05-08
DEV000687,868810063939923,Samsung,M21,1,2025-04-14
DEV000688,017412754365427,OnePlus,M85,0,2024-11-27
DEV000689,350155256498768,Nokia,M48,0,2023-10-07
DEV000690,014830621739222,Vivo,M14,1,2022-02-27
DEV000691,010903018620287,Oppo,M19,1,2022-01-02
DEV000692,498506315862852,Vivo,M31,1,2020-06-03
DEV000693,356446776982924,Oppo,M15,1,2025-03-16
DEV000694,355620186114516,OnePlus,M70,1,2022-04-16
DEV000695,867923013768859,Lava,M26,1,2019-11-19
DEV000696,012364460113238,Apple,M12,0,2019-01-07
DEV000697,359961848332794,Vivo,M15,1,2020-02-17
DEV000698,867607755622925,Vivo,M70,1,2025-04-10
DEV000699,014484423902875,Tecno,M74,1,2022-08-24
DEV000700,494138417741180,Oppo,M33,1,2023-02-16
DEV000701,868248775320903,Samsung,M66,1,2023-03-05
DEV000702,490759349468271,Nokia,M61,0,2020-12-06
DEV000703,496871391590764,Realme,M89,1,2022-03-19
DEV000704,497272292649866,Lava,M37,1,2025-03-22
DEV000705,496679812675994,Lava,M79,1,2019-10-06
DEV000706,495337389930829,Nokia,M63,0,2026-02-15
DEV000707,865314704249933,Xiaomi,M71,0,2018-09-10
DEV000708,863815910668447,Lava,M19,1,2024-11-15
DEV000709,861820813805462,Apple,M45,1,2022-10-26
DEV000710,359642598394270,Nokia,M51,1,2025-11-18
DEV000711,015421164468160,Realme,M59,1,2024-08-26
DEV000712,497150092110199,Vivo,M94,1,2024-11-14
DEV000713,012389671425476,Samsung,M93,0,2022-03-27
DEV000714,350439479982883,OnePlus,M78,0,2021-06-11
DEV000715,353372406559677,Realme,M67,1,2024-06-17
DEV000716,493486233888709,Oppo,M17,1,2018-03-06
DEV000717,860233295927887,Xiaomi,M89,1,2021-11-05
DEV000718,357687350358154,Apple,M35,0,2021-09-24
DEV000719,356988352007867,Lava,M71,0,2020-01-07
DEV000720,861435551982219,OnePlus,M73,0,2022-07-19
DEV000721,011909370305017,Samsung,M60,0,2019-02-07
DEV000722,358181504978137,Oppo,M59,0,2018-10-21
DEV000723,492487239857946,Realme,M13,1,2020-09-18
DEV000724,862541709408432,Realme,M41,0,2021-07-21
DEV000725,861953192106849,Realme,M97,1,2023-08-16
DEV000726,356013742870112,Lava,M89,1,2023-01-26
DEV000727,358968066663207,OnePlus,M59,1,2021-12-25
DEV000728,356527538363554,Tecno,M88,0,2024-02-17
DEV000729,359713174791488,OnePlus,M83,1,2018-05-21
DEV000730,016344254060430,Nokia,M78,1,2019-10-14
DEV000731,860673512761284,OnePlus,M39,1,2022-08-29
DEV000732,354514309128690,Realme,M76,1,2022-05-17
DEV000733,353498763228653,Realme,M15,0,2019-04-20
DEV000734,350905544914132,Nokia,M82,1,2023-02-18
DEV000735,491253240743615,Apple,M74,1,2022-10-05
DEV000736,358442584275811,Oppo,M86,1,2023-05-17
DEV000737,010682867006260,Vivo,M56,1,2019-01-29
DEV000738,356467887422422,Oppo,M32,1,2020-06-28
DEV000739,355909334271050,Samsung,M85,1,2023-12-31
DEV000740,017364771502735,Realme,M29,1,2020-08-15
DEV000741,495543706954594,Apple,M86,1,2018-09-23
DEV000742,019950060002253,Lava,M53,1,2022-09-27
DEV000743,015785038944990,Xiaomi,M33,1,2018-12-21
DEV000744,017421730806860,Oppo,M14,0,2021-08-27
DEV000745,860773924765259,Vivo,M74,0,2022-10-09
DEV000746,012822528215182,Vivo,M23,0,2020-12-03
DEV000747,352257555215973,Lava,M40,1,2021-07-14
DEV000748,869617927371231,Tecno,M25,1,2018-05-13
DEV000749,018197599385163,Realme,M75,0,2022-04-09
DEV000750,011122510558585,Nokia,M79,1,2022-01-09
DEV000751,864462627748436,Apple,M10,0,2026-04-16
DEV000752,866111086806791,Vivo,M32,1,2018-09-24
DEV000753,350482857044212,Nokia,M13,0,2026-03-06
DEV000754,351987078210211,Samsung,M81,1,2018-12-27
DEV000755,352910188616263,Lava,M44,0,2025-04-20
DEV000756,357250849857176,Xiaomi,M66,1,2018-01-02
DEV000757,015878650324491,OnePlus,M68,1,2023-08-13
DEV000758,353807362289013,Oppo,M51,1,2020-11-02
DEV000759,869862120830374,Samsung,M15,0,2025-03-17
DEV000760,354571126087704,Realme,M85,1,2025-04-08
DEV000761,358503364790712,Nokia,M24,1,2018-01-17
DEV000762,018841469469266,Oppo,M98,1,2025-01-12
DEV000763,499621172515767,Oppo,M39,1,2021-03-25
DEV000764,357759982303019,Lava,M28,1,2024-11-29
DEV000765,013338499553788,Vivo,M19,1,2025-04-16
DEV000766,354518656352045,OnePlus,M27,1,2018-05-13
DEV000767,354671284461065,Samsung,M51,1,2019-06-06
DEV000768,016207174563786,Lava,M34,1,2022-06-08
DEV000769,356191613664100,Vivo,M61,1,2018-01-09
DEV000770,355484145481889,Oppo,M66,0,2021-11-25
DEV000771,866687555671096,Realme,M67,1,2019-07-30
DEV000772,354241634345778,Oppo,M61,1,2025-06-05
DEV000773,862452698892151,Tecno,M48,1,2020-08-14
DEV000774,019086993368553,OnePlus,M23,1,2019-11-26
DEV000775,013340868393837,Tecno,M81,0,2020-04-24
DEV000776,498900433749738,Nokia,M80,1,2018-08-24
DEV000777,865811552406997,Vivo,M91,0,2018-09-26
DEV000778,357504073118635,Xiaomi,M43,0,2019-03-16
DEV000779,019496865670042,Realme,M30,1,2024-01-05
DEV000780,015345249963055,Apple,M59,1,2018-04-14
DEV000781,869636104341669,Nokia,M52,1,2020-05-17
DEV000782,353199830827728,Realme,M36,0,2020-09-16
DEV000783,012149767263263,Xiaomi,M89,1,2018-02-13
DEV000784,019120987694184,Realme,M50,1,2019-04-01
DEV000785,017842487151618,Nokia,M19,1,2024-03-10
DEV000786,357917347623954,Tecno,M94,0,2024-10-07
DEV000787,359405168434761,OnePlus,M30,1,2025-04-22
DEV000788,352071825345897,Tecno,M42,0,2023-06-12
DEV000789,350893704653872,Vivo,M62,1,2021-05-09
DEV000790,868775769214666,Samsung,M45,1,2018-06-11
DEV000791,357531896895715,Apple,M48,1,2018-11-04
DEV000792,358111324119493,Oppo,M87,1,2019-04-29
DEV000793,860392321751754,Realme,M46,0,2018-05-27
DEV000794,354770666258337,Tecno,M94,1,2020-10-13
DEV000795,015481481001294,Lava,M23,1,2025-01-25
DEV000796,016574331906907,Xiaomi,M60,1,2020-10-10
DEV000797,491184710705421,Vivo,M11,1,2026-03-02
DEV000798,351711063040793,OnePlus,M38,1,2024-04-08
DEV000799,358333418750435,Apple,M70,0,2021-06-07
DEV000800,019806393796450,OnePlus,M93,1,2018-10-22
DEV000801,864073560659721,Lava,M75,1,2021-10-30
DEV000802,868683454827219,Realme,M57,1,2023-06-09
DEV000803,493519977473794,Xiaomi,M49,1,2018-03-01
DEV000804,862414031345388,Lava,M74,0,2024-05-03
DEV000805,017337767476720,Nokia,M38,0,2021-11-17
DEV000806,355870564566284,OnePlus,M80,1,2018-02-22
DEV000807,358645388112622,Lava,M79,1,2020-09-09
DEV000808,497568736409598,Xiaomi,M42,1,2020-07-07
DEV000809,355486712679270,Samsung,M46,1,2023-07-22
DEV000810,863473101383529,Oppo,M31,1,2025-11-12
DEV000811,359828223753347,Vivo,M21,1,2019-11-23
DEV000812,494877946735617,Realme,M76,1,2019-02-17
DEV000813,010898982352686,Samsung,M42,1,2018-12-23
DEV000814,499379397510787,Vivo,M78,1,2019-08-24
DEV000815,493874736404751,Lava,M17,1,2020-10-01
DEV000816,494311019683806,Tecno,M19,1,2026-03-08
DEV000817,019384163954259,Samsung,M85,0,2023-04-09
DEV000818,862708420526049,Lava,M35,1,2022-10-30
DEV000819,351493631258869,Lava,M38,0,2018-12-28
DEV000820,359940472707215,Xiaomi,M62,1,2024-04-14
DEV000821,357038474134738,Apple,M16,1,2023-10-24
DEV000822,491199800414997,Tecno,M17,0,2026-06-03
DEV000823,359475197735226,Apple,M28,0,2024-07-29
DEV000824,351057241877946,OnePlus,M42,0,2026-04-24
DEV000825,865614816371139,Oppo,M54,0,2020-11-21
DEV000826,350007465468324,Nokia,M53,0,2018-02-24
DEV000827,014677513991051,Samsung,M40,1,2021-08-29
DEV000828,359790073928974,Tecno,M95,1,2022-12-16
DEV000829,357024587588574,OnePlus,M90,1,2026-04-01
DEV000830,356700796841531,OnePlus,M82,0,2021-04-11
DEV000831,359251558281557,Apple,M71,0,2019-06-26
DEV000832,359189476631280,Apple,M13,0,2026-05-13
DEV000833,352848787758123,Lava,M25,1,2023-08-10
DEV000834,497708570747806,Nokia,M70,1,2021-12-10
DEV000835,490052047772169,Tecno,M41,1,2018-02-14
DEV000836,494563816376321,Apple,M59,1,2024-08-23
DEV000837,499984605418499,Apple,M81,1,2024-01-18
DEV000838,018228218682289,Vivo,M24,0,2025-12-30
DEV000839,350158381539343,OnePlus,M61,1,2024-01-15
DEV000840,355897745708535,Vivo,M14,1,2019-10-22
DEV000841,012851612699897,Nokia,M40,1,2023-03-31
DEV000842,490917277172421,Lava,M20,1,2025-09-29
DEV000843,491710656748455,Samsung,M15,1,2020-07-22
DEV000844,499524241131619,Apple,M33,1,2024-02-20
DEV000845,352355926051135,Nokia,M39,1,2023-03-28
DEV000846,495169961938072,Lava,M40,1,2024-12-28
DEV000847,492853576882553,Lava,M68,1,2018-07-21
DEV000848,863182636683523,Lava,M41,1,2022-08-07
DEV000849,353249793273898,Nokia,M17,1,2022-01-20
DEV000850,355367965408515,Apple,M50,0,2021-12-25
DEV000851,012008468888673,Xiaomi,M94,1,2024-03-06
DEV000852,495501054110493,Samsung,M36,1,2020-10-22
DEV000853,013955712010015,Nokia,M43,1,2020-10-12
DEV000854,864253224483871,OnePlus,M18,1,2026-05-04
DEV000855,357937151251054,Samsung,M86,1,2023-02-25
DEV000856,351970732049825,Realme,M79,1,2024-08-07
DEV000857,494126354436198,Oppo,M12,1,2020-09-23
DEV000858,860121695673503,Nokia,M74,1,2020-10-08
DEV000859,867897288782281,Vivo,M28,1,2023-05-18
DEV000860,860225243382723,Samsung,M70,1,2019-02-19
DEV000861,015646147558450,Tecno,M79,1,2024-08-13
DEV000862,019859023679488,Apple,M23,0,2020-04-21
DEV000863,012330013619066,Apple,M72,0,2020-08-07
DEV000864,353852893165065,Apple,M37,1,2024-04-15
DEV000865,354519613137252,Tecno,M15,1,2021-09-26
DEV000866,019223139151031,Nokia,M93,1,2024-04-25
DEV000867,018945581789630,Tecno,M73,1,2019-09-05
DEV000868,357095719295740,Nokia,M14,1,2018-02-26
DEV000869,011787848609548,Oppo,M49,1,2022-02-17
DEV000870,019239499657566,Apple,M69,1,2020-12-08
DEV000871,863479596724014,OnePlus,M59,1,2020-12-14
DEV000872,351200052664762,Realme,M85,1,2026-06-19
DEV000873,494191339264267,Lava,M65,0,2020-12-18
DEV000874,358991434809542,Apple,M25,1,2021-09-10
DEV000875,358214168858832,Nokia,M65,1,2022-07-28
DEV000876,351836666096830,Tecno,M16,0,2020-11-15
DEV000877,356883903203749,Vivo,M53,0,2024-12-23
DEV000878,355293497658506,Xiaomi,M45,0,2020-04-09
DEV000879,356182665680753,Xiaomi,M17,1,2023-10-19
DEV000880,357747709613169,Lava,M19,1,2020-10-06
DEV000881,358154632932580,Lava,M43,1,2022-06-06
DEV000882,359837459746836,Vivo,M40,0,2024-01-13
DEV000883,350983689209731,Samsung,M48,0,2022-04-27
DEV000884,351742496323368,Vivo,M48,1,2019-07-23
DEV000885,019936728586953,Nokia,M90,0,2021-11-22
DEV000886,358394119816259,Samsung,M39,1,2020-09-04
DEV000887,354609567372754,Vivo,M56,0,2025-08-23
DEV000888,013083164094086,Nokia,M97,1,2023-09-30
DEV000889,351178074716469,OnePlus,M63,0,2022-11-20
DEV000890,351068382125455,OnePlus,M82,0,2024-03-08
DEV000891,868778590012523,OnePlus,M17,1,2019-12-21
DEV000892,356771020119349,Tecno,M18,1,2025-09-15
DEV000893,015968812483468,Xiaomi,M13,1,2020-07-22
DEV000894,011967833261863,Tecno,M80,1,2019-09-30
DEV000895,351974820208304,Nokia,M92,0,2025-12-25
DEV000896,355385560996468,Apple,M48,1,2019-12-11
DEV000897,494579488325056,Realme,M94,1,2020-08-19
DEV000898,490974952101096,OnePlus,M69,0,2019-10-11
DEV000899,350803682155337,Nokia,M59,1,2019-12-13
DEV000900,358916950003936,Samsung,M94,1,2020-09-05
DEV000901,356269919578014,Lava,M34,1,2023-03-29
DEV000902,864302140320957,Nokia,M63,0,2022-09-14
DEV000903,498742607754848,Lava,M70,0,2023-10-07
DEV000904,495254675464254,Oppo,M77,1,2026-04-30
DEV000905,019901664234323,Samsung,M82,1,2023-07-23
DEV000906,355586438264478,Nokia,M73,1,2018-07-28
DEV000907,352147076979113,Apple,M87,0,2020-09-04
DEV000908,353184352761176,OnePlus,M27,1,2018-04-16
DEV000909,013097579019189,Realme,M19,1,2018-06-27
DEV000910,868054040675158,Xiaomi,M56,1,2025-02-27
DEV000911,359576232109478,Xiaomi,M31,1,2019-12-23
DEV000912,490325683749947,Tecno,M32,1,2023-06-04
DEV000913,864272258900229,Xiaomi,M80,1,2018-09-07
DEV000914,865943746436482,Samsung,M55,1,2020-03-03
DEV000915,490760881616887,Xiaomi,M43,1,2020-04-23
DEV000916,868722374028040,Lava,M26,1,2018-01-16
DEV000917,866638108743490,Tecno,M75,1,2021-10-18
DEV000918,019093002819069,Realme,M34,1,2025-06-07
DEV000919,353869617494061,Apple,M55,1,2019-06-26
DEV000920,354915028290719,Realme,M21,1,2026-04-18
DEV000921,868562996886348,OnePlus,M21,1,2020-02-18
DEV000922,865322252303516,Realme,M17,0,2023-04-03
DEV000923,359497177104207,Apple,M40,1,2020-04-22
DEV000924,495924311421196,Apple,M65,1,2023-03-30
DEV000925,495086161029373,Lava,M93,1,2023-04-23
DEV000926,013982196352577,Realme,M12,1,2020-04-23
DEV000927,865564577606544,Xiaomi,M81,1,2023-01-07
DEV000928,864035004452566,OnePlus,M89,1,2024-03-07
DEV000929,499738451519958,Lava,M40,0,2018-08-07
DEV000930,011790356846933,Oppo,M14,0,2019-02-18
DEV000931,499985375030147,Vivo,M15,1,2020-03-17
DEV000932,869633250972561,Nokia,M30,0,2023-11-05
DEV000933,010630165638543,OnePlus,M89,1,2019-12-17
DEV000934,356640877135252,Xiaomi,M39,1,2020-05-02
DEV000935,863103173033281,Vivo,M62,0,2021-05-25
DEV000936,018083149709154,Vivo,M81,1,2019-12-03
DEV000937,352889270101259,Apple,M35,1,2019-02-22
DEV000938,350497004003936,OnePlus,M56,0,2022-01-23
DEV000939,013846249921778,Tecno,M23,1,2024-05-21
DEV000940,359578111874625,OnePlus,M68,1,2018-09-29
DEV000941,356817586264829,Samsung,M14,1,2019-12-01
DEV000942,358204577732213,Xiaomi,M59,1,2025-07-27
DEV000943,356732077423963,Oppo,M29,0,2020-06-18
DEV000944,019267397300292,Lava,M58,1,2024-12-01
DEV000945,499880761032936,Apple,M41,1,2023-02-21
DEV000946,498953602567485,OnePlus,M55,0,2024-12-08
DEV000947,352773844924861,Vivo,M49,1,2020-03-27
DEV000948,350718666954845,Samsung,M30,0,2022-03-04
DEV000949,015337262293709,Oppo,M96,1,2018-09-18
DEV000950,018087079892236,Nokia,M65,1,2018-05-22
DEV000951,013982471192480,Apple,M88,1,2024-05-29
DEV000952,358407726711840,OnePlus,M16,1,2022-10-02
DEV000953,017490162688865,Apple,M85,1,2019-03-29
DEV000954,354148838109560,Realme,M41,0,2019-05-24
DEV000955,352383580604931,Apple,M31,1,2025-12-14
DEV000956,497840317552930,OnePlus,M84,1,2024-03-29
DEV000957,351580935853812,OnePlus,M22,0,2026-03-11
DEV000958,499215775981087,Oppo,M93,1,2023-02-25
DEV000959,350842668323265,Samsung,M13,1,2023-10-06
DEV000960,496676936534593,Oppo,M50,0,2024-12-29
DEV000961,866241764596068,Apple,M12,1,2025-05-23
DEV000962,357189861042556,Lava,M93,1,2023-09-29
DEV000963,491737899642162,Samsung,M52,1,2023-10-04
DEV000964,863602299832764,Samsung,M93,1,2022-08-01
DEV000965,018072611779669,Oppo,M15,1,2024-04-30
DEV000966,011464899515713,OnePlus,M61,1,2024-08-28
DEV000967,864633103123366,Vivo,M57,1,2023-02-14
DEV000968,497259089020176,Samsung,M76,1,2025-09-12
DEV000969,868737370511321,OnePlus,M90,1,2021-12-30
DEV000970,499051449494264,Vivo,M50,0,2023-01-15
DEV000971,018274069435797,Apple,M40,0,2020-01-29
DEV000972,354958081944752,Nokia,M58,0,2018-05-09
DEV000973,358590993223835,Samsung,M62,1,2021-08-25
DEV000974,869320517629274,Lava,M41,1,2025-03-27
DEV000975,498519323037478,Realme,M45,1,2025-09-01
DEV000976,860370034223928,OnePlus,M41,0,2026-02-23
DEV000977,016151923144361,Nokia,M28,0,2020-06-19
DEV000978,862291532543999,Apple,M78,0,2026-04-09
DEV000979,355192624377632,Samsung,M44,1,2022-03-08
DEV000980,869388062353959,Lava,M73,0,2019-11-11
DEV000981,350662994532866,Oppo,M47,1,2019-06-20
DEV000982,018346361962089,OnePlus,M41,0,2018-04-16
DEV000983,018061871697475,Realme,M68,0,2022-02-14
DEV000984,863494826099148,Realme,M57,1,2022-01-17
DEV000985,354824254497455,Samsung,M81,1,2024-07-10
DEV000986,492103787424835,Tecno,M93,0,2022-12-14
DEV000987,868991164260625,Apple,M18,0,2025-03-16
DEV000988,499989708369609,Oppo,M30,1,2021-02-16
DEV000989,498765741781513,Lava,M75,0,2023-02-13
DEV000990,496620897598640,Nokia,M64,1,2025-08-04
DEV000991,012393222074136,Samsung,M62,1,2018-09-01
DEV000992,498212697046376,Tecno,M56,1,2026-04-24
DEV000993,863463306138338,Oppo,M31,1,2024-10-19
DEV000994,353991478938018,Apple,M56,0,2025-12-16
DEV000995,862819918094914,Apple,M37,1,2024-05-31
DEV000996,355336073262986,OnePlus,M62,0,2024-10-16
DEV000997,010601936352234,Apple,M30,1,2021-08-29
DEV000998,353872666457353,Lava,M45,0,2022-02-09
DEV000999,499035421771650,Apple,M81,0,2023-02-13
DEV001000,014442056706248,OnePlus,M51,1,2022-10-05
DEV001001,868856867914869,Vivo,M56,1,2019-11-25
DEV001002,352676129754361,Realme,M10,1,2022-06-29
DEV001003,359386465248706,Vivo,M89,1,2020-12-22
DEV001004,860459615176024,Lava,M83,1,2021-02-09
DEV001005,868674600198013,OnePlus,M50,1,2026-02-15
DEV001006,498074882967820,Samsung,M11,1,2020-05-29
DEV001007,496480489756885,Xiaomi,M19,0,2024-09-06
DEV001008,353988058781039,Xiaomi,M82,0,2023-12-22
DEV001009,864363942910663,Tecno,M84,1,2018-01-18
DEV001010,352600534906020,Samsung,M88,1,2022-12-12
DEV001011,490026552309010,Oppo,M67,1,2023-05-31
DEV001012,358815571600715,Oppo,M69,1,2022-05-06
DEV001013,012009108454357,Oppo,M23,0,2024-02-19
DEV001014,495537340249041,Xiaomi,M91,1,2020-01-01
DEV001015,358107209605661,Lava,M78,1,2023-12-12
DEV001016,012418523699892,Realme,M40,1,2020-09-09
DEV001017,354802053419611,Samsung,M44,1,2020-04-29
DEV001018,490193227093347,Realme,M11,0,2018-04-17
DEV001019,354153003376925,Tecno,M44,1,2021-03-26
DEV001020,356609855801287,Tecno,M27,1,2025-12-14
DEV001021,015885065001368,Apple,M55,1,2025-10-11
DEV001022,495310715125206,Lava,M66,1,2019-04-15
DEV001023,868149112551794,Tecno,M46,1,2023-05-08
DEV001024,353575605820217,Tecno,M86,1,2025-08-17
DEV001025,358560383847591,Oppo,M35,1,2018-05-22
DEV001026,015998520085917,Realme,M96,1,2020-03-12
DEV001027,355927450416735,Xiaomi,M35,1,2025-09-30
DEV001028,016929904360458,Apple,M25,0,2021-04-02
DEV001029,862886833347605,Tecno,M63,1,2020-05-18
DEV001030,351774988372524,Oppo,M39,0,2026-03-15
DEV001031,864622369594810,Nokia,M23,1,2025-04-28
DEV001032,351199122666611,OnePlus,M23,1,2020-05-21
DEV001033,495699088903243,Samsung,M91,1,2023-07-25
DEV001034,010910615613431,Realme,M53,1,2018-08-23
DEV001035,356586475800264,Apple,M86,0,2025-11-17
DEV001036,350100558238517,OnePlus,M37,0,2021-08-07
DEV001037,497998317135446,Samsung,M77,1,2024-12-01
DEV001038,015534644732389,Realme,M67,1,2019-12-03
DEV001039,492832845343980,OnePlus,M15,1,2022-05-06
DEV001040,010799227659980,Vivo,M24,0,2018-10-03
DEV001041,351186410645906,Tecno,M75,1,2026-04-16
DEV001042,352947483087568,Nokia,M66,0,2025-07-24
DEV001043,498193270386925,Realme,M31,1,2020-02-16
DEV001044,357061464284844,Xiaomi,M98,0,2023-05-21
DEV001045,499849790444768,Samsung,M22,1,2022-05-22
DEV001046,350774545114144,Realme,M39,0,2022-03-31
DEV001047,861281493938090,OnePlus,M39,1,2026-05-26
DEV001048,860515057161947,Vivo,M90,1,2019-02-17
DEV001049,498213532152695,Samsung,M17,1,2020-01-15
DEV001050,495499807786534,Tecno,M40,1,2025-02-26
DEV001051,359478732235464,Xiaomi,M37,1,2026-06-25
DEV001052,864009915028267,OnePlus,M31,0,2023-08-14
DEV001053,355292295495735,Vivo,M52,1,2019-11-21
DEV001054,358180297857420,Xiaomi,M56,0,2019-07-02
DEV001055,354682909160736,Tecno,M66,1,2018-05-21
DEV001056,860615311247446,Vivo,M42,1,2018-01-03
DEV001057,354951482750645,Xiaomi,M14,0,2024-02-11
DEV001058,359363761333818,Tecno,M91,1,2026-04-18
DEV001059,359034007440003,OnePlus,M73,1,2022-04-01
DEV001060,499095649319046,Oppo,M83,1,2018-06-01
DEV001061,869996978821437,Tecno,M25,0,2020-04-26
DEV001062,865488348681275,Lava,M12,1,2021-07-04
DEV001063,351188863602987,Samsung,M60,1,2022-05-04
DEV001064,351928952774743,Lava,M92,0,2024-12-24
DEV001065,860127999651536,Realme,M53,0,2023-07-17
DEV001066,011852567129652,Realme,M49,0,2018-08-31
DEV001067,357008101831999,Realme,M53,1,2026-02-26
DEV001068,496796622292970,Xiaomi,M50,1,2024-10-14
DEV001069,490856135317233,Tecno,M51,0,2018-01-17
DEV001070,499555095251214,Vivo,M10,0,2024-03-07
DEV001071,017159209333240,Xiaomi,M61,0,2019-12-23
DEV001072,864291020182345,OnePlus,M72,1,2025-03-22
DEV001073,499577885821516,Realme,M34,1,2021-07-02
DEV001074,491525880434758,Lava,M19,1,2019-04-17
DEV001075,352684925503455,Realme,M79,0,2021-12-11
DEV001076,352793118979806,Tecno,M69,0,2020-11-22
DEV001077,358760738263401,Xiaomi,M63,0,2023-11-25
DEV001078,017836688216300,Tecno,M85,1,2019-11-15
DEV001079,357705659938093,Apple,M46,1,2018-07-28
DEV001080,869692299526932,Realme,M28,1,2026-01-28
DEV001081,014623418775167,Realme,M69,1,2023-01-21
DEV001082,015521250908850,Tecno,M39,1,2020-01-29
DEV001083,863109037782276,Vivo,M11,1,2020-08-27
DEV001084,865705547143351,Tecno,M93,1,2018-07-17
DEV001085,014145691742202,Apple,M54,1,2018-10-21
DEV001086,012126435728405,Apple,M26,1,2018-06-13
DEV001087,357672728500066,Realme,M64,1,2018-04-25
DEV001088,498260483624700,Nokia,M31,0,2022-06-17
DEV001089,867257678599761,Realme,M75,1,2021-01-26
DEV001090,353230899236818,OnePlus,M37,1,2024-02-26
DEV001091,356081144878904,Realme,M82,0,2019-05-23
DEV001092,358307912704114,Vivo,M21,0,2025-07-07
DEV001093,354114236330719,Oppo,M60,1,2018-08-24
DEV001094,494941296647714,Tecno,M81,1,2019-08-21
DEV001095,494458183598521,Apple,M17,1,2021-12-28
DEV001096,864608317750540,OnePlus,M81,1,2018-02-12
DEV001097,491862040769470,Realme,M95,1,2025-08-18
DEV001098,491133468569450,Tecno,M79,1,2019-02-08
DEV001099,352285256678313,Vivo,M22,1,2021-04-19
DEV001100,350839587735503,Vivo,M97,1,2021-06-09
DEV001101,354910217651805,OnePlus,M53,1,2020-11-20
DEV001102,353853439604902,Samsung,M73,0,2019-02-02
DEV001103,353686730725876,OnePlus,M94,0,2020-04-23
DEV001104,352210188542777,Tecno,M65,0,2023-07-25
DEV001105,864797305785607,Nokia,M79,1,2019-04-20
DEV001106,493622834434842,Apple,M18,1,2024-05-11
DEV001107,013566227008288,Lava,M67,1,2023-11-19
DEV001108,868607759378075,Realme,M11,1,2025-01-14
DEV001109,013605114450943,Realme,M72,0,2024-02-25
DEV001110,014025934607143,OnePlus,M61,1,2018-07-09
DEV001111,490018065266185,Tecno,M13,1,2022-09-12
DEV001112,494026265660309,Nokia,M57,1,2021-05-27
DEV001113,357113934517479,Tecno,M39,1,2026-01-03
DEV001114,354756959782936,Lava,M96,1,2024-10-19
DEV001115,499925108520099,Tecno,M34,1,2021-10-31
DEV001116,491052434252139,Lava,M25,1,2023-09-22
DEV001117,352629813073219,Oppo,M45,1,2022-08-19
DEV001118,498896876736588,Vivo,M54,1,2022-06-22
DEV001119,351008103569175,Nokia,M36,0,2020-03-11
DEV001120,355775723237806,Samsung,M64,1,2021-05-30
DEV001121,358728272702946,Vivo,M83,1,2024-12-15
DEV001122,014978645505671,Lava,M42,1,2024-05-15
DEV001123,861719534724634,Xiaomi,M81,0,2018-12-29
DEV001124,015615670745078,Lava,M62,1,2019-09-02
DEV001125,351155527093778,Lava,M94,1,2024-11-23
DEV001126,016610932535471,Vivo,M10,1,2024-02-02
DEV001127,013080612998850,OnePlus,M54,1,2021-11-04
DEV001128,495014501962321,Xiaomi,M64,1,2024-07-02
DEV001129,493180595647187,Apple,M66,1,2021-05-02
DEV001130,861767342078546,Lava,M24,1,2023-02-05
DEV001131,861797643766101,Vivo,M47,1,2020-10-11
DEV001132,491358037975333,Tecno,M20,1,2018-03-06
DEV001133,011049034638535,Oppo,M94,0,2023-05-16
DEV001134,358600541778045,Vivo,M10,1,2019-09-16
DEV001135,012169244881929,Tecno,M21,1,2022-01-27
DEV001136,355166731682110,Tecno,M48,1,2018-12-03
DEV001137,357580545802649,Vivo,M93,1,2019-10-31
DEV001138,860144347946319,Tecno,M10,1,2020-03-30
DEV001139,869560173192833,Oppo,M11,0,2019-08-26
DEV001140,861042163404922,OnePlus,M37,1,2023-02-21
DEV001141,352245477917486,Oppo,M18,1,2021-06-15
DEV001142,357125423979862,Vivo,M81,0,2020-10-29
DEV001143,356139588257120,Lava,M87,1,2020-10-15
DEV001144,355199478764245,Tecno,M52,0,2024-12-26
DEV001145,860032446890356,OnePlus,M22,0,2025-02-23
DEV001146,019418029632047,Samsung,M50,1,2022-01-29
DEV001147,354236251269789,Vivo,M47,1,2026-01-20
DEV001148,010178110266591,Oppo,M76,1,2024-08-07
DEV001149,358700361913533,Samsung,M52,0,2023-02-17
DEV001150,861275380692985,Xiaomi,M53,1,2023-10-13
DEV001151,350693533203836,OnePlus,M15,0,2026-02-19
DEV001152,352250295065867,Nokia,M69,0,2023-08-12
DEV001153,862573962636753,OnePlus,M56,1,2024-10-20
DEV001154,356674871337553,Apple,M77,1,2024-08-01
DEV001155,358691237092183,Tecno,M28,0,2023-04-05
DEV001156,019979723050986,Nokia,M95,0,2019-08-17
DEV001157,012815443168037,Realme,M77,0,2023-06-24
DEV001158,490507939399991,OnePlus,M37,0,2023-02-07
DEV001159,014892130656040,Nokia,M47,0,2024-01-17
DEV001160,355049223338896,Apple,M55,0,2020-12-07
DEV001161,352042753051463,Samsung,M96,1,2019-04-20
DEV001162,357297862066670,Realme,M12,1,2020-10-22
DEV001163,356646042361190,Realme,M73,1,2018-12-21
DEV001164,860587602192839,Apple,M25,1,2024-03-28
DEV001165,018016799555304,Lava,M87,1,2024-02-02
DEV001166,357728056319370,Vivo,M83,1,2021-08-20
DEV001167,012936968167546,Tecno,M91,1,2023-01-08
DEV001168,351383465575246,Realme,M95,1,2026-03-28
DEV001169,354141047961027,Apple,M36,1,2020-12-16
DEV001170,862586560860944,Samsung,M36,0,2019-01-27
DEV001171,351514029602757,Apple,M44,0,2025-06-18
DEV001172,865769919382818,Apple,M87,1,2021-01-08
DEV001173,493587922816506,Lava,M65,0,2019-02-02
DEV001174,492167726058143,Oppo,M62,1,2026-04-19
DEV001175,011623240561043,Vivo,M38,1,2021-04-01
DEV001176,013128700236984,Lava,M86,0,2022-10-27
DEV001177,359876762505854,Samsung,M26,1,2019-07-14
DEV001178,869512029834126,Realme,M72,0,2022-08-03
DEV001179,863560272384111,Xiaomi,M28,1,2019-06-02
DEV001180,491318767354549,Nokia,M90,1,2020-03-07
DEV001181,495589580956827,Tecno,M57,1,2019-03-16
DEV001182,861928134166056,Vivo,M47,1,2022-04-11
DEV001183,860512534452884,Tecno,M31,1,2021-10-17
DEV001184,354580062382864,OnePlus,M48,1,2020-08-23
DEV001185,354596248633911,Vivo,M11,1,2018-11-21
DEV001186,496474862869876,Tecno,M88,1,2023-09-13
DEV001187,863894259362184,Lava,M28,1,2026-03-12
DEV001188,495938520372319,Samsung,M66,1,2023-01-06
DEV001189,869007717732201,Samsung,M13,1,2023-12-31
DEV001190,354011142286129,Oppo,M30,1,2024-12-30
DEV001191,359704739129507,Vivo,M46,1,2024-03-29
DEV001192,011976204672618,Tecno,M12,0,2019-11-10
DEV001193,354022859533661,Apple,M34,0,2020-05-29
DEV001194,497557483740589,Oppo,M87,0,2021-03-22
DEV001195,869029258375220,Nokia,M61,1,2018-08-29
DEV001196,016816283792497,Samsung,M83,0,2024-11-16
DEV001197,861502487565451,Realme,M90,1,2022-03-18
DEV001198,018264775505876,Xiaomi,M29,1,2020-05-06
DEV001199,351524715626430,Tecno,M38,1,2018-07-18
DEV001200,495491601153543,OnePlus,M57,0,2024-07-29
DEV001201,010693646578833,Tecno,M65,1,2025-03-20
DEV001202,359001346924045,Samsung,M44,1,2018-01-04
DEV001203,492001046471591,Tecno,M77,1,2022-12-17
DEV001204,860740422559012,Nokia,M32,1,2024-09-26
DEV001205,016290208284109,Vivo,M97,1,2022-06-26
DEV001206,010218586705904,Realme,M86,1,2025-05-18
DEV001207,359305033230498,Oppo,M41,1,2024-06-12
DEV001208,019560996045696,Xiaomi,M60,0,2024-06-19
DEV001209,352218043462022,Apple,M87,1,2025-07-22
DEV001210,496697294963985,Tecno,M50,1,2024-08-19
DEV001211,493441282566246,OnePlus,M22,1,2019-03-28
DEV001212,352777317785979,OnePlus,M67,1,2024-12-03
DEV001213,357500703284318,Tecno,M30,0,2018-04-04
DEV001214,355881344844754,Xiaomi,M39,1,2025-12-11
DEV001215,353725953773182,Samsung,M31,0,2025-02-26
DEV001216,490629533331861,Nokia,M59,1,2024-07-06
DEV001217,016165834150089,Tecno,M68,0,2019-09-21
DEV001218,014122214338709,Samsung,M46,0,2023-07-29
DEV001219,861133149926289,Vivo,M81,1,2025-06-06
DEV001220,868298409350607,Oppo,M23,0,2023-08-16
DEV001221,351572092346540,Xiaomi,M34,1,2022-10-01
DEV001222,358635926372895,OnePlus,M43,0,2023-10-18
DEV001223,860888577589073,Nokia,M44,1,2026-02-13
DEV001224,498092579186709,Realme,M16,1,2022-10-26
DEV001225,354097059824005,Realme,M72,1,2021-12-16
DEV001226,353510573869529,OnePlus,M82,1,2022-12-20
DEV001227,353076258193361,Xiaomi,M91,1,2020-12-16
DEV001228,352881613359934,Tecno,M23,0,2021-03-19
DEV001229,492121859191305,Vivo,M21,0,2020-07-04
DEV001230,019513307726896,Samsung,M87,1,2023-05-28
DEV001231,350950600927391,Realme,M10,1,2025-01-11
DEV001232,357578774621540,Realme,M47,1,2022-07-16
DEV001233,861270665329137,Realme,M27,1,2025-02-28
DEV001234,490558749918930,Samsung,M66,0,2020-12-07
DEV001235,867264792049008,Xiaomi,M42,0,2026-04-13
DEV001236,013863337141381,Apple,M39,1,2025-09-23
DEV001237,012550365356541,Nokia,M52,0,2021-02-02
DEV001238,861074275144699,Oppo,M82,0,2023-11-03
DEV001239,011473900814565,Vivo,M61,1,2022-07-09
DEV001240,356484615122624,Xiaomi,M77,0,2019-04-06
DEV001241,497002491727884,Xiaomi,M45,1,2020-10-08
DEV001242,865945635895327,OnePlus,M50,0,2019-03-29
DEV001243,358720344634463,Lava,M64,0,2022-08-16
DEV001244,356674170118886,Realme,M59,1,2023-09-16
DEV001245,353340377398969,Xiaomi,M15,0,2021-10-01
DEV001246,861529460697154,Oppo,M60,1,2020-12-16
DEV001247,011065443667773,Samsung,M10,1,2022-12-26
DEV001248,498889399449846,Xiaomi,M43,1,2019-12-24
DEV001249,499421661978155,Vivo,M92,0,2026-01-02
DEV001250,491905143723172,Realme,M86,1,2022-05-12
DEV001251,491165827308579,Oppo,M55,0,2019-06-21
DEV001252,491308393989727,Vivo,M31,1,2019-08-13
DEV001253,012804759349335,Vivo,M20,1,2025-11-20
DEV001254,354081782420605,Vivo,M31,0,2022-04-24
DEV001255,496763108378681,Oppo,M25,0,2025-08-18
DEV001256,861818477840305,OnePlus,M34,0,2020-03-15
DEV001257,491626592687314,Samsung,M51,1,2022-01-02
DEV001258,359880204520718,Apple,M76,0,2025-05-09
DEV001259,354918454484239,Apple,M35,1,2026-02-27
DEV001260,492670950688352,OnePlus,M93,0,2021-08-26
DEV001261,865504680750259,Tecno,M36,0,2019-08-17
DEV001262,860695844569476,Vivo,M10,1,2022-05-03
DEV001263,492181678985903,Oppo,M12,1,2020-05-24
DEV001264,350339023834087,Lava,M54,1,2026-03-23
DEV001265,350241589019116,Apple,M70,0,2018-09-05
DEV001266,019524455805803,Apple,M97,1,2024-07-04
DEV001267,498573757178246,Samsung,M96,1,2022-08-17
DEV001268,010418460948523,Vivo,M56,1,2018-11-25
DEV001269,353435780090417,Apple,M91,1,2021-06-12
DEV001270,353759982746479,Apple,M53,1,2018-07-23
DEV001271,351077726644739,Tecno,M53,1,2019-06-14
DEV001272,010754263364519,Tecno,M58,0,2022-07-15
DEV001273,350570881746136,Lava,M66,1,2019-11-13
DEV001274,499980021255532,Nokia,M97,1,2025-05-18
DEV001275,864203007488251,Lava,M19,1,2024-01-15
DEV001276,863321894422330,Apple,M46,0,2025-04-18
DEV001277,017122578956328,Nokia,M59,1,2018-02-16
DEV001278,019798747120070,Samsung,M83,0,2019-01-25
DEV001279,016466291478788,Tecno,M16,0,2025-03-18
DEV001280,359141407593518,Apple,M14,1,2020-10-26
DEV001281,350290171494938,Tecno,M40,1,2022-12-14
DEV001282,359225782331645,OnePlus,M96,1,2022-10-23
DEV001283,493966765921502,Vivo,M35,1,2023-06-24
DEV001284,012946263806501,Tecno,M55,1,2020-02-29
DEV001285,355119146511269,Vivo,M37,1,2025-03-29
DEV001286,010840923491431,Nokia,M38,1,2021-10-07
DEV001287,356846355758514,Nokia,M11,1,2021-11-19
DEV001288,492885784022379,Tecno,M64,1,2021-02-16
DEV001289,013896749876361,Lava,M72,0,2022-03-05
DEV001290,351393405458849,Tecno,M77,0,2025-09-17
DEV001291,012302961882373,Tecno,M28,0,2019-08-18
DEV001292,350367710000554,Apple,M44,1,2025-09-30
DEV001293,359299679901396,Nokia,M56,1,2020-09-08
DEV001294,356616032710319,Apple,M62,1,2021-10-31
DEV001295,355618562399000,Lava,M26,0,2022-07-02
DEV001296,351606035654616,Nokia,M24,0,2024-01-01
DEV001297,352812095973382,Tecno,M61,0,2023-01-09
DEV001298,354716583829938,Apple,M97,0,2021-06-01
DEV001299,352537261052379,Realme,M62,1,2020-11-03
DEV001300,497247929178926,Apple,M79,1,2023-02-19
DEV001301,019513809414790,OnePlus,M20,1,2024-12-01
DEV001302,352798471478445,Apple,M13,1,2024-04-05
DEV001303,359449395154739,Realme,M66,1,2019-08-17
DEV001304,860604973570130,Apple,M83,1,2019-09-08
DEV001305,490936441363562,Xiaomi,M24,1,2022-01-16
DEV001306,356077807657017,Tecno,M47,1,2021-06-06
DEV001307,357363655085950,Tecno,M83,0,2021-07-04
DEV001308,864292819517728,Xiaomi,M76,0,2018-06-19
DEV001309,494732838383359,Lava,M74,1,2020-09-22
DEV001310,012543325545789,Vivo,M66,1,2018-12-04
DEV001311,010146599874641,OnePlus,M74,1,2019-09-10
DEV001312,862213512426220,Nokia,M73,1,2020-02-06
DEV001313,357046359808941,Tecno,M65,1,2025-03-24
DEV001314,010339390013369,Lava,M67,0,2022-06-01
DEV001315,492146240067015,Xiaomi,M76,1,2026-01-14
DEV001316,863252812382789,Lava,M93,0,2024-02-15
DEV001317,865175214563948,Oppo,M12,0,2025-02-05
DEV001318,019985683345015,Realme,M12,1,2020-02-25
DEV001319,356241166221864,OnePlus,M90,1,2018-08-12
DEV001320,867391275242746,Nokia,M67,1,2024-03-10
DEV001321,358421885414150,Nokia,M71,1,2021-01-24
DEV001322,354631111892889,OnePlus,M57,0,2023-11-09
DEV001323,868717515112257,Xiaomi,M33,1,2020-02-02
DEV001324,499631503391859,Tecno,M10,0,2019-07-02
DEV001325,351203942016917,OnePlus,M35,1,2025-09-29
DEV001326,350340055607571,Tecno,M21,1,2026-03-31
DEV001327,490285376698956,Tecno,M21,0,2021-08-22
DEV001328,019120567043663,Oppo,M94,1,2021-06-06
DEV001329,013568535136170,Lava,M17,0,2022-05-28
DEV001330,357697503092246,Tecno,M37,1,2019-03-27
DEV001331,011716020077516,Lava,M44,1,2022-01-16
DEV001332,016123754280412,OnePlus,M85,1,2018-07-08
DEV001333,356635997035871,Lava,M16,1,2023-08-28
DEV001334,350327182686342,Nokia,M21,1,2021-01-03
DEV001335,863337237802600,Tecno,M86,1,2020-03-03
DEV001336,011592679402649,Xiaomi,M10,1,2025-01-26
DEV001337,497329022049278,Vivo,M73,0,2023-02-28
DEV001338,495621797090307,Xiaomi,M20,1,2019-05-11
DEV001339,861146312932315,Oppo,M54,1,2024-07-25
DEV001340,494466598436492,Tecno,M27,1,2025-03-19
DEV001341,865010111805845,Lava,M95,1,2023-04-18
DEV001342,861788430011642,OnePlus,M86,1,2023-02-05
DEV001343,490002666047807,Oppo,M68,1,2026-03-05
DEV001344,012070921758608,Realme,M48,0,2019-08-01
DEV001345,013656485525811,Realme,M94,1,2019-07-24
DEV001346,864388901975332,Lava,M45,1,2024-05-30
DEV001347,358285621371903,OnePlus,M97,1,2019-08-31
DEV001348,358504948972418,Realme,M23,0,2023-07-13
DEV001349,867113463046422,Tecno,M74,0,2024-03-05
DEV001350,013666044827757,Oppo,M18,1,2023-06-01
DEV001351,494857528034651,Nokia,M15,1,2022-11-18
DEV001352,016992161840215,Xiaomi,M56,0,2024-09-06
DEV001353,356918737859827,Vivo,M48,1,2021-07-09
DEV001354,010489107907364,Tecno,M49,1,2023-01-23
DEV001355,490391618884625,Vivo,M26,1,2023-12-03
DEV001356,356335098992667,Realme,M34,1,2022-06-20
DEV001357,350435493715622,Lava,M42,1,2023-04-07
DEV001358,016878731680501,Xiaomi,M53,1,2020-05-29
DEV001359,357999624315932,Nokia,M66,0,2019-05-17
DEV001360,493097700329910,Nokia,M23,0,2024-02-03
DEV001361,861117120483267,Xiaomi,M67,1,2020-04-25
DEV001362,353511070227942,Apple,M28,1,2018-08-15
DEV001363,012369130699939,Tecno,M26,1,2026-01-02
DEV001364,862927040278362,Realme,M69,1,2024-05-02
DEV001365,356390898553244,Xiaomi,M28,1,2022-12-19
DEV001366,014461777733153,Realme,M60,0,2025-04-22
DEV001367,492411835512949,Realme,M25,1,2019-06-16
DEV001368,497921839795852,Nokia,M46,1,2018-09-03
DEV001369,862907477457648,Vivo,M47,0,2024-09-22
DEV001370,354096196399350,OnePlus,M23,1,2019-12-02
DEV001371,498422573319464,Lava,M58,1,2023-04-10
DEV001372,863845632276258,OnePlus,M17,1,2024-03-04
DEV001373,016055803709494,Lava,M45,1,2024-01-05
DEV001374,016244705341344,Xiaomi,M76,0,2018-04-03
DEV001375,490492967661598,Lava,M81,1,2021-10-28
DEV001376,016900397967801,Xiaomi,M25,1,2019-09-10
DEV001377,010313794351415,Samsung,M20,0,2025-10-18
DEV001378,012124877793516,Nokia,M50,0,2026-05-02
DEV001379,357118541391726,Xiaomi,M70,1,2024-12-12
DEV001380,494764051349362,Vivo,M95,1,2020-11-27
DEV001381,494177910788055,Realme,M57,0,2021-10-24
DEV001382,496263311249184,OnePlus,M41,1,2020-07-30
DEV001383,490981386296495,Lava,M71,1,2019-01-07
DEV001384,355152461715059,OnePlus,M10,1,2019-03-11
DEV001385,359388670479601,Xiaomi,M70,1,2019-11-25
DEV001386,359820405727500,Realme,M25,1,2019-03-14
DEV001387,019481937901788,Samsung,M50,1,2021-10-27
DEV001388,359038925430996,Xiaomi,M31,0,2025-02-08
DEV001389,015525889887277,Vivo,M60,0,2022-11-18
DEV001390,357448992648536,Oppo,M93,1,2022-07-25
DEV001391,014092178828754,Apple,M37,0,2022-06-07
DEV001392,499269482625997,Lava,M44,0,2019-10-16
DEV001393,351974198678413,Lava,M78,0,2022-03-02
DEV001394,018576874437276,Apple,M47,1,2018-06-15
DEV001395,496642118833089,Realme,M48,1,2019-11-24
DEV001396,496732394722438,Lava,M62,0,2019-07-20
DEV001397,011310685089077,Lava,M50,1,2025-01-04
DEV001398,015212982833665,Nokia,M11,1,2020-10-28
DEV001399,359727352511688,Lava,M53,0,2022-07-11
DEV001400,359397986080166,OnePlus,M50,0,2021-05-28
DEV001401,355998585059271,Xiaomi,M75,1,2021-09-19
DEV001402,498504680346330,Realme,M58,1,2018-04-13
DEV001403,017795718232411,OnePlus,M14,1,2023-06-14
DEV001404,866008692004603,OnePlus,M88,1,2019-03-08
DEV001405,015517348207286,Realme,M11,1,2025-01-11
DEV001406,864205348537338,Lava,M75,1,2022-10-02
DEV001407,353148561373408,Tecno,M52,1,2021-12-24
DEV001408,018112958077692,Realme,M72,1,2026-03-30
DEV001409,864921753361486,Apple,M37,1,2020-04-20
DEV001410,357741332752620,Realme,M41,1,2023-12-13
DEV001411,359599050952411,Oppo,M40,1,2024-09-27
DEV001412,498888912710019,Vivo,M43,1,2025-06-01
DEV001413,357670873006962,Nokia,M33,1,2025-12-17
DEV001414,351777343815515,Samsung,M20,0,2024-01-08
DEV001415,351649762847177,Lava,M15,0,2025-11-10
DEV001416,352887722732007,OnePlus,M21,1,2019-04-13
DEV001417,352071796301570,Samsung,M28,0,2021-03-04
DEV001418,353490080961321,Apple,M47,0,2018-10-13
DEV001419,350398795770903,Oppo,M90,0,2020-06-17
DEV001420,354609676381271,Realme,M43,1,2022-08-09
DEV001421,495990099856387,Apple,M10,1,2024-01-23
DEV001422,861237832741046,OnePlus,M34,1,2018-05-04
DEV001423,493094362913914,Realme,M74,1,2025-01-29
DEV001424,359528859489672,Xiaomi,M77,1,2021-02-17
DEV001425,867413074214812,Xiaomi,M43,1,2024-07-17
DEV001426,017022575808021,Tecno,M16,0,2023-12-15
DEV001427,356700470384359,Lava,M23,1,2022-03-12
DEV001428,868957213519676,Vivo,M57,1,2022-06-17
DEV001429,358239010182308,Tecno,M59,1,2018-08-26
DEV001430,868683245539470,Samsung,M20,0,2019-01-18
DEV001431,351303237345049,Tecno,M60,1,2025-06-01
DEV001432,355040838935343,Tecno,M29,0,2020-08-29
DEV001433,492861418687528,Nokia,M79,1,2026-04-30
DEV001434,868636688881936,OnePlus,M18,1,2021-08-04
DEV001435,010864140618084,Vivo,M34,0,2022-02-27
DEV001436,494260135876951,Realme,M72,0,2021-01-20
DEV001437,351235279613771,Lava,M64,0,2021-04-20
DEV001438,860363508097157,Xiaomi,M11,1,2019-08-21
DEV001439,355003889264084,Realme,M56,0,2025-11-02
DEV001440,018419569588895,Vivo,M60,1,2023-01-24
DEV001441,017608308880645,Tecno,M25,1,2023-01-23
DEV001442,490777916349305,Xiaomi,M67,1,2019-05-28
DEV001443,492961656642474,Nokia,M49,1,2022-04-02
DEV001444,350478517214178,Apple,M21,1,2018-06-01
DEV001445,012845434825552,Apple,M89,0,2022-10-31
DEV001446,359842694092859,Oppo,M44,0,2023-12-28
DEV001447,861155529114955,Realme,M79,1,2026-05-29
DEV001448,862186832467653,Nokia,M60,1,2024-09-10
DEV001449,492114510159385,Samsung,M38,1,2020-09-19
DEV001450,497060020254275,Lava,M75,0,2019-11-27
DEV001451,014444104543483,Vivo,M52,1,2018-03-30
DEV001452,490948771973935,Realme,M64,1,2025-12-07
DEV001453,497476906127900,Oppo,M93,0,2021-03-26
DEV001454,351498216248251,Oppo,M31,1,2018-06-10
DEV001455,497073605223524,Apple,M61,0,2018-12-28
DEV001456,011606608682251,Nokia,M11,0,2019-05-13
DEV001457,358798028681185,Nokia,M10,1,2023-10-11
DEV001458,493438994424396,Xiaomi,M68,1,2018-04-13
DEV001459,495222260894940,Apple,M58,1,2019-09-22
DEV001460,356930008385198,Samsung,M85,1,2019-02-10
DEV001461,498307549222308,OnePlus,M58,1,2021-07-24
DEV001462,860710933042910,Apple,M94,0,2025-08-08
DEV001463,352293836010417,Tecno,M74,1,2020-08-30
DEV001464,356038081675710,OnePlus,M89,0,2020-09-29
DEV001465,351847325808697,OnePlus,M79,1,2024-09-12
DEV001466,862805455716029,Tecno,M28,1,2021-03-25
DEV001467,490234202191191,Samsung,M92,0,2026-05-05
DEV001468,353653149401236,OnePlus,M73,1,2020-11-11
DEV001469,495736492771893,Apple,M98,1,2022-10-02
DEV001470,358677347729045,Oppo,M13,1,2024-01-27
DEV001471,863726453373013,Xiaomi,M85,0,2021-01-13
DEV001472,013294479831802,Oppo,M42,1,2021-02-08
DEV001473,350715259693054,Nokia,M25,1,2021-09-19
DEV001474,353567964462284,Xiaomi,M53,1,2018-09-12
DEV001475,354641566846068,Apple,M57,1,2024-10-11
DEV001476,497794936408939,Oppo,M37,1,2024-03-11
DEV001477,863119117617140,Lava,M98,1,2020-05-02
DEV001478,861835880322208,Tecno,M51,1,2018-03-07
DEV001479,353156661452748,Vivo,M14,1,2025-06-09
DEV001480,351548657443874,Apple,M38,1,2018-01-09
DEV001481,015148432926659,Realme,M49,1,2023-03-27
DEV001482,497861352964489,Vivo,M57,1,2021-07-01
DEV001483,496380058307151,Lava,M34,0,2022-09-13
DEV001484,010776774791228,Vivo,M14,1,2022-05-23
DEV001485,866118959144123,Oppo,M61,0,2023-02-26
DEV001486,354929644840393,Xiaomi,M71,1,2019-02-10
DEV001487,860672611082615,Lava,M69,0,2018-12-03
DEV001488,499587476440764,Xiaomi,M32,0,2020-09-30
DEV001489,358934399978409,Xiaomi,M20,1,2019-01-16
DEV001490,498804602053619,Realme,M58,1,2022-07-21
DEV001491,498004101681549,Nokia,M13,1,2020-04-11
DEV001492,352641617554877,Lava,M36,0,2021-09-03
DEV001493,013156129176803,Samsung,M63,1,2019-03-06
DEV001494,866366141417485,Oppo,M37,1,2021-06-01
DEV001495,010785321438039,Vivo,M93,1,2020-02-15
DEV001496,358295680964553,Nokia,M93,1,2025-01-25
DEV001497,355498209810852,Lava,M50,1,2018-10-10
DEV001498,492147068981209,Apple,M43,1,2025-12-02
DEV001499,862898336332675,Oppo,M76,0,2023-01-29
DEV001500,012654945329415,Lava,M69,0,2018-06-01
DEV001501,016053809828694,Apple,M70,0,2018-12-09
DEV001502,355419648017395,Vivo,M47,1,2024-06-09
DEV001503,496298345461388,Apple,M41,1,2026-04-21
DEV001504,866177090475623,Realme,M68,1,2020-05-04
DEV001505,357665036565868,Lava,M82,1,2022-10-15
DEV001506,862549927888850,Samsung,M65,1,2019-12-20
DEV001507,498542954366383,Apple,M44,0,2022-12-05
DEV001508,352691091433899,Nokia,M52,1,2023-12-28
DEV001509,867559057500878,Tecno,M44,0,2023-05-09
DEV001510,350860910496027,Samsung,M57,1,2025-07-08
DEV001511,354687879807806,Vivo,M92,1,2025-04-14
DEV001512,499807543594126,Apple,M31,0,2019-06-22
DEV001513,354840596200082,Tecno,M88,1,2025-03-18
DEV001514,352657933249399,Samsung,M54,1,2025-02-08
DEV001515,356681151789475,Vivo,M68,1,2022-08-22
DEV001516,354674813852555,Nokia,M70,1,2020-08-30
DEV001517,354206741787010,Realme,M18,1,2025-08-29
DEV001518,494162890718300,Xiaomi,M95,0,2025-08-27
DEV001519,492485265218153,Xiaomi,M47,1,2023-06-24
DEV001520,499143885979325,Samsung,M25,1,2025-05-12
DEV001521,861457044290885,Apple,M89,0,2023-09-06
DEV001522,350289348044299,Samsung,M88,0,2018-08-11
DEV001523,499049258973120,Tecno,M25,1,2024-12-02
DEV001524,496652570966176,Nokia,M71,1,2025-02-22
DEV001525,351281901354749,Apple,M93,0,2026-04-10
DEV001526,492632574102275,Lava,M29,1,2018-05-30
DEV001527,498916450214240,Xiaomi,M18,0,2021-08-02
DEV001528,863461685595164,OnePlus,M98,1,2020-06-03
DEV001529,016314949773153,Xiaomi,M74,0,2021-10-16
DEV001530,358530665154755,Realme,M63,1,2026-01-30
DEV001531,491410968583561,Lava,M60,1,2025-09-15
DEV001532,352878518581663,Lava,M91,1,2024-11-02
DEV001533,359358942909539,Oppo,M71,1,2020-09-21
DEV001534,496390008219222,Lava,M59,1,2022-07-08
DEV001535,862946128785563,Nokia,M75,1,2018-06-26
DEV001536,861131455265156,Oppo,M72,1,2022-12-17
DEV001537,353198384035235,Realme,M70,0,2024-08-06
DEV001538,358103877222895,Realme,M91,0,2024-08-03
DEV001539,866263564505733,OnePlus,M39,1,2023-12-02
DEV001540,013666783368997,Xiaomi,M94,0,2020-02-05
DEV001541,353543119837932,Tecno,M94,0,2021-07-07
DEV001542,356043625786848,Apple,M58,1,2025-11-10
DEV001543,868317176527867,Realme,M33,1,2020-11-06
DEV001544,496815930616250,Oppo,M73,1,2021-03-30
DEV001545,498081008868565,Samsung,M58,1,2024-12-16
DEV001546,359435340442332,Samsung,M26,0,2025-06-03
DEV001547,865979904233960,Apple,M37,0,2021-05-04
DEV001548,494851770091584,Nokia,M50,0,2018-12-24
DEV001549,015145754094405,Nokia,M13,0,2022-01-29
DEV001550,011492066754911,Vivo,M86,0,2018-12-03
DEV001551,010768290056038,Realme,M50,1,2021-09-05
DEV001552,358471354001431,Oppo,M65,1,2020-06-13
DEV001553,490047593163782,Apple,M53,1,2024-07-14
DEV001554,357561519479355,Nokia,M84,1,2018-05-31
DEV001555,015169192869670,Oppo,M22,1,2021-09-08
DEV001556,358584106389921,Xiaomi,M81,0,2020-02-09
DEV001557,496624268942126,Vivo,M95,1,2021-12-16
DEV001558,869813619838867,Realme,M75,1,2022-08-17
DEV001559,495066696685661,Samsung,M51,1,2019-09-05
DEV001560,017049712946718,Apple,M24,1,2020-05-12
DEV001561,494987572524249,Realme,M29,1,2026-06-27
DEV001562,491279071061743,Tecno,M93,1,2023-12-07
DEV001563,015073849431358,OnePlus,M50,0,2021-11-17
DEV001564,352166364606334,Vivo,M72,1,2025-04-04
DEV001565,352689032113313,OnePlus,M70,0,2025-11-23
DEV001566,358506679866522,Oppo,M42,1,2021-10-05
DEV001567,865989909348264,Nokia,M10,1,2022-04-28
DEV001568,351506334217801,Vivo,M33,1,2022-05-06
DEV001569,353090690965381,Samsung,M54,1,2023-12-16
DEV001570,352406090258247,OnePlus,M31,1,2021-04-19
DEV001571,353588509720985,Vivo,M73,1,2025-10-20
DEV001572,017402036871277,Lava,M66,1,2025-04-26
DEV001573,497262509619399,Xiaomi,M87,0,2021-03-16
DEV001574,865305446853047,Lava,M36,1,2024-11-09
DEV001575,356542813074687,Realme,M36,1,2024-11-16
DEV001576,358988457845802,Lava,M71,1,2022-05-03
DEV001577,354346276007307,Realme,M24,1,2019-01-15
DEV001578,496354386070867,Realme,M81,0,2019-01-24
DEV001579,491122468705804,Lava,M50,1,2022-11-25
DEV001580,355753276874765,Oppo,M34,1,2020-11-14
DEV001581,358245046638527,Vivo,M86,0,2019-04-16
DEV001582,012205124467306,Nokia,M33,0,2018-05-01
DEV001583,012795133884433,Nokia,M83,0,2022-10-24
DEV001584,861851253628654,Xiaomi,M59,1,2024-05-31
DEV001585,358398087767690,Vivo,M85,1,2022-07-27
DEV001586,019080067674196,Apple,M43,1,2024-04-01
DEV001587,863524288494976,Nokia,M25,1,2020-09-03
DEV001588,010338630296928,Oppo,M75,1,2024-04-29
DEV001589,497395972820063,Nokia,M81,1,2022-02-09
DEV001590,354821051376659,Vivo,M84,1,2025-01-17
DEV001591,869888652713680,Oppo,M41,0,2018-02-21
DEV001592,357283087916020,Nokia,M55,1,2023-03-12
DEV001593,013717774818214,OnePlus,M25,1,2020-01-05
DEV001594,356759505301566,Oppo,M59,1,2025-10-11
DEV001595,016513176502980,Apple,M70,1,2025-03-08
DEV001596,352927393715545,Apple,M58,1,2021-09-28
DEV001597,352861667198449,Vivo,M15,0,2018-10-12
DEV001598,497854514528810,Oppo,M14,1,2024-02-06
DEV001599,350334396589793,Realme,M80,1,2018-09-14
DEV001600,494967644731089,Samsung,M35,1,2022-06-22
DEV001601,356161725024452,Lava,M92,1,2023-03-20
DEV001602,860273504869918,Oppo,M33,1,2021-10-04
DEV001603,866832335325284,Realme,M96,1,2022-08-17
DEV001604,865464750813878,Realme,M35,0,2024-02-24
DEV001605,499812104995544,Tecno,M98,1,2020-04-27
DEV001606,355730798971697,OnePlus,M94,0,2025-06-23
DEV001607,497155292033372,Realme,M18,1,2023-03-21
DEV001608,351610495513172,Lava,M75,1,2018-06-16
DEV001609,864708611515541,OnePlus,M65,1,2020-09-05
DEV001610,496214533998006,Tecno,M23,1,2024-02-04
DEV001611,355747047221457,Realme,M98,0,2020-07-15
DEV001612,358492293275444,Apple,M62,1,2021-03-19
DEV001613,355318513728357,Lava,M57,1,2021-03-26
DEV001614,357622068287682,OnePlus,M27,1,2022-10-12
DEV001615,352050858785266,Vivo,M39,1,2026-01-26
DEV001616,359054604850363,Tecno,M35,0,2020-07-11
DEV001617,014288322449966,Realme,M93,1,2020-02-15
DEV001618,357051244757733,Realme,M13,1,2019-04-12
DEV001619,015135989715685,Vivo,M40,0,2020-09-30
DEV001620,867771606604012,OnePlus,M92,1,2025-12-23
DEV001621,869932771322204,OnePlus,M84,1,2018-11-09
DEV001622,014805328951896,Oppo,M72,0,2025-07-22
DEV001623,010917147973156,Nokia,M17,1,2020-05-25
DEV001624,358667502406074,Apple,M42,1,2023-03-21
DEV001625,013419406789095,Samsung,M19,0,2026-05-30
DEV001626,357364437583799,Nokia,M72,1,2025-04-16
DEV001627,351115974359119,Samsung,M73,0,2024-05-25
DEV001628,012205028970586,Samsung,M60,0,2019-12-12
DEV001629,867408105180045,Vivo,M34,1,2026-01-02
DEV001630,491245530492631,Xiaomi,M29,0,2022-06-03
DEV001631,499279425491815,Vivo,M12,1,2019-04-19
DEV001632,494086063312806,Tecno,M75,0,2024-08-02
DEV001633,353648190744001,OnePlus,M41,1,2020-01-18
DEV001634,018900142010680,Tecno,M22,1,2018-10-19
DEV001635,352894995031598,Realme,M49,1,2026-04-04
DEV001636,862821037516465,Vivo,M77,1,2024-11-27
DEV001637,862554417080743,Xiaomi,M49,0,2022-06-29
DEV001638,498519180056058,Realme,M77,1,2019-10-13
DEV001639,490641064456245,Tecno,M39,1,2020-11-05
DEV001640,015524911357789,Vivo,M39,1,2024-10-03
DEV001641,861209062678899,Oppo,M75,1,2020-06-11
DEV001642,011759584939955,Samsung,M61,1,2021-02-25
DEV001643,016476095000868,Apple,M19,0,2019-01-15
DEV001644,351350272551092,Vivo,M51,1,2019-02-09
DEV001645,354738994333324,OnePlus,M23,1,2019-04-15
DEV001646,495832129516849,Xiaomi,M88,1,2020-04-19
DEV001647,491718231677276,Vivo,M83,0,2018-05-05
DEV001648,351658592645571,Apple,M94,1,2025-06-23
DEV001649,494540154279813,Tecno,M25,1,2020-06-19
DEV001650,355162301180569,Samsung,M84,1,2019-08-25
DEV001651,016175466991072,OnePlus,M19,1,2019-07-25
DEV001652,012010029848534,Xiaomi,M11,1,2020-12-26
DEV001653,011454411871619,Vivo,M98,0,2018-12-30
DEV001654,861738685590543,Vivo,M50,1,2022-04-10
DEV001655,351816525426922,Apple,M65,1,2018-05-15
DEV001656,010227479439183,Tecno,M84,1,2022-03-30
DEV001657,018231978106343,Vivo,M21,0,2024-06-21
DEV001658,353910368539138,Tecno,M77,1,2022-10-23
DEV001659,860120464612885,Apple,M66,1,2022-01-20
DEV001660,359874823196707,Apple,M12,1,2023-06-04
DEV001661,861218278603890,Realme,M26,1,2020-07-23
DEV001662,353438225097672,Tecno,M81,1,2020-08-11
DEV001663,010747523734001,Xiaomi,M56,0,2021-06-14
DEV001664,015150057906341,Tecno,M84,1,2022-12-17
DEV001665,860695048625626,Realme,M42,1,2022-01-01
DEV001666,860496451986430,OnePlus,M39,1,2024-01-09
DEV001667,491088443771452,Xiaomi,M76,1,2020-12-12
DEV001668,015663314942093,Lava,M43,1,2022-05-23
DEV001669,351493567007930,Xiaomi,M28,1,2021-03-15
DEV001670,353146438708210,Vivo,M96,1,2024-01-24
DEV001671,496986247880215,Apple,M59,1,2018-02-08
DEV001672,352646851702468,Oppo,M16,0,2019-04-24
DEV001673,013143302271316,Nokia,M26,1,2025-10-29
DEV001674,493406072463658,Lava,M28,0,2023-12-09
DEV001675,352394123393442,Realme,M60,1,2026-04-13
DEV001676,864356345959296,Xiaomi,M84,1,2019-12-05
DEV001677,011153646449154,Samsung,M52,0,2024-05-11
DEV001678,493596491490229,Tecno,M95,0,2024-09-13
DEV001679,497147630056606,Vivo,M36,1,2020-05-23
DEV001680,490174037678097,Samsung,M13,1,2021-11-07
DEV001681,357160681417013,Tecno,M44,0,2019-02-06
DEV001682,494292222474189,Apple,M74,1,2020-04-23
DEV001683,498302633332320,Oppo,M94,0,2018-03-15
DEV001684,352452358806480,Oppo,M51,1,2026-05-05
DEV001685,863326167364176,Nokia,M20,1,2023-11-10
DEV001686,864792906638937,Realme,M25,1,2021-01-15
DEV001687,492440975896971,Oppo,M50,1,2025-08-11
DEV001688,350692920079418,Lava,M57,0,2025-05-22
DEV001689,355200229390562,Samsung,M76,1,2024-05-11
DEV001690,015078544475393,Apple,M77,0,2021-11-08
DEV001691,354564208927767,Nokia,M90,1,2019-11-14
DEV001692,358042169657412,OnePlus,M74,1,2021-12-07
DEV001693,863829483959508,Nokia,M10,1,2023-02-03
DEV001694,495374947232556,Lava,M24,0,2026-06-03
DEV001695,355202330430728,Nokia,M96,1,2023-12-30
DEV001696,014588557504216,Vivo,M86,1,2025-09-02
DEV001697,492364268385481,OnePlus,M20,1,2022-04-06
DEV001698,860643333491494,Lava,M30,1,2020-12-02
DEV001699,018553980196260,Xiaomi,M75,1,2018-10-20
DEV001700,497866838234146,Lava,M21,1,2021-12-23
DEV001701,359514555176331,Realme,M23,1,2019-08-30
DEV001702,353460630351648,Apple,M17,1,2021-04-10
DEV001703,357747335591579,Tecno,M85,1,2021-04-20
DEV001704,017607236203293,Samsung,M15,1,2022-02-02
DEV001705,019898365939099,Tecno,M32,1,2022-12-19
DEV001706,491613821712865,Nokia,M75,0,2018-02-08
DEV001707,351590335472404,OnePlus,M89,0,2019-07-10
DEV001708,010128596791195,Xiaomi,M76,1,2020-03-08
DEV001709,864637850109339,Vivo,M35,1,2018-07-25
DEV001710,866520008877268,Xiaomi,M49,0,2025-06-20
DEV001711,860537600069415,Xiaomi,M80,1,2020-01-25
DEV001712,350282623049322,Xiaomi,M38,1,2026-03-04
DEV001713,492844608727350,Xiaomi,M36,0,2018-07-12
DEV001714,353784031224082,Realme,M45,1,2019-02-13
DEV001715,353529147843951,Samsung,M39,1,2018-11-19
DEV001716,350454378745563,Nokia,M14,0,2021-12-17
DEV001717,497919464998359,Samsung,M73,1,2025-10-05
DEV001718,013759422607508,Nokia,M33,0,2024-11-01
DEV001719,499499209778811,Apple,M97,1,2025-08-22
DEV001720,350671283824539,Tecno,M86,1,2025-04-15
DEV001721,864726620178986,Vivo,M57,1,2019-10-06
DEV001722,350831550592574,Nokia,M51,1,2025-05-04
DEV001723,356617720905821,Tecno,M92,0,2022-09-15
DEV001724,356163334035733,Tecno,M54,1,2018-10-04
DEV001725,357393475199549,Samsung,M51,0,2025-07-22
DEV001726,498557328620883,Samsung,M18,1,2024-01-25
DEV001727,351981816523285,Tecno,M35,1,2025-10-22
DEV001728,499510347212426,OnePlus,M23,1,2025-05-11
DEV001729,492104054263012,Tecno,M14,0,2019-10-23
DEV001730,350180802496635,Vivo,M54,1,2022-08-26
DEV001731,861895206968747,Realme,M55,1,2023-02-22
DEV001732,355158468903390,Nokia,M19,1,2020-10-11
DEV001733,355906338199044,Oppo,M53,1,2024-01-10
DEV001734,354043234289677,Nokia,M81,0,2024-06-23
DEV001735,350285600590721,Oppo,M18,0,2018-11-27
DEV001736,354340821000955,Samsung,M85,0,2023-06-26
DEV001737,355642811076724,Vivo,M75,0,2020-12-22
DEV001738,493465275950487,Apple,M74,1,2018-09-12
DEV001739,355893057561580,Xiaomi,M75,1,2018-04-06
DEV001740,012368742415098,Vivo,M70,1,2019-12-08
DEV001741,494128409531986,Samsung,M15,1,2021-09-27
DEV001742,351482441780809,Lava,M58,1,2023-06-09
DEV001743,016346746672834,OnePlus,M63,1,2019-06-16
DEV001744,496219165476977,Apple,M86,1,2019-07-03
DEV001745,864176697266107,Nokia,M46,1,2019-02-03
DEV001746,866890784480363,Lava,M26,0,2019-12-25
DEV001747,013232885793053,Realme,M66,1,2024-03-13
DEV001748,011148130657733,Nokia,M14,0,2021-05-26
DEV001749,869103035833806,Lava,M90,1,2026-03-23
DEV001750,351858934535175,Lava,M17,1,2021-06-08
DEV001751,867015717552934,Nokia,M31,1,2018-11-28
DEV001752,867567995197225,Vivo,M47,0,2025-10-04
DEV001753,866269187986405,Xiaomi,M55,1,2024-03-22
DEV001754,867172494082475,Samsung,M67,1,2024-08-20
DEV001755,497175473301477,Lava,M85,0,2024-09-18
DEV001756,355651184275395,Apple,M41,1,2020-02-28
DEV001757,010729451997045,Vivo,M39,1,2018-02-02
DEV001758,018823619592124,Tecno,M27,1,2018-05-05
DEV001759,869184303020849,Realme,M87,1,2019-03-29
DEV001760,497320983737838,OnePlus,M87,1,2021-06-03
DEV001761,864447243775526,Tecno,M31,0,2021-08-27
DEV001762,016437573444009,OnePlus,M69,1,2021-10-22
DEV001763,019285989552128,Nokia,M58,1,2024-10-15
DEV001764,864423881846312,Realme,M93,1,2019-10-02
DEV001765,010505019783770,Realme,M18,1,2018-11-11
DEV001766,017980786639305,Oppo,M34,0,2018-07-19
DEV001767,358273532000371,Tecno,M97,0,2024-05-31
DEV001768,491953519350021,Vivo,M15,1,2026-04-14
DEV001769,354518519607958,Samsung,M37,0,2025-08-19
DEV001770,352200427659529,Oppo,M28,0,2018-09-03
DEV001771,018660891043022,Apple,M80,1,2024-03-28
DEV001772,354944618466569,Apple,M46,1,2023-09-05
DEV001773,356391228295022,Samsung,M72,0,2018-12-19
DEV001774,868458234238417,Samsung,M98,1,2018-04-16
DEV001775,359148092672980,Apple,M91,1,2018-08-11
DEV001776,354003771626339,Lava,M38,1,2020-07-11
DEV001777,350940052053562,OnePlus,M60,1,2020-11-17
DEV001778,868311813033724,Lava,M29,1,2022-04-26
DEV001779,351230814610210,OnePlus,M23,1,2022-08-14
DEV001780,351608273518822,Lava,M25,1,2018-04-10
DEV001781,869821037800991,Vivo,M47,1,2020-03-05
DEV001782,497833574999017,Oppo,M34,1,2022-04-10
DEV001783,356342618475990,Realme,M90,1,2019-05-06
DEV001784,350345330526900,Oppo,M56,0,2018-03-17
DEV001785,356828456621189,Samsung,M25,0,2023-11-20
DEV001786,350237960934929,Tecno,M49,1,2021-01-19
DEV001787,015681970062343,Vivo,M16,1,2020-01-12
DEV001788,864325873698889,Vivo,M32,1,2022-05-16
DEV001789,356049981404422,Lava,M74,1,2022-01-12
DEV001790,497324681644042,Oppo,M96,1,2024-05-08
DEV001791,351197289734654,OnePlus,M91,1,2019-07-25
DEV001792,863210579782200,Xiaomi,M53,1,2022-11-12
DEV001793,350314089440074,OnePlus,M35,1,2018-03-29
DEV001794,495820457918539,Xiaomi,M96,0,2022-10-16
DEV001795,358048426399823,OnePlus,M65,0,2024-07-20
DEV001796,495465597041006,Lava,M14,0,2018-01-12
DEV001797,013470200047336,Lava,M54,1,2020-06-03
DEV001798,497804767629546,Xiaomi,M76,1,2022-06-04
DEV001799,868696228663530,Nokia,M84,1,2018-07-05
DEV001800,017629765574973,Xiaomi,M82,1,2024-07-13
DEV001801,350758847303047,Lava,M56,1,2020-07-17
DEV001802,863544869354255,Vivo,M11,1,2021-05-08
DEV001803,865431193454483,Xiaomi,M24,1,2022-07-26
DEV001804,354145046580311,Realme,M92,1,2019-08-06
DEV001805,011220430422475,Realme,M56,1,2018-06-01
DEV001806,018877636240717,Xiaomi,M75,1,2019-08-09
DEV001807,350780891961013,Realme,M74,1,2021-05-07
DEV001808,016100945702440,Samsung,M76,1,2021-04-01
DEV001809,351369051425397,Oppo,M84,1,2022-11-12
DEV001810,357113939419627,Realme,M55,1,2021-08-29
DEV001811,012708555120614,Oppo,M93,1,2018-03-29
DEV001812,356488253224226,Oppo,M44,1,2018-02-26
DEV001813,491514254787235,Samsung,M58,1,2021-10-14
DEV001814,354979641749069,Samsung,M26,1,2019-05-25
DEV001815,867188374854119,Vivo,M84,1,2021-05-06
DEV001816,495364987635744,Oppo,M79,1,2018-03-14
DEV001817,867232495134058,Vivo,M68,1,2020-12-15
DEV001818,017390776065982,Realme,M59,1,2022-02-08
DEV001819,017350294175286,Realme,M33,1,2018-11-18
DEV001820,352777313946965,Realme,M10,1,2025-07-26
DEV001821,869887212532978,Realme,M70,1,2021-09-18
DEV001822,352231424299785,Xiaomi,M54,1,2024-09-30
DEV001823,016979752410030,Samsung,M37,1,2022-02-02
DEV001824,013571715410786,Vivo,M92,1,2019-02-14
DEV001825,863731894840454,Vivo,M89,1,2022-09-29
DEV001826,355290886086541,Samsung,M79,1,2018-05-20
DEV001827,018863550274378,Xiaomi,M50,1,2025-01-03
DEV001828,862750639573052,Xiaomi,M25,1,2024-01-05
DEV001829,862287112084358,Vivo,M45,1,2018-09-04
DEV001830,013589347234274,Xiaomi,M32,1,2021-07-23
DEV001831,017877700839131,Oppo,M92,1,2021-03-22
DEV001832,019898505850139,Samsung,M65,1,2025-03-21
DEV001833,013452668178168,Realme,M61,1,2021-03-30
DEV001834,359669698308459,Xiaomi,M76,1,2023-03-19
DEV001835,355285173689276,Oppo,M54,1,2018-09-10
DEV001836,862668286359213,Realme,M98,1,2022-04-02
