digital_id,person_id,platform,handle,email,first_seen,is_anonymous_profile
DIG000001,P000003,WhatsApp,@dattatrayx,dattatrayx@outlook.com,2020-10-08,0
DIG000002,P000004,Instagram,@nilesh.x,nilesh.x@outlook.com,2019-03-18,0
DIG000003,P000005,Signal,@aslam.2895,aslam.2895@outlook.com,2022-06-04,1
DIG000004,P000006,X,@zubair5797,zubair5797@gmail.com,2023-04-22,0
DIG000005,P000007,Telegram,@bhaskar.4855,bhaskar.4855@outlook.com,2020-09-19,0
DIG000006,P000008,Facebook,@tanveerx,tanveerx@outlook.com,2025-02-05,0
DIG000007,P000010,Signal,@amolrane,amolrane@gmail.com,2023-08-02,0
DIG000008,P000013,Instagram,@mushtaq_baig,mushtaq_baig@protonmail.com,2025-08-26,0
DIG000009,P000015,Snapchat,@swapnilbhoir,swapnilbhoir@protonmail.com,2021-04-24,1
DIG000010,P000016,WhatsApp,@hardik_barot,hardik_barot@protonmail.com,2018-09-08,0
DIG000011,P000017,Telegram,@swapniltandel,swapniltandel@outlook.com,2026-01-13,0
DIG000012,P000018,Signal,@salim_x,salim_x@gmail.com,2022-04-23,0
DIG000013,P000020,Telegram,@nitin_x,nitin_x@gmail.com,2018-03-28,1
DIG000014,P000026,X,@hitesh_1631,hitesh_1631@outlook.com,2019-03-03,1
DIG000015,P000029,WhatsApp,@ashwin7567,ashwin7567@protonmail.com,2018-10-11,0
DIG000016,P000030,Snapchat,@rahul_nanha,rahul_nanha@outlook.com,2025-02-08,1
DIG000017,P000031,Facebook,@vipulvipul,vipulvipul@protonmail.com,2018-02-02,0
DIG000018,P000032,Signal,@rasik8294,rasik8294@outlook.com,2021-01-19,0
DIG000019,P000033,WhatsApp,@arif.chaudhary,arif.chaudhary@outlook.com,2025-06-19,0
DIG000020,P000034,Telegram,@mohammedidrisi,mohammedidrisi@protonmail.com,2025-01-21,0
DIG000021,P000035,Facebook,@sachin_bhosale,sachin_bhosale@yahoo.in,2026-01-11,1
DIG000022,P000036,Telegram,@shahnazx,shahnazx@gmail.com,2021-06-05,0
DIG000023,P000038,WhatsApp,@tushar_6622,tushar_6622@protonmail.com,2022-02-01,0
DIG000024,P000039,Snapchat,@sagar.8501,sagar.8501@yahoo.in,2024-05-02,1
DIG000025,P000041,Telegram,@pandurang_x,pandurang_x@outlook.com,2020-11-16,0
DIG000026,P000042,Snapchat,@trupti4111,trupti4111@yahoo.in,2024-02-19,0
DIG000027,P000045,X,@dharmesh8182,dharmesh8182@yahoo.in,2021-03-10,1
DIG000028,P000048,Snapchat,@tanaji.5716,tanaji.5716@outlook.com,2019-11-01,0
DIG000029,P000049,Snapchat,@bhavesh.thakor,bhavesh.thakor@protonmail.com,2020-04-03,0
DIG000030,P000051,Signal,@bhaskar_bhaskar,bhaskar_bhaskar@protonmail.com,2022-01-27,0
DIG000031,P000054,Facebook,@dharmeshustad,dharmeshustad@gmail.com,2020-04-29,1
DIG000032,P000055,Instagram,@ibrahim.ibrahim,ibrahim.ibrahim@protonmail.com,2018-06-28,0
DIG000033,P000056,X,@swapnil.salunkhe,swapnil.salunkhe@yahoo.in,2024-07-15,0
DIG000034,P000059,Signal,@bharatx,bharatx@outlook.com,2023-10-29,0
DIG000035,P000060,Telegram,@rasik_x,rasik_x@gmail.com,2024-09-19,0
DIG000036,P000063,Snapchat,@dattatray5776,dattatray5776@protonmail.com,2024-09-12,0
DIG000037,P000064,Snapchat,@rafiq.ahmed,rafiq.ahmed@yahoo.in,2019-01-31,0
DIG000038,P000065,Instagram,@shahnawazshahnawaz,shahnawazshahnawaz@protonmail.com,2020-01-02,0
DIG000039,P000066,Telegram,@ashfaq6978,ashfaq6978@gmail.com,2026-04-01,0
DIG000040,P000067,X,@pandurangmhatre,pandurangmhatre@outlook.com,2021-05-24,0
DIG000041,P000070,Telegram,@ashwin_1936,ashwin_1936@gmail.com,2022-07-20,0
DIG000042,P000072,X,@jayesh_desai,jayesh_desai@outlook.com,2019-02-28,0
DIG000043,P000076,Telegram,@divyeshmaster,divyeshmaster@protonmail.com,2021-05-05,0
DIG000044,P000077,Telegram,@dharmesh.kallu,dharmesh.kallu@protonmail.com,2024-09-24,1
DIG000045,P000080,Snapchat,@kalpesh5379,kalpesh5379@outlook.com,2025-02-26,1
DIG000046,P000081,X,@sandipsandip,sandipsandip@outlook.com,2022-12-08,0
DIG000047,P000084,X,@rafiq.9229,rafiq.9229@yahoo.in,2024-02-13,1
DIG000048,P000085,X,@ibrahim_x,ibrahim_x@yahoo.in,2025-09-02,0
DIG000049,P000086,Snapchat,@chirag.5379,chirag.5379@protonmail.com,2021-08-21,0
DIG000050,P000088,Snapchat,@sagar_8169,sagar_8169@gmail.com,2018-08-12,0
DIG000051,P000089,WhatsApp,@tushar5069,tushar5069@protonmail.com,2019-03-19,0
DIG000052,P000090,Snapchat,@mangesh1686,mangesh1686@yahoo.in,2020-01-26,0
DIG000053,P000091,Snapchat,@shahnawazx,shahnawazx@yahoo.in,2023-04-03,0
DIG000054,P000092,Snapchat,@ibrahim.7450,ibrahim.7450@yahoo.in,2024-12-08,0
DIG000055,P000095,WhatsApp,@satnam.bains,satnam.bains@gmail.com,2021-08-17,1
DIG000056,P000096,Instagram,@navneet.x,navneet.x@yahoo.in,2022-05-02,0
DIG000057,P000099,X,@shakeel_pathan,shakeel_pathan@gmail.com,2018-09-14,0
DIG000058,P000101,X,@ratan_saini,ratan_saini@protonmail.com,2018-04-30,1
DIG000059,P000104,WhatsApp,@devi6770,devi6770@gmail.com,2023-02-16,0
DIG000060,P000105,Telegram,@mohan5898,mohan5898@gmail.com,2023-12-08,1
DIG000061,P000106,Telegram,@amarjit_master,amarjit_master@yahoo.in,2020-07-03,0
DIG000062,P000108,Signal,@ranveer1627,ranveer1627@yahoo.in,2020-04-25,0
DIG000063,P000109,Facebook,@firoz_chaudhary,firoz_chaudhary@protonmail.com,2019-11-03,0
DIG000064,P000110,X,@iqbalx,iqbalx@outlook.com,2024-06-08,1
DIG000065,P000111,X,@nirmal_x,nirmal_x@outlook.com,2020-01-18,1
DIG000066,P000113,X,@mushtaqkhan,mushtaqkhan@protonmail.com,2023-08-13,0
DIG000067,P000114,X,@gayatri.bandook,gayatri.bandook@yahoo.in,2020-11-13,1
DIG000068,P000116,X,@kishan3614,kishan3614@protonmail.com,2019-12-29,0
DIG000069,P000120,Signal,@harbhajan_kallu,harbhajan_kallu@gmail.com,2026-04-24,1
DIG000070,P000121,X,@ashfaq_2842,ashfaq_2842@outlook.com,2025-10-11,1
DIG000071,P000123,X,@bhomapoonia,bhomapoonia@protonmail.com,2023-06-20,0
DIG000072,P000125,Instagram,@sarfaraz.idrisi,sarfaraz.idrisi@protonmail.com,2021-07-01,0
DIG000073,P000127,Snapchat,@nadeemmirza,nadeemmirza@gmail.com,2024-04-05,0
DIG000074,P000129,Signal,@kulwant_x,kulwant_x@protonmail.com,2019-10-23,1
DIG000075,P000132,WhatsApp,@jarnail901,jarnail901@protonmail.com,2023-06-10,1
DIG000076,P000133,WhatsApp,@gurmeet.lambu,gurmeet.lambu@outlook.com,2023-07-17,1
DIG000077,P000135,Snapchat,@karni.x,karni.x@outlook.com,2023-12-23,0
DIG000078,P000140,WhatsApp,@bhanwari.bhanwari,bhanwari.bhanwari@outlook.com,2021-03-15,0
DIG000079,P000141,Telegram,@paramjitgrewal,paramjitgrewal@gmail.com,2023-09-11,0
DIG000080,P000143,Facebook,@nadeemkhan,nadeemkhan@yahoo.in,2025-12-12,0
DIG000081,P000145,Snapchat,@nirmal_7046,nirmal_7046@gmail.com,2023-07-01,0
DIG000082,P000148,Signal,@bhanwarsaini,bhanwarsaini@outlook.com,2025-02-11,0
DIG000083,P000149,Instagram,@satnam_6834,satnam_6834@protonmail.com,2019-09-27,0
DIG000084,P000151,WhatsApp,@baljinder1258,baljinder1258@yahoo.in,2025-08-01,0
DIG000085,P000153,Facebook,@shahnawaz.shahnawaz,shahnawaz.shahnawaz@gmail.com,2026-05-21,0
DIG000086,P000154,X,@nadeem.8864,nadeem.8864@gmail.com,2024-03-09,0
DIG000087,P000157,Telegram,@devi_9689,devi_9689@protonmail.com,2024-06-20,0
DIG000088,P000158,Snapchat,@sarfarazx,sarfarazx@gmail.com,2025-04-01,1
DIG000089,P000159,Facebook,@lakhwinder.9478,lakhwinder.9478@outlook.com,2020-05-05,0
DIG000090,P000160,Telegram,@rachhpal.singh,rachhpal.singh@protonmail.com,2022-03-20,0
DIG000091,P000161,Telegram,@mohanmaster,mohanmaster@outlook.com,2024-05-28,0
DIG000092,P000163,Instagram,@shahnaz_3661,shahnaz_3661@outlook.com,2022-11-30,0
DIG000093,P000166,Instagram,@faizan_hussain,faizan_hussain@outlook.com,2022-07-28,1
DIG000094,P000169,Instagram,@rukhsana_ahmed,rukhsana_ahmed@gmail.com,2024-02-14,0
DIG000095,P000172,WhatsApp,@kanta.2581,kanta.2581@outlook.com,2022-09-06,1
DIG000096,P000173,WhatsApp,@ibrahim.879,ibrahim.879@gmail.com,2025-12-24,1
DIG000097,P000174,Facebook,@ranveer6914,ranveer6914@gmail.com,2021-06-16,0
DIG000098,P000177,Telegram,@palash.2363,palash.2363@protonmail.com,2024-05-11,0
DIG000099,P000179,Instagram,@nepalmistry,nepalmistry@gmail.com,2018-10-21,0
DIG000100,P000180,Signal,@sukumar_biswas,sukumar_biswas@protonmail.com,2020-07-18,1
DIG000101,P000181,Snapchat,@satish.5196,satish.5196@yahoo.in,2023-12-07,0
DIG000102,P000182,Facebook,@iqbal_tempo,iqbal_tempo@yahoo.in,2018-07-30,0
DIG000103,P000184,WhatsApp,@rameshramesh,rameshramesh@yahoo.in,2020-04-09,0
DIG000104,P000186,WhatsApp,@netrapal.x,netrapal.x@gmail.com,2018-04-16,0
DIG000105,P000188,WhatsApp,@sujoysarkar,sujoysarkar@protonmail.com,2018-03-01,0
DIG000106,P000189,Snapchat,@pradip.chikna,pradip.chikna@protonmail.com,2021-10-12,0
DIG000107,P000193,WhatsApp,@nirmal.barman,nirmal.barman@outlook.com,2018-06-12,0
DIG000108,P000194,Signal,@bandana_das,bandana_das@gmail.com,2018-05-10,1
DIG000109,P000197,Telegram,@gopal_cheetah,gopal_cheetah@protonmail.com,2019-06-24,1
DIG000110,P000198,Instagram,@pradip_barman,pradip_barman@protonmail.com,2020-05-23,0
DIG000111,P000202,Signal,@sujoylangda,sujoylangda@gmail.com,2020-10-16,0
DIG000112,P000203,WhatsApp,@palash.x,palash.x@yahoo.in,2026-04-17,0
DIG000113,P000207,Snapchat,@mahesh.sharma,mahesh.sharma@outlook.com,2024-03-31,0
DIG000114,P000208,WhatsApp,@mushtaq.8206,mushtaq.8206@gmail.com,2021-08-20,0
DIG000115,P000209,Instagram,@nadeem2159,nadeem2159@gmail.com,2025-02-06,0
DIG000116,P000210,X,@haroon.x,haroon.x@outlook.com,2018-09-22,0
DIG000117,P000214,Instagram,@subhas.1210,subhas.1210@protonmail.com,2023-07-01,0
DIG000118,P000219,Instagram,@jagdish_jagdish,jagdish_jagdish@outlook.com,2023-08-07,1
DIG000119,P000220,Facebook,@yogendra.190,yogendra.190@gmail.com,2024-07-29,0
DIG000120,P000221,X,@triloki5550,triloki5550@protonmail.com,2019-01-11,1
DIG000121,P000225,Signal,@arindam_arindam,arindam_arindam@yahoo.in,2024-07-16,0
DIG000122,P000226,WhatsApp,@debashish_debashish,debashish_debashish@gmail.com,2024-04-20,1
DIG000123,P000227,Facebook,@pradip.276,pradip.276@protonmail.com,2018-05-28,0
DIG000124,P000228,Signal,@ruparoy,ruparoy@outlook.com,2018-09-29,1
DIG000125,P000230,Telegram,@tapan_8696,tapan_8696@outlook.com,2021-06-30,1
DIG000126,P000231,Facebook,@swapan.pehalwan,swapan.pehalwan@gmail.com,2022-08-29,0
DIG000127,P000233,Signal,@naseer.saifi,naseer.saifi@protonmail.com,2021-07-15,0
DIG000128,P000234,X,@faizan_9345,faizan_9345@gmail.com,2024-01-05,0
DIG000129,P000235,WhatsApp,@dinesh_baghel,dinesh_baghel@outlook.com,2019-08-15,0
DIG000130,P000236,X,@shyamlal.x,shyamlal.x@gmail.com,2022-12-15,0
DIG000131,P000239,Snapchat,@kuldeep_kuldeep,kuldeep_kuldeep@protonmail.com,2023-06-02,0
DIG000132,P000242,Telegram,@pradeepx,pradeepx@outlook.com,2021-11-07,1
DIG000133,P000246,WhatsApp,@sunil.sunil,sunil.sunil@outlook.com,2022-08-09,0
DIG000134,P000247,Telegram,@deepak_7391,deepak_7391@outlook.com,2026-02-27,1
DIG000135,P000248,Facebook,@afsanaansari,afsanaansari@protonmail.com,2022-04-25,1
DIG000136,P000251,WhatsApp,@javedchaudhary,javedchaudhary@outlook.com,2020-09-26,1
DIG000137,P000252,Telegram,@anilyadav,anilyadav@gmail.com,2021-05-30,1
DIG000138,P000254,WhatsApp,@wasimsheikh,wasimsheikh@yahoo.in,2019-08-11,0
DIG000139,P000255,Telegram,@lekhraj_8917,lekhraj_8917@protonmail.com,2026-02-01,0
DIG000140,P000258,Telegram,@subhas.subhas,subhas.subhas@gmail.com,2023-05-23,0
DIG000141,P000259,WhatsApp,@rizwan_7631,rizwan_7631@protonmail.com,2018-01-10,0
DIG000142,P000261,Signal,@sunil_sunil,sunil_sunil@outlook.com,2018-07-21,0
DIG000143,P000262,X,@ibrahim_ibrahim,ibrahim_ibrahim@protonmail.com,2020-09-25,0
DIG000144,P000265,X,@mushtaq_1549,mushtaq_1549@yahoo.in,2025-03-10,0
DIG000145,P000269,Facebook,@sajid_sajid,sajid_sajid@outlook.com,2022-10-30,1
DIG000146,P000270,Telegram,@bhupendra.awasthi,bhupendra.awasthi@protonmail.com,2021-11-13,1
DIG000147,P000271,Instagram,@ranjan.1346,ranjan.1346@protonmail.com,2024-02-25,0
DIG000148,P000274,Telegram,@anwar.anwar,anwar.anwar@outlook.com,2021-01-21,0
DIG000149,P000275,WhatsApp,@arif.shaikh,arif.shaikh@outlook.com,2023-09-23,1
DIG000150,P000277,Telegram,@rupanaskar,rupanaskar@outlook.com,2021-09-15,0
DIG000151,P000279,WhatsApp,@bhupendra.7986,bhupendra.7986@outlook.com,2022-02-08,0
DIG000152,P000281,WhatsApp,@subhas.adhikari,subhas.adhikari@outlook.com,2020-08-31,1
DIG000153,P000283,Facebook,@shakeel_x,shakeel_x@yahoo.in,2023-09-29,1
DIG000154,P000284,Telegram,@deepak_baghel,deepak_baghel@outlook.com,2021-03-06,0
DIG000155,P000285,Instagram,@vijay.dixit,vijay.dixit@outlook.com,2020-08-04,1
DIG000156,P000286,Signal,@gautammondal,gautammondal@outlook.com,2020-10-26,1
DIG000157,P000288,X,@gautamlangda,gautamlangda@gmail.com,2023-07-15,1
DIG000158,P000290,X,@alpesh_shah,alpesh_shah@yahoo.in,2025-09-09,1
DIG000159,P000294,Snapchat,@sarfaraz.332,sarfaraz.332@gmail.com,2022-09-17,0
DIG000160,P000295,Telegram,@imransaifi,imransaifi@gmail.com,2024-12-16,0
DIG000161,P000296,Instagram,@salim.baig,salim.baig@protonmail.com,2023-04-12,0
DIG000162,P000297,Instagram,@divyesh.divyesh,divyesh.divyesh@yahoo.in,2019-12-13,0
DIG000163,P000298,Instagram,@baiju_marar,baiju_marar@protonmail.com,2024-10-10,0
DIG000164,P000299,Instagram,@vinayakan.sarkar,vinayakan.sarkar@gmail.com,2023-01-18,0
DIG000165,P000300,WhatsApp,@haroon.haroon,haroon.haroon@protonmail.com,2020-05-10,0
DIG000166,P000301,Instagram,@jayan.joseph,jayan.joseph@yahoo.in,2021-12-01,1
DIG000167,P000303,Telegram,@balbiryadav,balbiryadav@yahoo.in,2020-02-10,0
DIG000168,P000305,Snapchat,@manoj_x,manoj_x@gmail.com,2020-04-24,1
DIG000169,P000306,Signal,@nadeem2530,nadeem2530@outlook.com,2018-07-11,0
DIG000170,P000307,X,@ibrahim.7450,ibrahim.7450@yahoo.in,2018-11-20,0
DIG000171,P000308,Instagram,@netrapal.9621,netrapal.9621@gmail.com,2021-07-29,1
DIG000172,P000309,Signal,@jigneshthakor,jigneshthakor@protonmail.com,2024-01-09,1
DIG000173,P000310,Telegram,@anwar.alam,anwar.alam@protonmail.com,2018-01-23,1
DIG000174,P000311,Facebook,@naresh.x,naresh.x@yahoo.in,2020-08-03,0
DIG000175,P000312,Signal,@anoop_kurup,anoop_kurup@protonmail.com,2018-11-22,0
DIG000176,P000314,X,@praveen.kurup,praveen.kurup@outlook.com,2023-01-17,0
DIG000177,P000315,Instagram,@paresh24,paresh24@yahoo.in,2022-07-22,0
DIG000178,P000316,Signal,@jitendra_solanki,jitendra_solanki@gmail.com,2019-06-24,0
DIG000179,P000317,X,@nishad.x,nishad.x@outlook.com,2022-01-08,0
DIG000180,P000319,Signal,@sarfaraz.baig,sarfaraz.baig@yahoo.in,2023-12-29,1
DIG000181,P000320,Telegram,@anoop_x,anoop_x@outlook.com,2022-01-10,1
DIG000182,P000321,Snapchat,@vipul_2745,vipul_2745@yahoo.in,2025-09-17,1
DIG000183,P000324,Instagram,@nilesh.1405,nilesh.1405@gmail.com,2024-08-23,1
DIG000184,P000325,Signal,@chirag.9881,chirag.9881@outlook.com,2024-12-05,0
DIG000185,P000326,WhatsApp,@jigneshpatel,jigneshpatel@yahoo.in,2025-02-01,0
DIG000186,P000327,Facebook,@javed.chaudhary,javed.chaudhary@gmail.com,2019-04-02,0
DIG000187,P000329,WhatsApp,@rambabu_rambabu,rambabu_rambabu@yahoo.in,2025-08-18,1
DIG000188,P000332,Telegram,@shibu_thomas,shibu_thomas@gmail.com,2024-10-23,0
DIG000189,P000333,Snapchat,@ketan_kaana,ketan_kaana@outlook.com,2024-01-13,0
DIG000190,P000341,X,@vipin4932,vipin4932@yahoo.in,2024-01-15,0
DIG000191,P000342,Signal,@rasikpehalwan,rasikpehalwan@outlook.com,2019-12-08,0
DIG000192,P000343,WhatsApp,@hardik.zala,hardik.zala@yahoo.in,2020-02-29,1
DIG000193,P000346,Snapchat,@rajeevan.2452,rajeevan.2452@yahoo.in,2022-10-03,0
DIG000194,P000347,Telegram,@satish.1930,satish.1930@yahoo.in,2024-08-10,1
DIG000195,P000348,Facebook,@firozx,firozx@gmail.com,2021-12-18,0
DIG000196,P000349,Telegram,@rinku_3491,rinku_3491@protonmail.com,2018-06-14,1
DIG000197,P000351,WhatsApp,@shakeel_raja,shakeel_raja@protonmail.com,2024-01-04,0
DIG000198,P000352,X,@ramesh.tiwari,ramesh.tiwari@yahoo.in,2023-10-30,0
DIG000199,P000354,X,@shailendra_ustad,shailendra_ustad@protonmail.com,2018-02-09,0
DIG000200,P000355,WhatsApp,@randhir.sharma,randhir.sharma@gmail.com,2025-02-21,0
DIG000201,P000356,Facebook,@sudha_2888,sudha_2888@outlook.com,2022-02-13,0
DIG000202,P000362,WhatsApp,@sureshjaiswal,sureshjaiswal@gmail.com,2023-07-28,0
DIG000203,P000363,Telegram,@perumal_kurup,perumal_kurup@protonmail.com,2020-06-17,0
DIG000204,P000364,Facebook,@jitendra.jitendra,jitendra.jitendra@outlook.com,2020-04-03,1
DIG000205,P000368,Snapchat,@dinesh_rathore,dinesh_rathore@yahoo.in,2026-06-24,0
DIG000206,P000369,WhatsApp,@ravichandran_nadar,ravichandran_nadar@outlook.com,2025-06-23,0
DIG000207,P000370,Signal,@yallappa_x,yallappa_x@gmail.com,2023-03-11,1
DIG000208,P000371,X,@manoj.8536,manoj.8536@yahoo.in,2019-08-15,0
DIG000209,P000372,Facebook,@rajendran8182,rajendran8182@gmail.com,2020-01-24,1
DIG000210,P000374,Facebook,@muruganannadurai,muruganannadurai@protonmail.com,2018-08-31,0
DIG000211,P000375,Instagram,@satish_7574,satish_7574@yahoo.in,2025-07-18,1
DIG000212,P000376,Snapchat,@hanumanthappa.acharya,hanumanthappa.acharya@yahoo.in,2020-09-08,1
DIG000213,P000378,Facebook,@malathi.raja,malathi.raja@protonmail.com,2024-09-30,1
DIG000214,P000379,WhatsApp,@saravanan.1403,saravanan.1403@gmail.com,2020-08-17,1
DIG000215,P000381,X,@perumal_x,perumal_x@gmail.com,2020-09-02,0
DIG000216,P000382,X,@mallikarjunmallikarjun,mallikarjunmallikarjun@outlook.com,2024-10-09,0
DIG000217,P000383,WhatsApp,@balbir.yadav,balbir.yadav@protonmail.com,2022-06-30,1
DIG000218,P000386,Facebook,@thangaraj_dada,thangaraj_dada@protonmail.com,2022-03-28,0
DIG000219,P000387,Facebook,@selvam.naicker,selvam.naicker@yahoo.in,2020-07-20,0
DIG000220,P000388,Instagram,@manjunath_4127,manjunath_4127@outlook.com,2026-01-09,0
DIG000221,P000389,X,@shivanna.angadi,shivanna.angadi@protonmail.com,2021-07-21,0
DIG000222,P000393,Snapchat,@anbu_muthusamy,anbu_muthusamy@yahoo.in,2022-11-22,0
DIG000223,P000394,X,@pramod.3025,pramod.3025@yahoo.in,2018-02-17,1
DIG000224,P000397,WhatsApp,@selvam9718,selvam9718@protonmail.com,2022-07-14,1
DIG000225,P000398,Instagram,@girishgirish,girishgirish@gmail.com,2019-06-09,0
DIG000226,P000399,X,@netrapal_3203,netrapal_3203@protonmail.com,2023-03-19,1
DIG000227,P000401,Instagram,@rajendrangullu,rajendrangullu@protonmail.com,2021-01-14,1
DIG000228,P000403,X,@saravanan.mudaliar,saravanan.mudaliar@yahoo.in,2020-06-20,1
DIG000229,P000405,Signal,@om3775,om3775@gmail.com,2020-03-03,0
DIG000230,P000406,Signal,@triloki.4224,triloki.4224@gmail.com,2018-01-20,1
DIG000231,P000407,WhatsApp,@ajay.prajapati,ajay.prajapati@outlook.com,2022-01-29,0
DIG000232,P000408,WhatsApp,@manjunath.5572,manjunath.5572@outlook.com,2022-07-05,0
DIG000233,P000413,Instagram,@selvam_nanha,selvam_nanha@yahoo.in,2026-01-26,0
DIG000234,P000414,X,@thangaraj9719,thangaraj9719@gmail.com,2020-07-02,0
DIG000235,P000415,Telegram,@vinodsarkar,vinodsarkar@protonmail.com,2021-02-26,0
DIG000236,P000416,Instagram,@manikandan.annadurai,manikandan.annadurai@outlook.com,2018-02-22,1
DIG000237,P000417,Telegram,@yogendra.3750,yogendra.3750@gmail.com,2018-11-25,0
DIG000238,P000418,Telegram,@gopalnaskar,gopalnaskar@outlook.com,2021-10-09,0
DIG000239,P000419,Telegram,@palash.mistry,palash.mistry@gmail.com,2023-07-31,0
DIG000240,P000420,X,@shahnawaz.kabootar,shahnawaz.kabootar@outlook.com,2020-11-26,1
DIG000241,P000423,Facebook,@sikha.9367,sikha.9367@yahoo.in,2021-05-01,0
DIG000242,P000424,X,@shantishanti,shantishanti@yahoo.in,2020-03-29,0
DIG000243,P000425,WhatsApp,@nirmal_3629,nirmal_3629@protonmail.com,2024-07-02,1
DIG000244,P000428,Snapchat,@sajidx,sajidx@protonmail.com,2024-06-11,1
DIG000245,P000429,Telegram,@tapan_6627,tapan_6627@yahoo.in,2018-07-19,0
DIG000246,P000430,Instagram,@kartik.halder,kartik.halder@protonmail.com,2022-02-19,1
DIG000247,P000431,Telegram,@bikash.bikash,bikash.bikash@yahoo.in,2024-04-26,1
DIG000248,P000433,Signal,@subhas3932,subhas3932@gmail.com,2025-10-01,1
DIG000249,P000434,Telegram,@ibrahim.khan,ibrahim.khan@outlook.com,2021-11-29,1
DIG000250,P000435,WhatsApp,@naseer.naseer,naseer.naseer@protonmail.com,2022-08-26,0
DIG000251,P000436,WhatsApp,@shahnawaz9522,shahnawaz9522@protonmail.com,2025-02-01,1
DIG000252,P000437,Facebook,@farida_khan,farida_khan@gmail.com,2018-05-17,0
DIG000253,P000438,WhatsApp,@kartik.bose,kartik.bose@protonmail.com,2026-03-10,0
DIG000254,P000439,Instagram,@gopal7658,gopal7658@yahoo.in,2018-12-26,0
DIG000255,P000440,Facebook,@swapan9802,swapan9802@gmail.com,2024-08-27,0
DIG000256,P000441,X,@tanveer1353,tanveer1353@yahoo.in,2019-01-26,0
DIG000257,P000442,Instagram,@swapan.1340,swapan.1340@gmail.com,2025-05-22,0
DIG000258,P000444,Telegram,@haroon.master,haroon.master@protonmail.com,2022-02-14,1
DIG000259,P000447,Telegram,@javed.doctor,javed.doctor@outlook.com,2025-08-31,0
DIG000260,P000448,Telegram,@gautam9939,gautam9939@gmail.com,2020-07-03,0
DIG000261,P000450,Telegram,@neelam_lambu,neelam_lambu@gmail.com,2023-10-16,1
DIG000262,P000452,Signal,@mushtaq.tinku,mushtaq.tinku@protonmail.com,2025-03-17,0
DIG000263,P000454,Signal,@gautamhalder,gautamhalder@gmail.com,2018-03-19,0
DIG000264,P000457,X,@naseer_chhota,naseer_chhota@gmail.com,2025-06-06,0
DIG000265,P000458,WhatsApp,@zubair_chacha,zubair_chacha@outlook.com,2020-12-12,0
DIG000266,P000460,Signal,@anil.x,anil.x@gmail.com,2019-12-03,0
DIG000267,P000461,Telegram,@palash.palash,palash.palash@yahoo.in,2024-06-10,0
DIG000268,P000462,WhatsApp,@kuldeep.bhai,kuldeep.bhai@protonmail.com,2019-02-16,0
DIG000269,P000463,Instagram,@ashim.ashim,ashim.ashim@protonmail.com,2024-05-19,0
DIG000270,P000471,Snapchat,@swapan.5529,swapan.5529@yahoo.in,2019-01-15,0
DIG000271,P000473,Telegram,@arun.x,arun.x@yahoo.in,2018-04-01,0
DIG000272,P000474,Signal,@prakash8512,prakash8512@protonmail.com,2023-05-20,0
DIG000273,P000477,WhatsApp,@tanveer_1869,tanveer_1869@yahoo.in,2024-02-13,1
DIG000274,P000480,Facebook,@tanveer.tanveer,tanveer.tanveer@yahoo.in,2025-09-02,0
DIG000275,P000482,X,@naresh.1092,naresh.1092@outlook.com,2025-01-10,0
DIG000276,P000489,WhatsApp,@jitendra_mishra,jitendra_mishra@protonmail.com,2022-09-26,0
DIG000277,P000490,Signal,@ashokverma,ashokverma@gmail.com,2025-06-07,0
DIG000278,P000493,Telegram,@yusuf_2815,yusuf_2815@protonmail.com,2026-01-27,1
DIG000279,P000495,Facebook,@firoz.x,firoz.x@yahoo.in,2018-01-18,0
DIG000280,P000497,Instagram,@prakash.7127,prakash.7127@yahoo.in,2024-05-15,0
DIG000281,P000500,WhatsApp,@wasim.rahman,wasim.rahman@protonmail.com,2019-04-03,1
DIG000282,P000502,Facebook,@ramesh_168,ramesh_168@gmail.com,2023-07-14,0
DIG000283,P000503,Facebook,@kavitanishad,kavitanishad@protonmail.com,2020-09-09,1
DIG000284,P000504,Instagram,@jitendra.9959,jitendra.9959@outlook.com,2024-02-12,1
DIG000285,P000505,X,@nazia.x,nazia.x@protonmail.com,2026-06-13,1
DIG000286,P000506,Instagram,@urmila_6638,urmila_6638@protonmail.com,2018-10-10,0
DIG000287,P000507,Facebook,@sureshsuresh,sureshsuresh@yahoo.in,2024-01-20,1
DIG000288,P000508,Signal,@rizwan_1214,rizwan_1214@protonmail.com,2021-10-01,0
DIG000289,P000509,Snapchat,@shakeel7867,shakeel7867@protonmail.com,2022-05-28,0
DIG000290,P000510,WhatsApp,@nazia.8141,nazia.8141@outlook.com,2019-07-20,0
DIG000291,P000515,WhatsApp,@maheshchauhan,maheshchauhan@yahoo.in,2025-07-14,1
DIG000292,P000516,WhatsApp,@altaf_6532,altaf_6532@protonmail.com,2019-11-27,0
DIG000293,P000518,Signal,@rukhsana_x,rukhsana_x@yahoo.in,2021-04-10,0
DIG000294,P000519,Snapchat,@pramod.x,pramod.x@yahoo.in,2020-10-15,0
DIG000295,P000523,Telegram,@triloki_shukla,triloki_shukla@protonmail.com,2025-04-24,1
DIG000296,P000525,X,@naseerahmed,naseerahmed@gmail.com,2024-01-21,1
DIG000297,P000526,Telegram,@vinod.4906,vinod.4906@outlook.com,2024-03-09,0
DIG000298,P000528,Instagram,@satnam_satnam,satnam_satnam@outlook.com,2021-10-13,0
DIG000299,P000529,X,@pramod9575,pramod9575@yahoo.in,2022-05-02,0
DIG000300,P000530,WhatsApp,@ranjitbajwa,ranjitbajwa@gmail.com,2020-02-19,1
DIG000301,P000532,Instagram,@shakeel_rahman,shakeel_rahman@yahoo.in,2020-05-23,1
DIG000302,P000535,WhatsApp,@omseth,omseth@gmail.com,2023-03-02,0
DIG000303,P000537,Facebook,@harbhajan6365,harbhajan6365@outlook.com,2018-12-25,0
DIG000304,P000538,Snapchat,@balwinder.531,balwinder.531@protonmail.com,2020-02-18,1
DIG000305,P000539,Signal,@sandeepawasthi,sandeepawasthi@gmail.com,2019-03-23,0
DIG000306,P000542,Snapchat,@paramjit_paramjit,paramjit_paramjit@yahoo.in,2020-06-27,1
DIG000307,P000543,Facebook,@shahnawaznanha,shahnawaznanha@gmail.com,2023-02-19,0
DIG000308,P000545,Signal,@abdul_abdul,abdul_abdul@protonmail.com,2019-11-20,0
DIG000309,P000546,Signal,@om6425,om6425@outlook.com,2025-10-10,0
DIG000310,P000547,Instagram,@jarnail_x,jarnail_x@outlook.com,2022-06-29,0
DIG000311,P000548,Snapchat,@anil.1747,anil.1747@yahoo.in,2021-09-26,0
DIG000312,P000549,Instagram,@tanveer3002,tanveer3002@gmail.com,2021-01-06,0
DIG000313,P000551,Instagram,@abdulabdul,abdulabdul@yahoo.in,2024-08-20,0
DIG000314,P000552,WhatsApp,@manju_yadav,manju_yadav@protonmail.com,2021-12-10,0
DIG000315,P000553,Snapchat,@vijaydada,vijaydada@gmail.com,2019-10-11,0
DIG000316,P000554,Instagram,@davinder_5460,davinder_5460@outlook.com,2023-09-21,1
DIG000317,P000555,Telegram,@dinesh_gupta,dinesh_gupta@protonmail.com,2020-01-04,0
DIG000318,P000560,X,@devendra3291,devendra3291@gmail.com,2026-01-30,0
DIG000319,P000562,Telegram,@yusuf.yusuf,yusuf.yusuf@gmail.com,2024-10-01,0
DIG000320,P000563,Instagram,@malkiat_6124,malkiat_6124@yahoo.in,2024-07-08,0
DIG000321,P000564,Instagram,@wasim.4793,wasim.4793@yahoo.in,2020-02-26,1
DIG000322,P000567,Instagram,@triloki_yadav,triloki_yadav@protonmail.com,2018-02-09,0
DIG000323,P000568,Instagram,@lakhwinder.x,lakhwinder.x@outlook.com,2023-11-22,0
DIG000324,P000569,WhatsApp,@rizwan_9101,rizwan_9101@outlook.com,2018-08-12,0
DIG000325,P000570,Instagram,@dineshdubey,dineshdubey@gmail.com,2020-10-29,0
DIG000326,P000572,WhatsApp,@mohammedmohammed,mohammedmohammed@protonmail.com,2023-01-09,1
DIG000327,P000576,Telegram,@anup.9319,anup.9319@yahoo.in,2023-08-24,0
DIG000328,P000577,Instagram,@nirmal_naskar,nirmal_naskar@gmail.com,2021-09-05,0
DIG000329,P000578,Telegram,@nepal_gayen,nepal_gayen@yahoo.in,2025-11-26,0
DIG000330,P000579,X,@shanti_x,shanti_x@outlook.com,2020-10-18,1
DIG000331,P000580,Signal,@nepal_x,nepal_x@gmail.com,2021-02-28,0
DIG000332,P000581,Snapchat,@shahnawaz.shahnawaz,shahnawaz.shahnawaz@gmail.com,2025-07-08,0
DIG000333,P000584,X,@pradip.munna,pradip.munna@outlook.com,2023-03-23,0
DIG000334,P000588,Telegram,@tapan_x,tapan_x@outlook.com,2018-08-01,0
DIG000335,P000589,Signal,@ramesh.2030,ramesh.2030@protonmail.com,2024-11-25,0
DIG000336,P000590,Snapchat,@shailendra.kashyap,shailendra.kashyap@protonmail.com,2025-04-18,1
DIG000337,P000594,X,@sanjib4643,sanjib4643@outlook.com,2019-04-16,0
DIG000338,P000595,Telegram,@faizan_x,faizan_x@protonmail.com,2020-05-12,0
DIG000339,P000597,Facebook,@anup_gullu,anup_gullu@outlook.com,2021-11-19,1
DIG000340,P000600,Facebook,@shabanaqureshi,shabanaqureshi@gmail.com,2021-04-05,1
DIG000341,P000601,WhatsApp,@sarfarazchaudhary,sarfarazchaudhary@outlook.com,2023-06-04,1
DIG000342,P000603,Signal,@firozrahman,firozrahman@protonmail.com,2026-02-20,0
DIG000343,P000604,X,@faizan_malik,faizan_malik@outlook.com,2022-07-13,0
DIG000344,P000605,Facebook,@pradip5903,pradip5903@outlook.com,2022-02-19,1
DIG000345,P000606,Facebook,@tanveer.x,tanveer.x@gmail.com,2022-04-04,0
DIG000346,P000607,Facebook,@udaiveer_prajapati,udaiveer_prajapati@protonmail.com,2021-08-23,0
DIG000347,P000608,Telegram,@shailendra.x,shailendra.x@protonmail.com,2022-08-15,0
DIG000348,P000609,WhatsApp,@pradeepkabootar,pradeepkabootar@yahoo.in,2021-07-11,1
DIG000349,P000610,Facebook,@nirmal_kallu,nirmal_kallu@protonmail.com,2023-01-18,1
DIG000350,P000611,X,@rambabu_gullu,rambabu_gullu@yahoo.in,2021-10-16,0
DIG000351,P000614,Signal,@rajendran_x,rajendran_x@yahoo.in,2018-06-15,0
DIG000352,P000615,Telegram,@mallesh.1184,mallesh.1184@gmail.com,2018-05-22,1
DIG000353,P000617,Facebook,@chandra.setty,chandra.setty@gmail.com,2024-10-30,1
DIG000354,P000618,Instagram,@basanta_behera,basanta_behera@protonmail.com,2021-05-24,1
DIG000355,P000619,Telegram,@prasanna_3005,prasanna_3005@gmail.com,2023-05-05,1
DIG000356,P000620,Facebook,@saravanan_kaana,saravanan_kaana@outlook.com,2024-02-05,0
DIG000357,P000622,X,@trilochan.doctor,trilochan.doctor@yahoo.in,2023-01-31,0
DIG000358,P000625,WhatsApp,@perumal_sundaram,perumal_sundaram@outlook.com,2019-11-12,1
DIG000359,P000626,X,@murugan_chhota,murugan_chhota@yahoo.in,2023-03-01,1
DIG000360,P000627,X,@amutha.5853,amutha.5853@yahoo.in,2021-02-27,0
DIG000361,P000628,Signal,@vetrivel.guddu,vetrivel.guddu@yahoo.in,2025-09-30,1
DIG000362,P000630,X,@bibhuti3838,bibhuti3838@protonmail.com,2020-05-07,0
DIG000363,P000631,WhatsApp,@narsimha_3967,narsimha_3967@protonmail.com,2019-03-22,0
DIG000364,P000632,Instagram,@sekar_subramanian,sekar_subramanian@protonmail.com,2026-06-08,0
DIG000365,P000634,Snapchat,@srinivas_2203,srinivas_2203@yahoo.in,2018-09-01,0
DIG000366,P000636,WhatsApp,@lakshmix,lakshmix@gmail.com,2018-08-10,0
DIG000367,P000637,Snapchat,@chitra_anna,chitra_anna@gmail.com,2018-03-24,0
DIG000368,P000638,Signal,@mallesh_choudary,mallesh_choudary@protonmail.com,2025-04-17,0
DIG000369,P000640,Snapchat,@perumalpalanivel,perumalpalanivel@outlook.com,2018-09-12,0
DIG000370,P000645,Signal,@prasanna.mohanty,prasanna.mohanty@protonmail.com,2024-05-02,1
DIG000371,P000646,WhatsApp,@jagabandhu.bhai,jagabandhu.bhai@protonmail.com,2022-11-20,0
DIG000372,P000647,Telegram,@trilochanx,trilochanx@protonmail.com,2024-04-17,0
DIG000373,P000649,Facebook,@srinivasx,srinivasx@yahoo.in,2019-10-15,0
DIG000374,P000651,Instagram,@yellaiah_4901,yellaiah_4901@yahoo.in,2022-06-02,0
DIG000375,P000652,Signal,@basanta9553,basanta9553@yahoo.in,2020-01-15,0
DIG000376,P000654,Snapchat,@manikandan_rajendran,manikandan_rajendran@yahoo.in,2023-01-08,1
DIG000377,P000655,Snapchat,@karthikthevar,karthikthevar@protonmail.com,2021-06-11,1
DIG000378,P000657,Instagram,@bhagabanx,bhagabanx@outlook.com,2021-04-27,1
DIG000379,P000660,X,@srinivas.srinivas,srinivas.srinivas@gmail.com,2020-04-02,1
DIG000380,P000662,Instagram,@akshaya.jena,akshaya.jena@protonmail.com,2020-10-28,1
DIG000381,P000664,WhatsApp,@mallesh_seth,mallesh_seth@protonmail.com,2022-12-17,0
DIG000382,P000665,WhatsApp,@pramila7419,pramila7419@protonmail.com,2022-08-22,0
DIG000383,P000668,X,@sarat.bada,sarat.bada@gmail.com,2020-07-26,0
DIG000384,P000669,WhatsApp,@tapan.naskar,tapan.naskar@outlook.com,2024-11-14,0
DIG000385,P000670,X,@bhagaban.bhagaban,bhagaban.bhagaban@yahoo.in,2018-08-10,0
DIG000386,P000672,Facebook,@sasmita.kaana,sasmita.kaana@outlook.com,2021-08-17,0
DIG000387,P000673,Signal,@vijay.dubey,vijay.dubey@protonmail.com,2019-01-02,0
DIG000388,P000674,Facebook,@basantabhai,basantabhai@yahoo.in,2025-06-25,0
DIG000389,P000675,Facebook,@naresh_shukla,naresh_shukla@gmail.com,2020-12-19,0
DIG000390,P000678,Instagram,@bibhuti.5610,bibhuti.5610@gmail.com,2022-10-12,0
DIG000391,P000681,Facebook,@ashim6955,ashim6955@outlook.com,2025-12-25,0
DIG000392,P000684,Facebook,@sunil3381,sunil3381@protonmail.com,2019-04-03,0
DIG000393,P000687,Instagram,@dinesh.dinesh,dinesh.dinesh@gmail.com,2022-11-13,0
DIG000394,P000688,Instagram,@pradipghosh,pradipghosh@yahoo.in,2020-03-04,0
DIG000395,P000690,Snapchat,@bimal_x,bimal_x@yahoo.in,2018-12-19,0
DIG000396,P000692,Signal,@bimal.halder,bimal.halder@gmail.com,2026-02-17,0
DIG000397,P000693,Signal,@arun.5366,arun.5366@protonmail.com,2023-09-08,1
DIG000398,P000694,Signal,@gautam_kaka,gautam_kaka@outlook.com,2020-12-14,1
DIG000399,P000695,Signal,@basanta_mallick,basanta_mallick@yahoo.in,2025-06-15,0
DIG000400,P000696,Telegram,@jagabandhu7891,jagabandhu7891@yahoo.in,2025-08-15,1
DIG000401,P000697,Instagram,@kartik.dutta,kartik.dutta@outlook.com,2019-07-26,0
DIG000402,P000698,Telegram,@sunil_pandey,sunil_pandey@gmail.com,2022-09-01,0
DIG000403,P000699,Signal,@prasanna9235,prasanna9235@outlook.com,2018-09-15,0
DIG000404,P000701,Instagram,@pradipx,pradipx@yahoo.in,2023-08-26,0
DIG000405,P000702,Snapchat,@basanta.8795,basanta.8795@protonmail.com,2021-03-25,1
DIG000406,P000703,Instagram,@mahesh.saini,mahesh.saini@protonmail.com,2022-12-04,0
DIG000407,P000704,X,@udaiveer.35,udaiveer.35@outlook.com,2021-01-19,1
DIG000408,P000707,Snapchat,@akshaya7138,akshaya7138@yahoo.in,2018-09-28,0
DIG000409,P000709,Telegram,@akshaya_x,akshaya_x@outlook.com,2023-05-11,1
DIG000410,P000712,WhatsApp,@basanta.basanta,basanta.basanta@outlook.com,2025-07-21,0
DIG000411,P000715,Telegram,@imranfarooqui,imranfarooqui@gmail.com,2023-07-25,0
DIG000412,P000721,Snapchat,@munna_2565,munna_2565@protonmail.com,2023-08-01,1
DIG000413,P000722,Instagram,@ashwinashwin,ashwinashwin@protonmail.com,2019-04-13,0
DIG000414,P000724,Facebook,@pandurang_naik,pandurang_naik@yahoo.in,2025-05-28,1
DIG000415,P000726,Signal,@rahulrane,rahulrane@outlook.com,2026-05-17,0
DIG000416,P000728,X,@netrapal_saini,netrapal_saini@gmail.com,2025-09-10,0
DIG000417,P000729,Facebook,@vinod2425,vinod2425@gmail.com,2020-02-23,1
DIG000418,P000731,WhatsApp,@aarti7324,aarti7324@yahoo.in,2025-02-26,0
DIG000419,P000736,Facebook,@sunil_sunil,sunil_sunil@outlook.com,2022-04-20,0
DIG000420,P000740,Facebook,@faizan_x,faizan_x@yahoo.in,2024-03-25,0
DIG000421,P000743,Instagram,@harsharma,harsharma@protonmail.com,2022-07-18,0
DIG000422,P000748,Instagram,@divyesh.divyesh,divyesh.divyesh@gmail.com,2023-12-06,1
DIG000423,P000749,Instagram,@shyamlalbhardwaj,shyamlalbhardwaj@protonmail.com,2019-01-28,0
DIG000424,P000751,Snapchat,@devendra_4371,devendra_4371@outlook.com,2026-03-19,1
DIG000425,P000752,Snapchat,@mitesh_shah,mitesh_shah@gmail.com,2020-01-01,0
DIG000426,P000758,Signal,@ibrahim_shaikh,ibrahim_shaikh@outlook.com,2020-03-17,1
DIG000427,P000767,Signal,@balbir.tiger,balbir.tiger@gmail.com,2019-06-19,0
DIG000428,P000768,Telegram,@prakash.1217,prakash.1217@protonmail.com,2020-11-08,0
DIG000429,P000771,Snapchat,@chandrabhan_7268,chandrabhan_7268@outlook.com,2025-09-01,1
DIG000430,P000777,Facebook,@hariom_6899,hariom_6899@outlook.com,2019-01-17,1
DIG000431,P000778,Instagram,@shakeel.shakeel,shakeel.shakeel@yahoo.in,2021-06-15,0
DIG000432,P000780,Instagram,@pradeepprajapati,pradeepprajapati@outlook.com,2024-04-27,1
DIG000433,P000782,Telegram,@sarfaraz.6475,sarfaraz.6475@outlook.com,2019-05-28,1
DIG000434,P000783,Signal,@firoz_1589,firoz_1589@outlook.com,2018-01-07,0
DIG000435,P000787,WhatsApp,@shabana_mirza,shabana_mirza@outlook.com,2024-11-09,0
DIG000436,P000788,Facebook,@rafiq.rafiq,rafiq.rafiq@gmail.com,2023-12-24,1
DIG000437,P000789,WhatsApp,@wasimwasim,wasimwasim@yahoo.in,2021-08-08,1
DIG000438,P000792,Instagram,@nazia_nazia,nazia_nazia@outlook.com,2023-03-19,0
DIG000439,P000795,WhatsApp,@zubairchaudhary,zubairchaudhary@gmail.com,2023-11-09,0
DIG000440,P000796,Snapchat,@abdul_5230,abdul_5230@protonmail.com,2024-03-06,0
DIG000441,P000797,Instagram,@imranahmed,imranahmed@outlook.com,2023-08-07,1
DIG000442,P000798,Snapchat,@firozmansuri,firozmansuri@outlook.com,2024-11-12,0
DIG000443,P000799,WhatsApp,@shakeelshakeel,shakeelshakeel@protonmail.com,2026-02-26,0
DIG000444,P000801,Telegram,@nathu5002,nathu5002@protonmail.com,2018-07-25,0
DIG000445,P000802,Instagram,@kishan_jat,kishan_jat@outlook.com,2019-09-05,1
DIG000446,P000804,X,@yogendra_9146,yogendra_9146@gmail.com,2018-12-05,0
DIG000447,P000805,Telegram,@ranveerbeniwal,ranveerbeniwal@gmail.com,2022-05-21,0
DIG000448,P000807,Telegram,@bikramjit.bikramjit,bikramjit.bikramjit@yahoo.in,2022-11-12,0
DIG000449,P000808,Telegram,@sunil.sengar,sunil.sengar@yahoo.in,2018-04-14,0
DIG000450,P000812,Snapchat,@udaiveerbada,udaiveerbada@yahoo.in,2023-01-11,1
DIG000451,P000813,Facebook,@mukesh2693,mukesh2693@outlook.com,2021-07-20,0
DIG000452,P000814,Telegram,@balbir.balbir,balbir.balbir@gmail.com,2019-12-30,0
DIG000453,P000817,WhatsApp,@rachhpal_chikna,rachhpal_chikna@gmail.com,2020-02-24,0
DIG000454,P000818,WhatsApp,@gopal.gopal,gopal.gopal@yahoo.in,2022-11-11,1
DIG000455,P000820,Snapchat,@kulwant.9414,kulwant.9414@outlook.com,2021-05-14,0
DIG000456,P000822,X,@harjindersarkar,harjindersarkar@gmail.com,2022-10-14,0
DIG000457,P000823,Telegram,@harpreet_9330,harpreet_9330@yahoo.in,2024-09-05,0
DIG000458,P000824,WhatsApp,@gopalgopal,gopalgopal@outlook.com,2019-08-05,0
DIG000459,P000825,Facebook,@jitendrajitendra,jitendrajitendra@protonmail.com,2020-11-29,0
DIG000460,P000829,WhatsApp,@devendra_8939,devendra_8939@outlook.com,2019-04-09,0
DIG000461,P000830,Instagram,@harpreet_4241,harpreet_4241@outlook.com,2023-01-28,0
DIG000462,P000834,Signal,@jasbir_brar,jasbir_brar@gmail.com,2019-10-23,0
DIG000463,P000836,Signal,@lakhwinder_bains,lakhwinder_bains@outlook.com,2019-01-02,0
DIG000464,P000837,Signal,@ratan.kumawat,ratan.kumawat@protonmail.com,2020-03-24,0
DIG000465,P000838,Snapchat,@chandrabhanbhadauria,chandrabhanbhadauria@yahoo.in,2024-08-28,0
DIG000466,P000842,WhatsApp,@madanbishnoi,madanbishnoi@yahoo.in,2025-12-23,0
DIG000467,P000844,Facebook,@gurpreet.6252,gurpreet.6252@yahoo.in,2025-07-29,1
DIG000468,P000849,Signal,@bikrambikram,bikrambikram@yahoo.in,2025-10-22,0
DIG000469,P000852,Instagram,@mallesh_sarkar,mallesh_sarkar@gmail.com,2021-12-17,0
DIG000470,P000855,Telegram,@alembamomin,alembamomin@protonmail.com,2023-09-26,0
DIG000471,P000857,WhatsApp,@narsimha7781,narsimha7781@outlook.com,2022-01-31,0
DIG000472,P000859,Snapchat,@thangaraj_822,thangaraj_822@outlook.com,2025-07-03,1
DIG000473,P000861,Telegram,@balbir_yadav,balbir_yadav@outlook.com,2025-02-01,1
DIG000474,P000862,WhatsApp,@ngangbam_ngangbam,ngangbam_ngangbam@protonmail.com,2019-12-13,0
DIG000475,P000864,X,@rambabu.2227,rambabu.2227@yahoo.in,2024-07-26,0
DIG000476,P000868,Signal,@satish.x,satish.x@yahoo.in,2022-12-10,0
DIG000477,P000871,Signal,@temjen.614,temjen.614@yahoo.in,2018-02-17,1
DIG000478,P000872,Telegram,@bikram.x,bikram.x@outlook.com,2026-02-16,0
DIG000479,P000874,Telegram,@ramulu_ramulu,ramulu_ramulu@outlook.com,2024-01-03,0
DIG000480,P000875,Instagram,@yumnam.1471,yumnam.1471@protonmail.com,2022-09-28,0
DIG000481,P000880,Facebook,@murugan_6441,murugan_6441@outlook.com,2021-08-28,0
DIG000482,P000882,X,@lekhraj.baghel,lekhraj.baghel@protonmail.com,2024-09-24,0
DIG000483,P000883,X,@ravi.poojary,ravi.poojary@gmail.com,2022-05-03,0
DIG000484,P000884,X,@wasim_2669,wasim_2669@yahoo.in,2025-02-26,0
DIG000485,P000887,Instagram,@anoop_2512,anoop_2512@outlook.com,2023-11-17,0
DIG000486,P000888,Snapchat,@balwinder.x,balwinder.x@protonmail.com,2024-03-29,0
DIG000487,P000889,Signal,@shubhangi_5746,shubhangi_5746@yahoo.in,2025-09-21,0
DIG000488,P000891,Snapchat,@hariom6721,hariom6721@yahoo.in,2025-09-11,0
DIG000489,P000893,Signal,@imran.qureshi,imran.qureshi@protonmail.com,2019-12-18,0
DIG000490,P000896,Snapchat,@aslamkhan,aslamkhan@protonmail.com,2024-08-05,0
DIG000491,P000897,Instagram,@pramod.1816,pramod.1816@protonmail.com,2024-01-23,1
DIG000492,P000898,Signal,@ashok.kashyap,ashok.kashyap@outlook.com,2018-05-13,0
DIG000493,P000900,Instagram,@sagar.x,sagar.x@yahoo.in,2026-03-11,0
DIG000494,P000902,Instagram,@manjunath_9473,manjunath_9473@outlook.com,2022-11-18,0
DIG000495,P000903,Snapchat,@lekhraj3555,lekhraj3555@yahoo.in,2023-07-17,0
DIG000496,P000904,Telegram,@bhagaban_8442,bhagaban_8442@gmail.com,2021-09-09,0
DIG000497,P000905,Signal,@amarjit.3216,amarjit.3216@yahoo.in,2021-08-10,0
DIG000498,P000906,Telegram,@palanisamyx,palanisamyx@outlook.com,2020-05-12,0
DIG000499,P000908,Instagram,@harpreet_3482,harpreet_3482@gmail.com,2021-01-14,0
DIG000500,P000911,X,@pradeep_maurya,pradeep_maurya@outlook.com,2018-06-16,0
DIG000501,P000912,WhatsApp,@ajay_jaiswal,ajay_jaiswal@outlook.com,2024-03-24,0
DIG000502,P000914,Signal,@shivanna7168,shivanna7168@gmail.com,2025-01-05,1
DIG000503,P000917,Facebook,@gurpreetmann,gurpreetmann@yahoo.in,2023-08-09,0
DIG000504,P000919,Facebook,@sreenivasan_732,sreenivasan_732@protonmail.com,2018-09-17,1
DIG000505,P000922,Snapchat,@jignesh7150,jignesh7150@gmail.com,2020-02-03,0
DIG000506,P000923,Telegram,@sarfaraz9462,sarfaraz9462@yahoo.in,2021-12-27,1
DIG000507,P000924,Signal,@aarti_8709,aarti_8709@gmail.com,2018-05-24,0
DIG000508,P000925,WhatsApp,@sachinnaik,sachinnaik@gmail.com,2024-11-18,1
DIG000509,P000932,Signal,@chandrabhan_baghel,chandrabhan_baghel@gmail.com,2022-05-17,0
DIG000510,P000934,Instagram,@bikashmistry,bikashmistry@gmail.com,2019-04-03,0
DIG000511,P000935,Facebook,@bhanwar_charan,bhanwar_charan@yahoo.in,2025-10-01,0
DIG000512,P000937,Snapchat,@vipul6238,vipul6238@outlook.com,2024-11-18,0
DIG000513,P000938,Facebook,@shanti_9619,shanti_9619@outlook.com,2024-09-16,0
DIG000514,P000939,Signal,@chandru9314,chandru9314@gmail.com,2021-06-25,0
DIG000515,P000940,Instagram,@miteshmitesh,miteshmitesh@protonmail.com,2025-04-16,0
DIG000516,P000941,Instagram,@bhagabanmallick,bhagabanmallick@protonmail.com,2019-07-21,1
DIG000517,P000943,X,@ashfaq7642,ashfaq7642@protonmail.com,2022-11-25,0
DIG000518,P000944,Snapchat,@siddaraju_patil,siddaraju_patil@protonmail.com,2023-02-23,1
DIG000519,P000945,WhatsApp,@bhaskar_6859,bhaskar_6859@protonmail.com,2019-09-14,0
DIG000520,P000946,WhatsApp,@rajni6259,rajni6259@protonmail.com,2024-02-01,0
DIG000521,P000948,Snapchat,@xavier5841,xavier5841@gmail.com,2021-11-23,1
DIG000522,P000949,Telegram,@sudha_9910,sudha_9910@gmail.com,2021-05-11,0
DIG000523,P000950,WhatsApp,@nirmalsarkar,nirmalsarkar@gmail.com,2019-09-03,0
DIG000524,P000951,Telegram,@nathu8365,nathu8365@yahoo.in,2019-06-11,1
DIG000525,P000952,Telegram,@paresh.shah,paresh.shah@protonmail.com,2021-04-25,0
DIG000526,P000954,Telegram,@rekha.sengar,rekha.sengar@yahoo.in,2023-07-02,0
DIG000527,P000955,Telegram,@balaraju_nallamothu,balaraju_nallamothu@gmail.com,2020-02-23,0
DIG000528,P000956,Telegram,@bhaskarx,bhaskarx@outlook.com,2019-12-19,0
DIG000529,P000958,X,@bhupendra.5581,bhupendra.5581@outlook.com,2024-10-25,0
DIG000530,P000959,WhatsApp,@mitesh_6411,mitesh_6411@gmail.com,2021-12-06,0
DIG000531,P000962,Facebook,@divyeshbhatt,divyeshbhatt@outlook.com,2025-01-20,0
DIG000532,P000964,Telegram,@kiran.4236,kiran.4236@gmail.com,2020-02-20,0
DIG000533,P000965,Snapchat,@nabam.4457,nabam.4457@yahoo.in,2019-06-06,0
DIG000534,P000966,WhatsApp,@sarita_2411,sarita_2411@gmail.com,2023-07-09,0
DIG000535,P000968,Instagram,@ganesh.pappu,ganesh.pappu@protonmail.com,2024-10-08,0
DIG000536,P000970,Snapchat,@ashfaqsaifi,ashfaqsaifi@gmail.com,2023-11-24,1
DIG000537,P000972,Instagram,@prakash_rai,prakash_rai@protonmail.com,2024-07-22,0
DIG000538,P000974,Facebook,@netrapal_tiwari,netrapal_tiwari@yahoo.in,2018-12-06,0
DIG000539,P000976,WhatsApp,@snehal.4312,snehal.4312@outlook.com,2019-11-02,0
DIG000540,P000981,Telegram,@ibrahim.kaana,ibrahim.kaana@outlook.com,2024-04-28,0
DIG000541,P000984,Facebook,@manjumanju,manjumanju@gmail.com,2025-12-20,1
DIG000542,P000985,X,@arindam.x,arindam.x@yahoo.in,2023-07-10,0
DIG000543,P000986,Facebook,@venkatesh.x,venkatesh.x@gmail.com,2022-08-15,1
DIG000544,P000992,Signal,@murugan.x,murugan.x@gmail.com,2020-04-07,0
DIG000545,P000993,Telegram,@gurpreet.7341,gurpreet.7341@protonmail.com,2024-07-09,0
DIG000546,P000994,WhatsApp,@jasbir_8825,jasbir_8825@gmail.com,2019-06-18,0
DIG000547,P000995,Signal,@dinesh.yadav,dinesh.yadav@outlook.com,2024-12-29,0
DIG000548,P000996,Facebook,@udaiveer.x,udaiveer.x@gmail.com,2024-09-06,0
DIG000549,P000997,Snapchat,@pradipx,pradipx@outlook.com,2023-03-10,0
DIG000550,P000998,Facebook,@kalpesh.kalpesh,kalpesh.kalpesh@gmail.com,2021-10-02,0
DIG000551,P000999,WhatsApp,@satishrathore,satishrathore@yahoo.in,2018-08-24,0
DIG000552,P001000,Signal,@bhagya.angadi,bhagya.angadi@yahoo.in,2020-07-18,0
DIG000553,P001001,Signal,@trilochan_swain,trilochan_swain@gmail.com,2020-01-25,0
DIG000554,P001003,X,@rachna_x,rachna_x@gmail.com,2025-09-28,0
DIG000555,P001004,WhatsApp,@manjunathx,manjunathx@protonmail.com,2025-10-01,0
DIG000556,P001008,Snapchat,@yasmin.x,yasmin.x@yahoo.in,2023-09-26,0
DIG000557,P001009,Signal,@balbir.4066,balbir.4066@outlook.com,2020-06-12,1
DIG000558,P001014,Signal,@sanjaybhadauria,sanjaybhadauria@protonmail.com,2025-06-08,0
DIG000559,P001016,Snapchat,@preetix,preetix@yahoo.in,2020-06-07,0
DIG000560,P001020,Facebook,@mallesh_x,mallesh_x@gmail.com,2024-03-17,1
DIG000561,P001044,Signal,@faizan_x,faizan_x@outlook.com,2023-12-15,0
DIG000562,P001045,Signal,@vidyawati_x,vidyawati_x@gmail.com,2018-02-28,0
DIG000563,P001049,Instagram,@sabita_x,sabita_x@outlook.com,2022-04-30,0
DIG000564,P001051,Facebook,@sandip.dalvi,sandip.dalvi@gmail.com,2026-05-12,0
DIG000565,P001053,Snapchat,@jagmal_7820,jagmal_7820@protonmail.com,2023-01-07,0
DIG000566,P001057,Snapchat,@shanti.rathore,shanti.rathore@protonmail.com,2023-06-19,0
DIG000567,P001063,Telegram,@nadeem.shaikh,nadeem.shaikh@yahoo.in,2025-07-21,0
DIG000568,P001065,Instagram,@karthik_x,karthik_x@outlook.com,2019-01-20,0
DIG000569,P001069,Signal,@baljinder.x,baljinder.x@outlook.com,2018-06-08,0
DIG000570,P001070,Instagram,@nazia.x,nazia.x@gmail.com,2019-08-11,1
DIG000571,P001074,X,@hariom_x,hariom_x@outlook.com,2020-04-26,0
DIG000572,P001078,X,@pramila_x,pramila_x@gmail.com,2019-03-26,0
DIG000573,P001082,Instagram,@shakeel3052,shakeel3052@protonmail.com,2021-07-25,0
DIG000574,P001084,Telegram,@davinder.7911,davinder.7911@yahoo.in,2020-04-06,1
DIG000575,P001090,Snapchat,@rekha.awasthi,rekha.awasthi@protonmail.com,2024-07-03,1
DIG000576,P001093,Signal,@farida_siddiqui,farida_siddiqui@outlook.com,2026-03-01,0
DIG000577,P001095,WhatsApp,@meena_4032,meena_4032@outlook.com,2025-03-05,0
DIG000578,P001102,X,@kuldeep.x,kuldeep.x@protonmail.com,2020-03-01,1
DIG000579,P001105,WhatsApp,@gurpreet_x,gurpreet_x@protonmail.com,2022-03-15,1
DIG000580,P001109,Snapchat,@sasmita_5082,sasmita_5082@yahoo.in,2020-11-24,1
DIG000581,P001110,Telegram,@kamla8146,kamla8146@outlook.com,2021-09-23,1
DIG000582,P001115,WhatsApp,@amol.x,amol.x@yahoo.in,2022-10-24,1
DIG000583,P001118,X,@arif_x,arif_x@gmail.com,2020-12-23,1
DIG000584,P001119,Snapchat,@anwar.x,anwar.x@outlook.com,2020-02-13,0
DIG000585,P001123,X,@randhir_992,randhir_992@yahoo.in,2022-12-22,0
DIG000586,P001130,Snapchat,@seema_x,seema_x@gmail.com,2018-10-15,1
DIG000587,P001131,Telegram,@harjinder.x,harjinder.x@yahoo.in,2023-03-29,1
DIG000588,P001132,WhatsApp,@pushpa_x,pushpa_x@yahoo.in,2021-10-21,1
DIG000589,P001133,Signal,@madancharan,madancharan@protonmail.com,2022-01-25,0
DIG000590,P001136,Facebook,@shakeel.3030,shakeel.3030@protonmail.com,2020-06-08,0
DIG000591,P001137,X,@poongodix,poongodix@outlook.com,2020-10-09,0
DIG000592,P001138,Telegram,@rajwinder27,rajwinder27@protonmail.com,2021-07-21,0
DIG000593,P001143,Snapchat,@suresh.x,suresh.x@gmail.com,2022-10-10,0
DIG000594,P001147,Snapchat,@nirmal2444,nirmal2444@protonmail.com,2021-09-28,1
DIG000595,P001153,WhatsApp,@kanta.gurjar,kanta.gurjar@yahoo.in,2018-01-02,0
DIG000596,P001154,Facebook,@nagaraju_bandari,nagaraju_bandari@outlook.com,2019-05-18,0
DIG000597,P001159,Telegram,@rina_7479,rina_7479@yahoo.in,2025-07-07,0
DIG000598,P001160,Telegram,@pramod4753,pramod4753@protonmail.com,2022-10-02,1
DIG000599,P001161,Facebook,@rinapal,rinapal@outlook.com,2019-01-11,0
DIG000600,P001162,Instagram,@anitha_achari,anitha_achari@yahoo.in,2022-03-25,1
DIG000601,P001168,X,@krishnaiahx,krishnaiahx@protonmail.com,2021-09-18,0
DIG000602,P001171,Signal,@sandip.5876,sandip.5876@outlook.com,2024-09-11,0
DIG000603,P001173,Telegram,@sarla.x,sarla.x@yahoo.in,2018-06-20,0
DIG000604,P001175,Facebook,@nagaratna_x,nagaratna_x@yahoo.in,2019-08-30,0
DIG000605,P001176,WhatsApp,@amutha_9058,amutha_9058@yahoo.in,2019-10-19,0
DIG000606,P001182,Instagram,@jhunu.rout,jhunu.rout@gmail.com,2018-10-29,0
DIG000607,P001185,Instagram,@peter8715,peter8715@yahoo.in,2019-04-23,0
DIG000608,P001187,Snapchat,@bhagaban5454,bhagaban5454@outlook.com,2020-12-04,0
DIG000609,P001188,Instagram,@nasreen_malik,nasreen_malik@outlook.com,2018-02-05,1
DIG000610,P001191,Signal,@imranchaudhary,imranchaudhary@outlook.com,2025-10-19,0
DIG000611,P001196,X,@jagabandhux,jagabandhux@outlook.com,2025-10-21,0
DIG000612,P001197,WhatsApp,@bheru.kumawat,bheru.kumawat@gmail.com,2022-02-05,0
DIG000613,P001204,X,@kumaraswamy.8170,kumaraswamy.8170@yahoo.in,2026-05-05,1
DIG000614,P001208,Signal,@hanumanthappa.hegde,hanumanthappa.hegde@yahoo.in,2023-04-06,0
DIG000615,P001214,Snapchat,@mangesh9160,mangesh9160@gmail.com,2024-08-12,0
DIG000616,P001220,Telegram,@nagaratna.kamath,nagaratna.kamath@gmail.com,2020-04-16,1
DIG000617,P001221,Facebook,@rodney_2533,rodney_2533@outlook.com,2018-01-12,0
DIG000618,P001226,WhatsApp,@lalthanga_debbarma,lalthanga_debbarma@outlook.com,2022-05-25,1
DIG000619,P001229,Instagram,@poongodimuthusamy,poongodimuthusamy@protonmail.com,2019-12-31,0
DIG000620,P001232,WhatsApp,@sunilverma,sunilverma@yahoo.in,2023-02-21,1
DIG000621,P001236,X,@gopal_x,gopal_x@outlook.com,2025-08-05,0
DIG000622,P001239,Telegram,@yogendra1389,yogendra1389@outlook.com,2019-11-10,0
DIG000623,P001243,Signal,@rajni.pandey,rajni.pandey@protonmail.com,2022-08-18,1
DIG000624,P001246,Snapchat,@sabitri_x,sabitri_x@outlook.com,2019-02-11,0
DIG000625,P001254,Facebook,@lekhrajx,lekhrajx@outlook.com,2018-05-28,1
DIG000626,P001256,X,@alwyn.noronha,alwyn.noronha@yahoo.in,2019-08-03,0
DIG000627,P001262,WhatsApp,@rajesh_x,rajesh_x@protonmail.com,2024-01-21,1
DIG000628,P001270,WhatsApp,@meenajaiswal,meenajaiswal@yahoo.in,2020-01-21,1
DIG000629,P001272,Instagram,@girish.8405,girish.8405@outlook.com,2020-09-22,0
DIG000630,P001273,Telegram,@mallesh_8981,mallesh_8981@yahoo.in,2025-07-29,0
DIG000631,P001275,Signal,@hanumanx,hanumanx@protonmail.com,2024-08-03,0
DIG000632,P001278,Instagram,@imran.2768,imran.2768@gmail.com,2025-06-26,0
DIG000633,P001284,X,@prashant.2932,prashant.2932@protonmail.com,2020-06-16,0
DIG000634,P001285,Snapchat,@farida_x,farida_x@outlook.com,2018-07-27,1
DIG000635,P001293,X,@shantix,shantix@gmail.com,2023-06-21,1
DIG000636,P001294,Signal,@kanta_x,kanta_x@outlook.com,2022-05-03,0
DIG000637,P001299,Snapchat,@afsana_8144,afsana_8144@outlook.com,2023-09-17,0
DIG000638,P001301,Instagram,@pandurang.5802,pandurang.5802@yahoo.in,2021-03-19,0
DIG000639,P001302,Facebook,@manoj.marar,manoj.marar@protonmail.com,2019-09-08,1
DIG000640,P001304,Telegram,@gurpreet.toor,gurpreet.toor@outlook.com,2019-04-11,0
DIG000641,P001307,Instagram,@biju.x,biju.x@yahoo.in,2021-01-24,0
DIG000642,P001310,X,@bikramjit.x,bikramjit.x@protonmail.com,2026-02-03,1
DIG000643,P001311,Facebook,@jyotsnapatil,jyotsnapatil@protonmail.com,2024-02-25,1
DIG000644,P001314,Telegram,@jasbir_singh,jasbir_singh@outlook.com,2018-11-01,1
DIG000645,P001318,Telegram,@paresh_3199,paresh_3199@outlook.com,2019-06-21,0
DIG000646,P001319,Instagram,@nilesh.x,nilesh.x@yahoo.in,2021-06-08,0
DIG000647,P001323,Instagram,@rohini.kamble,rohini.kamble@protonmail.com,2023-05-26,1
DIG000648,P001324,Telegram,@wasim.x,wasim.x@protonmail.com,2021-01-23,1
DIG000649,P001329,WhatsApp,@firozshaikh,firozshaikh@gmail.com,2019-07-13,0
DIG000650,P001330,Instagram,@kumaraswamy_x,kumaraswamy_x@protonmail.com,2023-10-10,1
DIG000651,P001332,WhatsApp,@sumitra9587,sumitra9587@yahoo.in,2025-08-06,0
DIG000652,P001333,WhatsApp,@aparna6946,aparna6946@outlook.com,2023-02-17,1
DIG000653,P001334,Instagram,@ramesh8411,ramesh8411@yahoo.in,2020-02-01,0
DIG000654,P001339,X,@aparna.7668,aparna.7668@outlook.com,2023-01-22,1
DIG000655,P001341,Instagram,@tapasi.x,tapasi.x@yahoo.in,2022-05-30,0
DIG000656,P001344,WhatsApp,@baljit.x,baljit.x@outlook.com,2023-10-04,0
DIG000657,P001347,Signal,@sanoop5918,sanoop5918@gmail.com,2025-03-18,0
DIG000658,P001349,Signal,@jaswant3110,jaswant3110@outlook.com,2022-04-18,0
DIG000659,P001352,Instagram,@srinivas_prasad,srinivas_prasad@yahoo.in,2022-01-10,1
DIG000660,P001361,Signal,@suman_4459,suman_4459@outlook.com,2024-01-25,0
DIG000661,P001362,X,@tapasi_9588,tapasi_9588@gmail.com,2022-04-16,0
DIG000662,P001363,Facebook,@peterx,peterx@yahoo.in,2019-06-17,0
DIG000663,P001364,WhatsApp,@hariom_gupta,hariom_gupta@gmail.com,2019-05-17,0
DIG000664,P001367,WhatsApp,@temjen_3798,temjen_3798@outlook.com,2019-01-20,1
DIG000665,P001371,Telegram,@kavita.prajapati,kavita.prajapati@protonmail.com,2019-09-22,0
DIG000666,P001374,WhatsApp,@bhagwatix,bhagwatix@outlook.com,2023-06-23,0
DIG000667,P001377,X,@rekha9314,rekha9314@yahoo.in,2022-06-30,0
DIG000668,P001378,WhatsApp,@palanisamysubramanian,palanisamysubramanian@gmail.com,2021-09-10,0
DIG000669,P001379,Instagram,@ajay_6404,ajay_6404@protonmail.com,2018-05-11,1
DIG000670,P001381,WhatsApp,@ilangopillai,ilangopillai@protonmail.com,2020-12-18,0
DIG000671,P001382,Instagram,@kavita.9650,kavita.9650@protonmail.com,2020-05-03,0
DIG000672,P001383,Telegram,@debashish9849,debashish9849@gmail.com,2026-01-23,0
DIG000673,P001384,Telegram,@palash7203,palash7203@gmail.com,2024-07-11,0
DIG000674,P001385,X,@rafiq_rahman,rafiq_rahman@outlook.com,2025-07-11,1
DIG000675,P001387,X,@arun.yadav,arun.yadav@protonmail.com,2022-01-07,0
DIG000676,P001388,X,@haroonrahman,haroonrahman@outlook.com,2024-01-29,0
DIG000677,P001389,WhatsApp,@kishan.x,kishan.x@gmail.com,2025-02-26,0
DIG000678,P001398,Facebook,@sajid2413,sajid2413@gmail.com,2022-04-11,0
DIG000679,P001404,Snapchat,@vijaya.setty,vijaya.setty@yahoo.in,2019-03-18,0
DIG000680,P001406,Signal,@maheshx,maheshx@gmail.com,2023-09-26,1
DIG000681,P001415,Telegram,@poongodi.muthusamy,poongodi.muthusamy@outlook.com,2025-04-01,0
DIG000682,P001417,Instagram,@bhagaban_1845,bhagaban_1845@gmail.com,2022-07-15,0
DIG000683,P001418,Facebook,@dinesh_5844,dinesh_5844@gmail.com,2019-02-02,0
DIG000684,P001424,Telegram,@nathu.x,nathu.x@gmail.com,2018-08-05,0
DIG000685,P001427,Telegram,@amoldalvi,amoldalvi@yahoo.in,2025-10-10,0
DIG000686,P001428,Signal,@sherylpereira,sherylpereira@yahoo.in,2025-01-19,0
DIG000687,P001434,Signal,@triloki.x,triloki.x@yahoo.in,2024-06-26,1
DIG000688,P001435,X,@mangamma.4121,mangamma.4121@protonmail.com,2024-03-07,0
DIG000689,P001438,Instagram,@malleshrao,malleshrao@yahoo.in,2024-08-24,1
DIG000690,P001439,X,@shabana_farooqui,shabana_farooqui@gmail.com,2021-01-08,0
DIG000691,P001440,Instagram,@elangox,elangox@gmail.com,2019-01-10,0
DIG000692,P001442,Facebook,@bhavna.x,bhavna.x@gmail.com,2024-11-14,1
DIG000693,P001443,Signal,@srinivas_varma,srinivas_varma@outlook.com,2021-07-11,0
DIG000694,P001450,Signal,@chitrachettiar,chitrachettiar@yahoo.in,2025-08-19,0
DIG000695,P001453,Facebook,@unnikrishnan_x,unnikrishnan_x@gmail.com,2025-07-31,0
DIG000696,P001456,Instagram,@hanumanthappa_x,hanumanthappa_x@yahoo.in,2026-06-20,0
DIG000697,P001460,WhatsApp,@nilesh_x,nilesh_x@protonmail.com,2019-05-18,1
DIG000698,P001462,X,@shyamlal7446,shyamlal7446@outlook.com,2018-07-14,1
DIG000699,P001463,Facebook,@sudheer.menon,sudheer.menon@outlook.com,2021-09-30,0
DIG000700,P001468,WhatsApp,@arun4223,arun4223@yahoo.in,2021-05-22,0
DIG000701,P001470,Instagram,@nadeem.shaikh,nadeem.shaikh@protonmail.com,2023-06-16,1
DIG000702,P001471,Instagram,@sudarshanx,sudarshanx@yahoo.in,2022-12-13,0
DIG000703,P001472,Snapchat,@karthik674,karthik674@outlook.com,2019-01-21,0
DIG000704,P001476,Snapchat,@sandipx,sandipx@protonmail.com,2023-03-29,0
DIG000705,P001479,WhatsApp,@jaswant.3145,jaswant.3145@gmail.com,2023-05-02,1
DIG000706,P001480,Instagram,@ibrahim.x,ibrahim.x@outlook.com,2025-07-23,0
DIG000707,P001481,X,@vaishnavix,vaishnavix@protonmail.com,2023-04-03,1
DIG000708,P001484,WhatsApp,@sukhdev_9355,sukhdev_9355@yahoo.in,2020-07-29,0
DIG000709,P001486,Telegram,@netrapal.x,netrapal.x@yahoo.in,2024-05-26,0
DIG000710,P001489,X,@narsimhax,narsimhax@yahoo.in,2018-02-12,0
DIG000711,P001490,X,@renuka.kulkarni,renuka.kulkarni@protonmail.com,2024-07-31,1
DIG000712,P001496,Snapchat,@poonam.x,poonam.x@outlook.com,2020-03-28,1
