seizure_id,incident_id,item_category,item,quantity,unit,estimated_value_inr,seized_from_person_id
SZ000001,INC000004,CONTRABAND,Country-made pistols,8,nos,11997744,P000834
SZ000002,INC000004,WEAPON,Improvised explosive material,3,nos,21813,P000834
SZ000003,INC000005,CONTRABAND,Brown sugar,695,grams,293409918,P000172
SZ000004,INC000011,CONTRABAND,Mobile phones,23,nos,1456376474,P000598
SZ000005,INC000011,CASH,Indian currency,6879013,INR,0,P000598
SZ000006,INC000013,WEAPON,SBBL gun,1,nos,236458,P000036
SZ000007,INC000013,CASH,Indian currency,7796497,INR,0,P000036
SZ000008,INC000018,CONTRABAND,Shahtoosh shawls,83.99,kg,565135950,P000871
SZ000009,INC000023,WEAPON,Improvised explosive material,6,nos,225427,P000488
SZ000010,INC000023,CASH,Indian currency,5893807,INR,0,P000488
SZ000011,INC000024,CONTRABAND,Rifle barrels,54,nos,9769375,P000792
SZ000012,INC000024,WEAPON,Machete (chopper),5,nos,229977,P000792
SZ000013,INC000028,CONTRABAND,Rifle barrels,60,nos,14889481,P000629
SZ000014,INC000028,WEAPON,Country-made pistol (katta),5,nos,35318,P000629
SZ000015,INC000033,CONTRABAND,Heroin,3.633,kg,18319726,P000128
SZ000016,INC000034,CASH,Indian currency,13931022,INR,0,P000418
SZ000017,INC000042,WEAPON,.32 bore revolver,3,nos,197074,P000035
SZ000018,INC000044,CASH,Indian currency,19675389,INR,0,P000707
SZ000019,INC000046,CONTRABAND,FICN Rs.500 notes,2153495,INR face value,492401715,P000605
SZ000020,INC000051,CASH,Indian currency,4136558,INR,0,P000981
SZ000021,INC000059,CONTRABAND,Tiger nails,64.53,kg,82784458,P000847
SZ000022,INC000059,CASH,Indian currency,18483005,INR,0,P000847
SZ000023,INC000063,WEAPON,9mm pistol,4,nos,52818,P000406
SZ000024,INC000068,CASH,Indian currency,16634749,INR,0,P000869
SZ000025,INC000070,CASH,Indian currency,15038352,INR,0,P000859
SZ000026,INC000079,WEAPON,.32 bore revolver,2,nos,215686,P000996
SZ000027,INC000081,CASH,Indian currency,5767129,INR,0,P000997
SZ000028,INC000082,CONTRABAND,Tramadol capsules,3.971,kg,408770696,P000103
SZ000029,INC000082,CASH,Indian currency,6253797,INR,0,P000103
SZ000030,INC000084,CASH,Indian currency,10391901,INR,0,P000455
SZ000031,INC000085,CASH,Indian currency,15981132,INR,0,P000952
SZ000032,INC000087,CONTRABAND,Pangolin scales,571.24,kg,393743114,P000863
SZ000033,INC000090,WEAPON,Improvised explosive material,4,nos,217502,P000930
SZ000034,INC000091,CASH,Indian currency,14117300,INR,0,P000913
SZ000035,INC000096,WEAPON,.32 bore revolver,1,nos,188461,P000927
SZ000036,INC000099,CONTRABAND,Live cartridges,29,nos,1909613,P000768
SZ000037,INC000107,CONTRABAND,Chinese firecrackers,11,nos,20538525,P000299
SZ000038,INC000107,CASH,Indian currency,1870476,INR,0,P000299
SZ000039,INC000108,CONTRABAND,Elephant ivory,247.59,kg,575598749,P000874
SZ000040,INC000114,CASH,Indian currency,2327801,INR,0,P000608
SZ000041,INC000116,CONTRABAND,Country-made pistols,19,nos,16070254,P000618
SZ000042,INC000118,CASH,Indian currency,13514390,INR,0,P000177
SZ000043,INC000119,CONTRABAND,Cocaine,617,grams,795781801,P000992
SZ000044,INC000121,CASH,Indian currency,10514660,INR,0,P000691
SZ000045,INC000123,CONTRABAND,Heroin,736,grams,227907472,P000101
SZ000046,INC000124,WEAPON,9mm pistol,5,nos,195817,P000042
SZ000047,INC000125,CASH,Indian currency,6153795,INR,0,P000261
SZ000048,INC000126,WEAPON,SBBL gun,1,nos,282024,P000809
SZ000049,INC000126,CASH,Indian currency,17931183,INR,0,P000809
SZ000050,INC000127,CONTRABAND,Gold biscuits,1,nos,23508621,P000879
SZ000051,INC000130,CASH,Indian currency,18509113,INR,0,P000307
SZ000052,INC000136,CASH,Indian currency,9478400,INR,0,P000353
SZ000053,INC000140,CONTRABAND,Foreign cigarettes,44,nos,1174123073,P000865
SZ000054,INC000141,CONTRABAND,Alprazolam tablets,59,grams,2813932,P000890
SZ000055,INC000142,CONTRABAND,Brown sugar,366,grams,647073112,P000640
SZ000056,INC000145,CONTRABAND,Charas,0.648,kg,7732380,P000110
SZ000057,INC000151,CASH,Indian currency,2660981,INR,0,P000932
SZ000058,INC000152,CONTRABAND,Country-made pistols,26,nos,3693847,P000155
SZ000059,INC000152,WEAPON,Machete (chopper),6,nos,133994,P000155
SZ000060,INC000152,CASH,Indian currency,16956114,INR,0,P000155
SZ000061,INC000154,CONTRABAND,Star tortoises,130.96,kg,471194082,P000871
SZ000062,INC000155,CONTRABAND,Elephant ivory,192.85,kg,168155705,P000872
SZ000063,INC000156,CONTRABAND,Red sanders logs,49.1,kg,401418224,P000914
SZ000064,INC000159,WEAPON,Sword,5,nos,79136,P000901
SZ000065,INC000160,WEAPON,Machete (chopper),6,nos,261510,P000153
SZ000066,INC000164,CASH,Indian currency,7342315,INR,0,P000920
SZ000067,INC000170,WEAPON,.32 bore revolver,6,nos,18061,P000767
SZ000068,INC000170,CASH,Indian currency,3840169,INR,0,P000767
SZ000069,INC000171,CONTRABAND,Intaglio plates,2017022,INR face value,541938512,P000600
SZ000070,INC000175,CASH,Indian currency,19585733,INR,0,P000291
SZ000071,INC000177,CASH,Indian currency,16810891,INR,0,P000184
SZ000072,INC000179,CONTRABAND,Shahtoosh shawls,442.45,kg,34752308,P000879
SZ000073,INC000180,CASH,Indian currency,15565652,INR,0,P000389
SZ000074,INC000182,WEAPON,Country-made pistol (katta),4,nos,106934,P000409
SZ000075,INC000183,WEAPON,AK-series rifle,3,nos,269776,P000095
SZ000076,INC000185,CASH,Indian currency,13265901,INR,0,P000411
SZ000077,INC000193,CONTRABAND,Heroin,2.736,kg,10185986,P000625
SZ000078,INC000196,CONTRABAND,Semi-finished frames,10,nos,17657749,P000097
SZ000079,INC000196,WEAPON,.32 bore revolver,2,nos,57442,P000097
SZ000080,INC000197,CASH,Indian currency,17572156,INR,0,P000965
SZ000081,INC000199,CONTRABAND,Live cartridges,25,nos,17981129,P000781
SZ000082,INC000200,CASH,Indian currency,13672606,INR,0,P000618
SZ000083,INC000204,CASH,Indian currency,5777945,INR,0,P000120
SZ000084,INC000207,CASH,Indian currency,13633601,INR,0,P000244
SZ000085,INC000215,CONTRABAND,Semi-finished frames,48,nos,17502382,P000147
SZ000086,INC000215,CASH,Indian currency,792848,INR,0,P000147
SZ000087,INC000217,WEAPON,Improvised explosive material,5,nos,167101,P000921
SZ000088,INC000218,CASH,Indian currency,11797491,INR,0,P000947
SZ000089,INC000220,WEAPON,Country-made pistol (katta),1,nos,179462,P000820
SZ000090,INC000222,CASH,Indian currency,15230415,INR,0,P000355
SZ000091,INC000226,WEAPON,9mm pistol,3,nos,210489,P000390
SZ000092,INC000234,CONTRABAND,Semi-finished frames,7,nos,16508452,P000100
SZ000093,INC000234,WEAPON,SBBL gun,6,nos,51417,P000100
SZ000094,INC000237,CASH,Indian currency,8367442,INR,0,P000373
SZ000095,INC000239,CASH,Indian currency,13310508,INR,0,P000745
SZ000096,INC000241,CASH,Indian currency,13283597,INR,0,P000880
SZ000097,INC000243,CONTRABAND,Tiger nails,248.68,kg,147759969,P000876
SZ000098,INC000244,WEAPON,Machete (chopper),2,nos,165790,P000899
SZ000099,INC000249,CONTRABAND,Elephant ivory,354.09,kg,530957412,P000847
SZ000100,INC000250,CONTRABAND,Semi-finished frames,17,nos,2836194,P000778
SZ000101,INC000258,CASH,Indian currency,15627374,INR,0,P000848
SZ000102,INC000259,CASH,Indian currency,14537870,INR,0,P000331
SZ000103,INC000263,CASH,Indian currency,14024312,INR,0,P000969
SZ000104,INC000264,WEAPON,Country-made pistol (katta),4,nos,141529,P000026
SZ000105,INC000269,CASH,Indian currency,18741680,INR,0,P000961
SZ000106,INC000270,CONTRABAND,Country-made pistols,22,nos,13392392,P000830
SZ000107,INC000270,CASH,Indian currency,12287039,INR,0,P000830
SZ000108,INC000271,WEAPON,DBBL gun,6,nos,18328,P000038
SZ000109,INC000272,CONTRABAND,Foreign cigarettes,41,nos,1538239663,P000351
SZ000110,INC000272,CASH,Indian currency,1227076,INR,0,P000351
SZ000111,INC000273,CONTRABAND,Betel nut (supari),46,nos,12469049,P000858
SZ000112,INC000275,CASH,Indian currency,18424227,INR,0,P000946
SZ000113,INC000280,WEAPON,AK-series rifle,4,nos,157320,P000048
SZ000114,INC000287,CONTRABAND,Star tortoises,560.95,kg,199676183,P000873
SZ000115,INC000287,CASH,Indian currency,2807382,INR,0,P000873
SZ000116,INC000289,CONTRABAND,Heroin,479,grams,10502760,P000909
SZ000117,INC000290,CASH,Indian currency,19550735,INR,0,P000718
SZ000118,INC000291,CONTRABAND,Betel nut (supari),43,nos,1573981995,P000314
SZ000119,INC000294,CASH,Indian currency,16633582,INR,0,P000497
SZ000120,INC000298,CONTRABAND,Country-made pistols,13,nos,11718887,P000127
SZ000121,INC000305,WEAPON,SBBL gun,5,nos,45385,P000806
SZ000122,INC000306,CONTRABAND,Cocaine,3.93,kg,475970745,P000105
SZ000123,INC000308,CASH,Indian currency,1740037,INR,0,P000353
SZ000124,INC000310,CASH,Indian currency,10780694,INR,0,P000124
SZ000125,INC000312,CONTRABAND,Country-made pistols,4,nos,12016557,P000156
SZ000126,INC000312,CASH,Indian currency,7259173,INR,0,P000156
SZ000127,INC000314,CASH,Indian currency,19006303,INR,0,P000255
SZ000128,INC000317,CONTRABAND,Country-made pistols,8,nos,2100036,P000124
SZ000129,INC000317,WEAPON,DBBL gun,4,nos,286624,P000124
SZ000130,INC000318,CONTRABAND,Live cartridges,12,nos,6816272,P000107
SZ000131,INC000318,WEAPON,Knife,4,nos,150633,P000107
SZ000132,INC000320,CASH,Indian currency,16936043,INR,0,P000284
SZ000133,INC000324,CONTRABAND,Semi-finished frames,49,nos,5102161,P000114
SZ000134,INC000324,WEAPON,Air weapon,5,nos,268380,P000114
SZ000135,INC000324,CASH,Indian currency,5952132,INR,0,P000114
SZ000136,INC000325,CONTRABAND,Foreign cigarettes,33,nos,37355099,P000326
SZ000137,INC000328,CASH,Indian currency,8927837,INR,0,P000489
SZ000138,INC000332,CONTRABAND,Red sanders logs,429.29,kg,156633835,P000872
SZ000139,INC000334,CONTRABAND,Semi-finished frames,6,nos,4608065,P000501
SZ000140,INC000334,WEAPON,Country-made pistol (katta),1,nos,199164,P000501
SZ000141,INC000337,WEAPON,.32 bore revolver,2,nos,150358,P000037
SZ000142,INC000342,CONTRABAND,Gold biscuits,32,nos,1240474867,P000858
SZ000143,INC000346,CONTRABAND,Foreign cigarettes,9,nos,35179912,P000946
SZ000144,INC000347,CONTRABAND,Ganja,252,grams,16506301,P000645
SZ000145,INC000350,CONTRABAND,Country-made pistols,39,nos,1590825,P000489
SZ000146,INC000351,CONTRABAND,Rifle barrels,52,nos,13376344,P000798
SZ000147,INC000351,WEAPON,Knife,5,nos,205279,P000798
SZ000148,INC000352,CASH,Indian currency,4961960,INR,0,P000409
SZ000149,INC000356,WEAPON,9mm pistol,5,nos,39895,P000397
SZ000150,INC000357,CONTRABAND,Foreign cigarettes,25,nos,783724,P000857
SZ000151,INC000359,CASH,Indian currency,13207588,INR,0,P000234
SZ000152,INC000361,CASH,Indian currency,7978045,INR,0,P000102
SZ000153,INC000363,CONTRABAND,Live cartridges,29,nos,7689745,P000802
SZ000154,INC000364,CONTRABAND,Foreign cigarettes,5,nos,47276288,P000317
SZ000155,INC000364,CASH,Indian currency,10153471,INR,0,P000317
SZ000156,INC000370,CASH,Indian currency,6463850,INR,0,P000516
SZ000157,INC000371,WEAPON,Machete (chopper),6,nos,12978,P000946
SZ000158,INC000375,WEAPON,AK-series rifle,1,nos,299035,P000891
SZ000159,INC000378,CASH,Indian currency,1893998,INR,0,P000724
SZ000160,INC000382,CONTRABAND,Charas,7.506,kg,151026461,P000111
SZ000161,INC000383,CONTRABAND,Pseudoephedrine,807,grams,249470075,P000895
SZ000162,INC000386,CONTRABAND,Live cartridges,53,nos,16608953,P000477
SZ000163,INC000386,WEAPON,Sword,4,nos,205745,P000477
SZ000164,INC000387,CASH,Indian currency,18838347,INR,0,P000555
SZ000165,INC000390,WEAPON,AK-series rifle,2,nos,107864,P000369
SZ000166,INC000394,CONTRABAND,Semi-finished frames,49,nos,17977764,P000774
SZ000167,INC000394,WEAPON,Air weapon,4,nos,226322,P000774
SZ000168,INC000400,CONTRABAND,Security ink,64556,INR face value,59495305,P000586
SZ000169,INC000404,CONTRABAND,Tramadol capsules,0.13,kg,250786851,P000125
SZ000170,INC000405,WEAPON,Sword,3,nos,82583,P000064
SZ000171,INC000413,CONTRABAND,Elephant ivory,274.27,kg,17791432,P000940
SZ000172,INC000415,CONTRABAND,Semi-finished frames,30,nos,631032,P000497
SZ000173,INC000418,CASH,Indian currency,9836852,INR,0,P000612
SZ000174,INC000420,CONTRABAND,Shahtoosh shawls,300.57,kg,400691587,P000873
SZ000175,INC000420,CASH,Indian currency,13823942,INR,0,P000873
SZ000176,INC000423,CONTRABAND,Semi-finished frames,24,nos,4100479,P000639
SZ000177,INC000424,CONTRABAND,Star tortoises,728.69,kg,334387692,P000875
SZ000178,INC000431,CONTRABAND,Heroin,514,grams,6322337,P000952
SZ000179,INC000435,CONTRABAND,Alprazolam tablets,2.681,kg,15760909,P000614
SZ000180,INC000442,WEAPON,Air weapon,2,nos,123631,P000126
SZ000181,INC000445,CASH,Indian currency,11224973,INR,0,P000333
SZ000182,INC000454,CONTRABAND,Opium,344,grams,113215012,P000100
SZ000183,INC000455,CASH,Indian currency,13020016,INR,0,P000540
SZ000184,INC000456,CASH,Indian currency,2263243,INR,0,P000381
SZ000185,INC000457,CONTRABAND,Semi-finished frames,20,nos,2766785,P000501
SZ000186,INC000458,CONTRABAND,Ganja,10.961,kg,12618810,P000630
SZ000187,INC000460,CASH,Indian currency,18954163,INR,0,P000995
SZ000188,INC000463,CONTRABAND,Mobile phones,5,nos,1361557,P000579
SZ000189,INC000465,WEAPON,Improvised explosive material,6,nos,297428,P000991
SZ000190,INC000466,WEAPON,DBBL gun,3,nos,50325,P000064
SZ000191,INC000469,CONTRABAND,Alprazolam tablets,288,grams,15396708,P000148
SZ000192,INC000469,CASH,Indian currency,16578743,INR,0,P000148
SZ000193,INC000473,CASH,Indian currency,5082185,INR,0,P000482
SZ000194,INC000474,CONTRABAND,Brown sugar,6.475,kg,602635565,P000611
SZ000195,INC000476,CONTRABAND,Mobile phones,6,nos,1142219041,P000860
SZ000196,INC000477,CONTRABAND,Gold biscuits,1,nos,208230,P000313
SZ000197,INC000483,CONTRABAND,Betel nut (supari),36,nos,4198606,P000583
SZ000198,INC000483,CASH,Indian currency,14264777,INR,0,P000583
SZ000199,INC000485,CASH,Indian currency,7588752,INR,0,P000429
SZ000200,INC000488,CASH,Indian currency,10121375,INR,0,P000931
SZ000201,INC000490,CASH,Indian currency,6423491,INR,0,P000540
SZ000202,INC000492,CASH,Indian currency,13884756,INR,0,P000704
SZ000203,INC000493,CASH,Indian currency,12636049,INR,0,P000425
SZ000204,INC000497,WEAPON,Air weapon,4,nos,78059,P000360
SZ000205,INC000498,CONTRABAND,Country-made pistols,23,nos,13770141,P000778
SZ000206,INC000500,CONTRABAND,Tiger nails,105.31,kg,419799426,P000866
SZ000207,INC000503,CASH,Indian currency,5847120,INR,0,P000365
SZ000208,INC000506,WEAPON,Country-made pistol (katta),4,nos,155050,P000404
SZ000209,INC000506,CASH,Indian currency,15512787,INR,0,P000404
SZ000210,INC000507,CONTRABAND,Foreign cigarettes,17,nos,882571904,P000867
SZ000211,INC000509,CONTRABAND,Foreign cigarettes,12,nos,550512,P000348
SZ000212,INC000511,CONTRABAND,Rifle barrels,41,nos,1985030,P000783
SZ000213,INC000511,WEAPON,AK-series rifle,6,nos,267535,P000783
SZ000214,INC000512,CONTRABAND,Semi-finished frames,18,nos,7454067,P000804
SZ000215,INC000516,CONTRABAND,Chinese firecrackers,45,nos,2306432068,P000291
SZ000216,INC000520,WEAPON,Knife,2,nos,20597,P000791
SZ000217,INC000521,WEAPON,DBBL gun,5,nos,89996,P000940
SZ000218,INC000522,WEAPON,DBBL gun,3,nos,187657,P000901
SZ000219,INC000525,WEAPON,AK-series rifle,1,nos,198143,P000992
SZ000220,INC000528,CASH,Indian currency,4078756,INR,0,P000887
SZ000221,INC000529,WEAPON,Machete (chopper),6,nos,258003,P000046
SZ000222,INC000534,WEAPON,.32 bore revolver,4,nos,249937,P000066
SZ000223,INC000536,CASH,Indian currency,13973592,INR,0,P000536
SZ000224,INC000538,CONTRABAND,Shahtoosh shawls,849.85,kg,192326256,P000870
SZ000225,INC000540,CONTRABAND,Intaglio plates,2096482,INR face value,98082321,P000572
SZ000226,INC000541,WEAPON,Knife,4,nos,169887,P000827
SZ000227,INC000544,CASH,Indian currency,12556323,INR,0,P000684
SZ000228,INC000550,WEAPON,Improvised explosive material,6,nos,117973,P000412
SZ000229,INC000553,WEAPON,Improvised explosive material,6,nos,294196,P000838
SZ000230,INC000554,WEAPON,SBBL gun,2,nos,130282,P000475
SZ000231,INC000555,WEAPON,Sword,6,nos,286701,P000367
SZ000232,INC000557,WEAPON,Knife,5,nos,135089,P000080
SZ000233,INC000558,CASH,Indian currency,6863617,INR,0,P000566
SZ000234,INC000560,CONTRABAND,Foreign cigarettes,32,nos,8637915,P000603
SZ000235,INC000568,WEAPON,Air weapon,6,nos,48732,P000787
SZ000236,INC000569,CONTRABAND,Rifle barrels,12,nos,13563076,P000147
SZ000237,INC000569,WEAPON,SBBL gun,5,nos,65353,P000147
SZ000238,INC000570,CONTRABAND,Heroin,1.12,kg,488693242,P000615
SZ000239,INC000574,WEAPON,Improvised explosive material,3,nos,124652,P000940
SZ000240,INC000575,CONTRABAND,Tiger nails,214.7,kg,385095943,P000872
SZ000241,INC000576,CONTRABAND,Star tortoises,222.96,kg,277549185,P000854
SZ000242,INC000581,CONTRABAND,Red sanders logs,871.22,kg,399060761,P000847
SZ000243,INC000581,CASH,Indian currency,5401829,INR,0,P000847
SZ000244,INC000587,CONTRABAND,Rifle barrels,47,nos,12997232,P000773
SZ000245,INC000591,CASH,Indian currency,9834796,INR,0,P000695
SZ000246,INC000595,CONTRABAND,Tiger nails,875.05,kg,403270483,P000960
SZ000247,INC000595,CASH,Indian currency,16207378,INR,0,P000960
SZ000248,INC000600,CASH,Indian currency,19336204,INR,0,P000369
SZ000249,INC000602,CASH,Indian currency,14681385,INR,0,P000259
SZ000250,INC000603,CASH,Indian currency,1294523,INR,0,P000715
SZ000251,INC000605,WEAPON,DBBL gun,6,nos,91271,P000794
SZ000252,INC000605,CASH,Indian currency,8934529,INR,0,P000794
SZ000253,INC000607,WEAPON,DBBL gun,4,nos,31380,P000776
SZ000254,INC000611,WEAPON,Country-made pistol (katta),2,nos,98941,P000169
SZ000255,INC000612,CONTRABAND,Semi-finished frames,42,nos,373617,P000805
SZ000256,INC000612,WEAPON,Machete (chopper),2,nos,7737,P000805
SZ000257,INC000615,WEAPON,.32 bore revolver,2,nos,63970,P000052
SZ000258,INC000619,CONTRABAND,Tramadol capsules,540,grams,728084781,P000096
SZ000259,INC000620,CASH,Indian currency,6355496,INR,0,P000872
SZ000260,INC000622,CASH,Indian currency,16795243,INR,0,P000033
SZ000261,INC000626,CASH,Indian currency,9579855,INR,0,P000441
SZ000262,INC000627,CASH,Indian currency,4522024,INR,0,P000812
SZ000263,INC000629,CONTRABAND,Ganja,659,grams,14117136,P000135
SZ000264,INC000637,CONTRABAND,Pseudoephedrine,8.456,kg,173036973,P000665
SZ000265,INC000639,CASH,Indian currency,1242152,INR,0,P000545
SZ000266,INC000640,CONTRABAND,Tiger nails,318.85,kg,780186509,P000882
SZ000267,INC000642,CONTRABAND,Live cartridges,3,nos,18450218,P000627
SZ000268,INC000644,WEAPON,DBBL gun,3,nos,181553,P000488
SZ000269,INC000651,CONTRABAND,Country-made pistols,26,nos,8798997,P000796
SZ000270,INC000652,CASH,Indian currency,690312,INR,0,P000240
SZ000271,INC000655,CONTRABAND,Shahtoosh shawls,565.18,kg,553559330,P000872
SZ000272,INC000657,CONTRABAND,Star tortoises,535.34,kg,198935034,P000854
SZ000273,INC000659,CONTRABAND,Gold biscuits,17,nos,3893892,P000850
SZ000274,INC000665,CASH,Indian currency,5432760,INR,0,P000725
SZ000275,INC000667,WEAPON,Machete (chopper),6,nos,18560,P000895
SZ000276,INC000667,CASH,Indian currency,8368500,INR,0,P000895
SZ000277,INC000668,CASH,Indian currency,18000326,INR,0,P000315
SZ000278,INC000670,CONTRABAND,Charas,121,grams,314243846,P000167
SZ000279,INC000672,CONTRABAND,Red sanders logs,803.3,kg,282199126,P000853
SZ000280,INC000674,CASH,Indian currency,2047821,INR,0,P000439
SZ000281,INC000675,CASH,Indian currency,13648845,INR,0,P000445
SZ000282,INC000676,WEAPON,Machete (chopper),2,nos,31225,P000402
SZ000283,INC000677,WEAPON,SBBL gun,6,nos,96351,P000488
SZ000284,INC000678,CASH,Indian currency,17150170,INR,0,P000802
SZ000285,INC000680,WEAPON,DBBL gun,6,nos,271399,P000940
SZ000286,INC000683,CONTRABAND,Tramadol capsules,7.362,kg,524207034,P000956
SZ000287,INC000684,CONTRABAND,Mobile phones,36,nos,6596634,P000878
SZ000288,INC000693,CASH,Indian currency,12237867,INR,0,P000548
SZ000289,INC000694,CASH,Indian currency,17454919,INR,0,P000958
SZ000290,INC000703,CASH,Indian currency,10412828,INR,0,P000164
SZ000291,INC000706,CASH,Indian currency,16665736,INR,0,P000875
SZ000292,INC000707,CONTRABAND,Charas,4.964,kg,11399064,P000097
SZ000293,INC000709,CONTRABAND,Rifle barrels,41,nos,3833768,P000508
SZ000294,INC000709,CASH,Indian currency,11401270,INR,0,P000508
SZ000295,INC000711,CONTRABAND,Cocaine,435,grams,281176875,P000102
SZ000296,INC000714,CASH,Indian currency,1582019,INR,0,P000769
SZ000297,INC000718,CONTRABAND,Country-made pistols,46,nos,560798,P000098
SZ000298,INC000718,WEAPON,Country-made pistol (katta),6,nos,148311,P000098
SZ000299,INC000720,WEAPON,AK-series rifle,3,nos,21560,P000962
SZ000300,INC000721,CASH,Indian currency,10598494,INR,0,P000739
SZ000301,INC000722,CASH,Indian currency,5695788,INR,0,P000436
SZ000302,INC000723,CONTRABAND,Pseudoephedrine,8.471,kg,670840230,P000149
SZ000303,INC000724,CASH,Indian currency,8259019,INR,0,P000557
SZ000304,INC000725,WEAPON,9mm pistol,3,nos,176159,P000782
SZ000305,INC000727,WEAPON,Knife,3,nos,269854,P000813
SZ000306,INC000732,CONTRABAND,Ganja,7.792,kg,1936054,P000636
SZ000307,INC000732,CASH,Indian currency,15041849,INR,0,P000636
SZ000308,INC000734,CONTRABAND,Semi-finished frames,38,nos,15633772,P000807
SZ000309,INC000734,WEAPON,AK-series rifle,4,nos,101481,P000807
SZ000310,INC000735,CONTRABAND,Pangolin scales,897.14,kg,716266308,P000874
SZ000311,INC000736,CONTRABAND,Foreign cigarettes,8,nos,1235507411,P000581
SZ000312,INC000739,CASH,Indian currency,7711282,INR,0,P000964
SZ000313,INC000741,CASH,Indian currency,2663997,INR,0,P000671
SZ000314,INC000744,CASH,Indian currency,19526768,INR,0,P000882
SZ000315,INC000748,CONTRABAND,Live cartridges,36,nos,9395992,P000174
SZ000316,INC000749,CONTRABAND,Semi-finished frames,16,nos,5908509,P000796
SZ000317,INC000751,CONTRABAND,Star tortoises,369.53,kg,60200812,P000966
SZ000318,INC000759,CASH,Indian currency,4402650,INR,0,P000869
SZ000319,INC000760,CONTRABAND,Mephedrone (MD),11.79,kg,390100810,P000658
SZ000320,INC000764,CONTRABAND,Live cartridges,33,nos,19047302,P000797
SZ000321,INC000764,WEAPON,SBBL gun,2,nos,201071,P000797
SZ000322,INC000765,CASH,Indian currency,3084006,INR,0,P000496
SZ000323,INC000770,CASH,Indian currency,2482473,INR,0,P000894
SZ000324,INC000771,CASH,Indian currency,4880133,INR,0,P000672
SZ000325,INC000772,CASH,Indian currency,2223789,INR,0,P000105
SZ000326,INC000777,WEAPON,Country-made pistol (katta),4,nos,137108,P000138
SZ000327,INC000779,CONTRABAND,Semi-finished frames,42,nos,11360367,P000507
SZ000328,INC000780,WEAPON,Sword,5,nos,261729,P000997
SZ000329,INC000781,CONTRABAND,Star tortoises,411.78,kg,16189654,P000884
SZ000330,INC000781,CASH,Indian currency,11803300,INR,0,P000884
SZ000331,INC000783,CONTRABAND,Charas,7.65,kg,100459,P000934
SZ000332,INC000784,CONTRABAND,Rifle barrels,55,nos,13242693,P000513
SZ000333,INC000784,WEAPON,Improvised explosive material,4,nos,234451,P000513
SZ000334,INC000784,CASH,Indian currency,949154,INR,0,P000513
SZ000335,INC000786,CASH,Indian currency,19593093,INR,0,P000924
SZ000336,INC000787,WEAPON,.32 bore revolver,2,nos,124712,P000987
SZ000337,INC000788,CASH,Indian currency,11760395,INR,0,P000860
SZ000338,INC000792,WEAPON,SBBL gun,4,nos,79328,P000371
SZ000339,INC000792,CASH,Indian currency,6705072,INR,0,P000371
SZ000340,INC000795,WEAPON,9mm pistol,4,nos,70939,P000030
SZ000341,INC000796,CONTRABAND,Ganja,6.666,kg,116551113,P000148
SZ000342,INC000799,CASH,Indian currency,19630615,INR,0,P000383
SZ000343,INC000800,CASH,Indian currency,16080881,INR,0,P000315
SZ000344,INC000801,CASH,Indian currency,14686469,INR,0,P000690
SZ000345,INC000802,CASH,Indian currency,11528573,INR,0,P000754
SZ000346,INC000809,WEAPON,SBBL gun,2,nos,119271,P000989
SZ000347,INC000810,CONTRABAND,Cocaine,77,grams,526152805,P000885
SZ000348,INC000812,WEAPON,Sword,2,nos,206284,P000038
SZ000349,INC000815,CONTRABAND,FICN Rs.500 notes,650417,INR face value,83998117,P000586
SZ000350,INC000815,CASH,Indian currency,4256404,INR,0,P000586
SZ000351,INC000819,CONTRABAND,Brown sugar,10.186,kg,4210821,P000118
SZ000352,INC000819,CASH,Indian currency,19483825,INR,0,P000118
SZ000353,INC000821,CONTRABAND,Brown sugar,11.804,kg,3080270,P000123
SZ000354,INC000823,CONTRABAND,Chinese firecrackers,20,nos,25350235,P000338
SZ000355,INC000826,CONTRABAND,Tiger nails,739.32,kg,295743990,P000849
SZ000356,INC000826,CASH,Indian currency,1724398,INR,0,P000849
SZ000357,INC000827,CASH,Indian currency,16505986,INR,0,P000422
SZ000358,INC000828,WEAPON,SBBL gun,4,nos,47975,P000963
SZ000359,INC000828,CASH,Indian currency,5744107,INR,0,P000963
SZ000360,INC000829,WEAPON,Improvised explosive material,1,nos,53228,P000491
SZ000361,INC000829,CASH,Indian currency,16838342,INR,0,P000491
SZ000362,INC000832,WEAPON,9mm pistol,6,nos,268695,P000990
SZ000363,INC000837,CASH,Indian currency,16715984,INR,0,P000538
SZ000364,INC000847,CONTRABAND,Tiger nails,698.0,kg,528224803,P000887
SZ000365,INC000848,CONTRABAND,Live cartridges,54,nos,6563809,P000803
SZ000366,INC000850,CASH,Indian currency,17898433,INR,0,P000238
SZ000367,INC000856,WEAPON,Sword,5,nos,298392,P000995
SZ000368,INC000858,CONTRABAND,Country-made pistols,28,nos,6512581,P000170
SZ000369,INC000859,WEAPON,Improvised explosive material,5,nos,65377,P000948
SZ000370,INC000859,CASH,Indian currency,13484241,INR,0,P000948
SZ000371,INC000861,CONTRABAND,Rifle barrels,27,nos,9316544,P000123
SZ000372,INC000861,WEAPON,Sword,2,nos,16608,P000123
SZ000373,INC000864,CONTRABAND,Live cartridges,17,nos,3175424,P000497
SZ000374,INC000864,WEAPON,DBBL gun,3,nos,123347,P000497
SZ000375,INC000869,WEAPON,AK-series rifle,4,nos,117869,P000403
SZ000376,INC000870,CASH,Indian currency,4816455,INR,0,P000989
SZ000377,INC000873,CONTRABAND,Gold biscuits,43,nos,36609267,P000582
SZ000378,INC000878,CONTRABAND,Semi-finished frames,43,nos,2025547,P000479
SZ000379,INC000878,CASH,Indian currency,14347713,INR,0,P000479
SZ000380,INC000880,CASH,Indian currency,1186492,INR,0,P000542
SZ000381,INC000891,CONTRABAND,Gold biscuits,11,nos,27618296,P000346
SZ000382,INC000895,WEAPON,.32 bore revolver,6,nos,121498,P000918
SZ000383,INC000895,CASH,Indian currency,7334290,INR,0,P000918
SZ000384,INC000902,CONTRABAND,Live cartridges,49,nos,165338,P000785
SZ000385,INC000904,CONTRABAND,Intaglio plates,864287,INR face value,551722223,P000606
SZ000386,INC000906,CONTRABAND,Foreign cigarettes,8,nos,479206898,P000877
SZ000387,INC000910,CONTRABAND,Country-made pistols,42,nos,14241381,P000141
SZ000388,INC000910,WEAPON,Sword,5,nos,268926,P000141
SZ000389,INC000912,WEAPON,DBBL gun,1,nos,191020,P000154
SZ000390,INC000912,CASH,Indian currency,12832212,INR,0,P000154
SZ000391,INC000915,CONTRABAND,Opium,285,grams,102546231,P000647
SZ000392,INC000916,CASH,Indian currency,16397073,INR,0,P000109
SZ000393,INC000918,CONTRABAND,Elephant ivory,848.62,kg,612757227,P000869
SZ000394,INC000930,WEAPON,Improvised explosive material,1,nos,191776,P000086
SZ000395,INC000934,CASH,Indian currency,15905000,INR,0,P000554
SZ000396,INC000938,CASH,Indian currency,9068017,INR,0,P000152
SZ000397,INC000940,WEAPON,Improvised explosive material,4,nos,70359,P000517
SZ000398,INC000946,CASH,Indian currency,13986963,INR,0,P000330
SZ000399,INC000947,CASH,Indian currency,10402627,INR,0,P000037
SZ000400,INC000949,WEAPON,Air weapon,4,nos,103612,P000782
SZ000401,INC000950,WEAPON,.32 bore revolver,1,nos,57661,P000830
SZ000402,INC000950,CASH,Indian currency,13523883,INR,0,P000830
SZ000403,INC000954,CASH,Indian currency,13185647,INR,0,P000393
SZ000404,INC000956,CONTRABAND,Foreign cigarettes,7,nos,803699,P000872
SZ000405,INC000959,CASH,Indian currency,996488,INR,0,P000936
SZ000406,INC000960,CASH,Indian currency,2807967,INR,0,P000814
SZ000407,INC000962,WEAPON,Improvised explosive material,6,nos,36655,P000408
SZ000408,INC000962,CASH,Indian currency,10865643,INR,0,P000408
SZ000409,INC000963,CONTRABAND,Brown sugar,709,grams,10653980,P000651
SZ000410,INC000967,WEAPON,AK-series rifle,3,nos,56075,P000482
SZ000411,INC000969,WEAPON,Knife,1,nos,262944,P000497
SZ000412,INC000973,CASH,Indian currency,9525896,INR,0,P000846
SZ000413,INC000974,CASH,Indian currency,15552448,INR,0,P000695
SZ000414,INC000975,CASH,Indian currency,264967,INR,0,P000555
SZ000415,INC000978,CONTRABAND,Mobile phones,14,nos,1481893,P000868
SZ000416,INC000980,CASH,Indian currency,3840967,INR,0,P000763
SZ000417,INC000985,CONTRABAND,Country-made pistols,45,nos,1746660,P000767
SZ000418,INC000985,WEAPON,DBBL gun,6,nos,122035,P000767
SZ000419,INC000985,CASH,Indian currency,587533,INR,0,P000767
SZ000420,INC000989,CONTRABAND,Heroin,2.528,kg,10662059,P000147
SZ000421,INC000992,CONTRABAND,Semi-finished frames,56,nos,5931588,P000840
SZ000422,INC000994,WEAPON,DBBL gun,6,nos,108031,P000993
SZ000423,INC000996,CONTRABAND,Ganja,57,grams,16041693,P000134
SZ000424,INC000997,WEAPON,Improvised explosive material,3,nos,200952,P000403
SZ000425,INC001000,CONTRABAND,Cocaine,11.829,kg,651740544,P000097
SZ000426,INC001000,CASH,Indian currency,656416,INR,0,P000097
SZ000427,INC001001,CONTRABAND,Alprazolam tablets,554,grams,201447089,P000905
SZ000428,INC001004,WEAPON,.32 bore revolver,5,nos,293806,P000503
SZ000429,INC001005,CASH,Indian currency,4558488,INR,0,P000953
SZ000430,INC001007,CASH,Indian currency,1036883,INR,0,P000764
SZ000431,INC001008,CONTRABAND,Heroin,2.083,kg,125027657,P000972
SZ000432,INC001009,WEAPON,SBBL gun,2,nos,273833,P000057
SZ000433,INC001010,CONTRABAND,Live cartridges,39,nos,11941527,P000109
SZ000434,INC001010,WEAPON,AK-series rifle,5,nos,97900,P000109
SZ000435,INC001014,CASH,Indian currency,15403382,INR,0,P000115
SZ000436,INC001016,CASH,Indian currency,17749498,INR,0,P000848
SZ000437,INC001018,CASH,Indian currency,3928053,INR,0,P000709
SZ000438,INC001019,WEAPON,Country-made pistol (katta),6,nos,39443,P000057
SZ000439,INC001020,CASH,Indian currency,3968536,INR,0,P000221
SZ000440,INC001027,CASH,Indian currency,11458113,INR,0,P000174
SZ000441,INC001028,CONTRABAND,Chinese firecrackers,11,nos,1575104415,P000849
SZ000442,INC001031,WEAPON,DBBL gun,5,nos,187615,P000373
SZ000443,INC001033,CASH,Indian currency,12289122,INR,0,P000358
SZ000444,INC001036,CASH,Indian currency,12419126,INR,0,P000692
SZ000445,INC001037,CONTRABAND,Live cartridges,52,nos,16988627,P000799
SZ000446,INC001039,CONTRABAND,FICN Rs.500 notes,2984431,INR face value,396152017,P000593
SZ000447,INC001039,CASH,Indian currency,10411703,INR,0,P000593
SZ000448,INC001042,CASH,Indian currency,2609843,INR,0,P000849
SZ000449,INC001043,WEAPON,9mm pistol,6,nos,78161,P000803
SZ000450,INC001043,CASH,Indian currency,17062220,INR,0,P000803
SZ000451,INC001045,WEAPON,Knife,4,nos,215339,P000781
SZ000452,INC001047,WEAPON,Country-made pistol (katta),6,nos,170237,P000922
SZ000453,INC001048,CASH,Indian currency,14332717,INR,0,P000008
SZ000454,INC001050,CONTRABAND,Mephedrone (MD),344,grams,513075117,P000994
SZ000455,INC001052,CONTRABAND,Rifle barrels,32,nos,13173586,P000798
SZ000456,INC001052,WEAPON,.32 bore revolver,6,nos,43867,P000798
SZ000457,INC001054,CONTRABAND,Country-made pistols,54,nos,6472589,P000484
SZ000458,INC001054,WEAPON,Country-made pistol (katta),2,nos,95152,P000484
SZ000459,INC001055,CONTRABAND,Brown sugar,8.602,kg,2491279,P000104
SZ000460,INC001057,CASH,Indian currency,13536095,INR,0,P000497
SZ000461,INC001061,CASH,Indian currency,15093983,INR,0,P000681
SZ000462,INC001064,WEAPON,SBBL gun,1,nos,202054,P000379
SZ000463,INC001070,CONTRABAND,Rifle barrels,6,nos,9831774,P000142
SZ000464,INC001070,WEAPON,Country-made pistol (katta),1,nos,136290,P000142
SZ000465,INC001073,CONTRABAND,Charas,4.175,kg,717268942,P000625
SZ000466,INC001080,CASH,Indian currency,19546043,INR,0,P000741
SZ000467,INC001081,CONTRABAND,Gold biscuits,41,nos,2858161787,P000344
SZ000468,INC001081,CASH,Indian currency,12026201,INR,0,P000344
SZ000469,INC001082,CONTRABAND,Chinese firecrackers,24,nos,34125600,P000852
SZ000470,INC001085,CONTRABAND,Shahtoosh shawls,826.62,kg,331271237,P000873
SZ000471,INC001087,WEAPON,Country-made pistol (katta),2,nos,129488,P000010
SZ000472,INC001090,CASH,Indian currency,15738538,INR,0,P000747
SZ000473,INC001091,WEAPON,Machete (chopper),5,nos,284436,P000768
SZ000474,INC001091,CASH,Indian currency,13522439,INR,0,P000768
SZ000475,INC001094,CONTRABAND,Charas,8.27,kg,5022730,P000116
SZ000476,INC001096,WEAPON,Machete (chopper),1,nos,153774,P000370
SZ000477,INC001097,CASH,Indian currency,1122752,INR,0,P000744
SZ000478,INC001103,WEAPON,Country-made pistol (katta),1,nos,170913,P000972
SZ000479,INC001107,WEAPON,9mm pistol,6,nos,134585,P000982
SZ000480,INC001109,CASH,Indian currency,11050327,INR,0,P000454
SZ000481,INC001117,WEAPON,Machete (chopper),4,nos,143950,P000085
SZ000482,INC001120,WEAPON,SBBL gun,4,nos,133267,P000381
SZ000483,INC001121,CONTRABAND,Mobile phones,19,nos,37075648,P000868
SZ000484,INC001123,CONTRABAND,Alprazolam tablets,5.622,kg,15350742,P000139
SZ000485,INC001125,CASH,Indian currency,19341684,INR,0,P000358
SZ000486,INC001131,CASH,Indian currency,11466971,INR,0,P000506
SZ000487,INC001132,CONTRABAND,Live cartridges,5,nos,1123132,P000472
SZ000488,INC001134,WEAPON,Knife,5,nos,272726,P000826
SZ000489,INC001136,CASH,Indian currency,4737547,INR,0,P000502
SZ000490,INC001137,WEAPON,SBBL gun,3,nos,219040,P000991
SZ000491,INC001138,CASH,Indian currency,13935381,INR,0,P000745
SZ000492,INC001141,CONTRABAND,Heroin,772,grams,122989322,P000147
SZ000493,INC001141,CASH,Indian currency,3090747,INR,0,P000147
SZ000494,INC001145,CONTRABAND,Charas,223,grams,718809263,P000640
SZ000495,INC001148,CONTRABAND,Cocaine,4.369,kg,498718508,P000104
SZ000496,INC001149,CONTRABAND,Mobile phones,38,nos,1875983,P000948
SZ000497,INC001154,CASH,Indian currency,12475297,INR,0,P000430
SZ000498,INC001157,CONTRABAND,Alprazolam tablets,6.302,kg,511799575,P000142
SZ000499,INC001158,CASH,Indian currency,12985830,INR,0,P000589
SZ000500,INC001159,CASH,Indian currency,16917550,INR,0,P000796
SZ000501,INC001161,CONTRABAND,Tramadol capsules,684,grams,675545545,P000927
SZ000502,INC001161,CASH,Indian currency,17632151,INR,0,P000927
SZ000503,INC001167,CONTRABAND,Live cartridges,22,nos,8891635,P000518
SZ000504,INC001167,WEAPON,9mm pistol,3,nos,206463,P000518
SZ000505,INC001168,CASH,Indian currency,6374082,INR,0,P000021
SZ000506,INC001176,CONTRABAND,Rifle barrels,3,nos,5197952,P000151
SZ000507,INC001180,CONTRABAND,Rifle barrels,27,nos,17337639,P000507
SZ000508,INC001181,WEAPON,Sword,5,nos,54287,P000080
SZ000509,INC001183,CONTRABAND,Semi-finished frames,5,nos,18968344,P000103
SZ000510,INC001184,CASH,Indian currency,61093,INR,0,P000736
SZ000511,INC001185,CASH,Indian currency,1106679,INR,0,P000420
SZ000512,INC001188,WEAPON,SBBL gun,1,nos,95758,P000103
SZ000513,INC001188,CASH,Indian currency,12801324,INR,0,P000103
SZ000514,INC001191,WEAPON,.32 bore revolver,5,nos,257052,P000937
SZ000515,INC001192,CONTRABAND,Heroin,5.316,kg,6667787,P000150
SZ000516,INC001193,CONTRABAND,Charas,11.16,kg,11242813,P000150
SZ000517,INC001195,WEAPON,Machete (chopper),6,nos,185624,P000839
SZ000518,INC001196,WEAPON,Air weapon,2,nos,71874,P000920
SZ000519,INC001199,CASH,Indian currency,2039470,INR,0,P000720
SZ000520,INC001200,CASH,Indian currency,16254708,INR,0,P000893
SZ000521,INC001201,CASH,Indian currency,19992373,INR,0,P000666
SZ000522,INC001205,CASH,Indian currency,15150774,INR,0,P000813
SZ000523,INC001206,WEAPON,9mm pistol,6,nos,54006,P000172
SZ000524,INC001208,CONTRABAND,Betel nut (supari),50,nos,1159427,P000597
SZ000525,INC001209,CONTRABAND,Rifle barrels,2,nos,14668329,P000485
SZ000526,INC001209,WEAPON,Improvised explosive material,6,nos,89207,P000485
SZ000527,INC001209,CASH,Indian currency,1199937,INR,0,P000485
SZ000528,INC001217,CONTRABAND,Brown sugar,11.763,kg,9567164,P000917
SZ000529,INC001221,CONTRABAND,Charas,9.928,kg,149148328,P000626
SZ000530,INC001221,CASH,Indian currency,10211903,INR,0,P000626
SZ000531,INC001224,CONTRABAND,Live cartridges,17,nos,517845,P000166
SZ000532,INC001228,CASH,Indian currency,19948241,INR,0,P000902
SZ000533,INC001234,CASH,Indian currency,6119120,INR,0,P000996
SZ000534,INC001237,CONTRABAND,Rifle barrels,22,nos,1779592,P000487
SZ000535,INC001237,WEAPON,.32 bore revolver,6,nos,146284,P000487
SZ000536,INC001246,WEAPON,Air weapon,2,nos,280793,P000088
SZ000537,INC001246,CASH,Indian currency,1644803,INR,0,P000088
SZ000538,INC001247,WEAPON,9mm pistol,2,nos,50049,P000829
SZ000539,INC001249,CONTRABAND,Gold biscuits,42,nos,1273306,P000350
SZ000540,INC001250,WEAPON,Country-made pistol (katta),3,nos,288082,P000504
SZ000541,INC001253,CONTRABAND,Heroin,10.595,kg,577320369,P000921
SZ000542,INC001258,WEAPON,DBBL gun,4,nos,171368,P000892
SZ000543,INC001258,CASH,Indian currency,4129519,INR,0,P000892
SZ000544,INC001261,CONTRABAND,Brown sugar,1.84,kg,223633970,P000911
SZ000545,INC001261,CASH,Indian currency,12978829,INR,0,P000911
SZ000546,INC001262,WEAPON,Country-made pistol (katta),1,nos,291168,P000985
SZ000547,INC001263,CONTRABAND,Live cartridges,37,nos,1286668,P000173
SZ000548,INC001266,CONTRABAND,Mobile phones,2,nos,6843144,P000870
SZ000549,INC001269,WEAPON,SBBL gun,5,nos,29163,P000397
SZ000550,INC001274,CASH,Indian currency,11696242,INR,0,P000932
SZ000551,INC001275,CONTRABAND,Betel nut (supari),20,nos,30001716,P000858
SZ000552,INC001276,CONTRABAND,Star tortoises,437.18,kg,345778806,P000972
SZ000553,INC001277,CONTRABAND,Mephedrone (MD),640,grams,413525381,P000116
SZ000554,INC001278,WEAPON,DBBL gun,5,nos,296716,P000358
SZ000555,INC001278,CASH,Indian currency,7456617,INR,0,P000358
SZ000556,INC001280,WEAPON,.32 bore revolver,4,nos,237153,P000385
SZ000557,INC001281,CONTRABAND,Heroin,766,grams,1458525,P000665
SZ000558,INC001284,CASH,Indian currency,6089118,INR,0,P000455
SZ000559,INC001287,CASH,Indian currency,5264279,INR,0,P000713
SZ000560,INC001288,WEAPON,DBBL gun,1,nos,65466,P000808
SZ000561,INC001288,CASH,Indian currency,11971967,INR,0,P000808
SZ000562,INC001290,CONTRABAND,Charas,7.865,kg,427593606,P000640
SZ000563,INC001298,WEAPON,Knife,1,nos,170951,P000379
SZ000564,INC001300,CASH,Indian currency,14309729,INR,0,P000425
SZ000565,INC001302,CASH,Indian currency,15717684,INR,0,P000443
SZ000566,INC001304,CONTRABAND,Methamphetamine,6.721,kg,238003228,P000144
SZ000567,INC001305,CASH,Indian currency,16114684,INR,0,P000551
SZ000568,INC001306,CONTRABAND,Charas,351,grams,9890519,P000148
SZ000569,INC001308,CONTRABAND,Foreign cigarettes,24,nos,877538,P000973
SZ000570,INC001310,CASH,Indian currency,65085,INR,0,P000447
SZ000571,INC001312,CONTRABAND,FICN Rs.2000 notes,2675469,INR face value,430215441,P000589
SZ000572,INC001315,CASH,Indian currency,16594156,INR,0,P000134
SZ000573,INC001317,CONTRABAND,Ganja,11.638,kg,195785300,P000141
SZ000574,INC001317,CASH,Indian currency,17109824,INR,0,P000141
SZ000575,INC001319,CONTRABAND,Country-made pistols,4,nos,5900146,P000514
SZ000576,INC001319,WEAPON,Country-made pistol (katta),3,nos,176093,P000514
SZ000577,INC001321,CONTRABAND,Brown sugar,862,grams,4243244,P000660
SZ000578,INC001323,WEAPON,Improvised explosive material,4,nos,104855,P000037
SZ000579,INC001323,CASH,Indian currency,15735289,INR,0,P000037
SZ000580,INC001324,CASH,Indian currency,7251298,INR,0,P000155
SZ000581,INC001325,CONTRABAND,Opium,349,grams,106981491,P000101
SZ000582,INC001326,WEAPON,Knife,4,nos,49356,P000836
SZ000583,INC001333,CONTRABAND,Star tortoises,812.61,kg,227773344,P000912
SZ000584,INC001335,CONTRABAND,Semi-finished frames,54,nos,86901,P000151
SZ000585,INC001335,WEAPON,SBBL gun,3,nos,278929,P000151
SZ000586,INC001335,CASH,Indian currency,3484465,INR,0,P000151
SZ000587,INC001337,CASH,Indian currency,14011731,INR,0,P000675
SZ000588,INC001338,CONTRABAND,Live cartridges,48,nos,8392586,P000166
SZ000589,INC001338,WEAPON,.32 bore revolver,3,nos,217467,P000166
SZ000590,INC001341,WEAPON,.32 bore revolver,3,nos,233033,P000487
SZ000591,INC001342,CONTRABAND,Chinese firecrackers,9,nos,187143,P000323
SZ000592,INC001343,WEAPON,9mm pistol,2,nos,291150,P000030
SZ000593,INC001347,WEAPON,Knife,6,nos,32824,P000145
SZ000594,INC001347,CASH,Indian currency,11716843,INR,0,P000145
SZ000595,INC001353,WEAPON,Sword,5,nos,95110,P000845
SZ000596,INC001357,CONTRABAND,Live cartridges,15,nos,4107761,P000769
SZ000597,INC001357,WEAPON,Improvised explosive material,1,nos,164728,P000769
SZ000598,INC001364,CASH,Indian currency,8399545,INR,0,P000337
SZ000599,INC001366,CASH,Indian currency,8199132,INR,0,P000439
SZ000600,INC001369,CASH,Indian currency,3903443,INR,0,P000624
SZ000601,INC001372,CONTRABAND,Opium,3.089,kg,399986769,P000119
SZ000602,INC001373,CASH,Indian currency,15505081,INR,0,P000510
SZ000603,INC001375,CASH,Indian currency,12431803,INR,0,P000021
SZ000604,INC001376,CONTRABAND,Tramadol capsules,690,grams,203852034,P000131
SZ000605,INC001379,CASH,Indian currency,1971573,INR,0,P000458
SZ000606,INC001383,CASH,Indian currency,8163261,INR,0,P000713
SZ000607,INC001384,CONTRABAND,Live cartridges,12,nos,19500444,P000833
SZ000608,INC001384,WEAPON,DBBL gun,1,nos,159372,P000833
SZ000609,INC001384,CASH,Indian currency,275233,INR,0,P000833
SZ000610,INC001389,CONTRABAND,Mobile phones,21,nos,1230001,P000860
SZ000611,INC001393,CONTRABAND,Chinese firecrackers,44,nos,777260371,P000601
SZ000612,INC001401,WEAPON,Air weapon,5,nos,295942,P000036
SZ000613,INC001402,CASH,Indian currency,19830747,INR,0,P000492
SZ000614,INC001403,CASH,Indian currency,14458062,INR,0,P000263
SZ000615,INC001404,CASH,Indian currency,17890662,INR,0,P000047
SZ000616,INC001409,CASH,Indian currency,3782677,INR,0,P000890
SZ000617,INC001420,CASH,Indian currency,890407,INR,0,P000921
SZ000618,INC001423,CONTRABAND,FICN Rs.2000 notes,2088837,INR face value,680000032,P000598
SZ000619,INC001427,CONTRABAND,Alprazolam tablets,9.915,kg,9128086,P000945
SZ000620,INC001429,WEAPON,Country-made pistol (katta),5,nos,61504,P000627
SZ000621,INC001430,CONTRABAND,Pangolin scales,537.92,kg,210122657,P000879
SZ000622,INC001431,WEAPON,Knife,4,nos,289995,P000788
SZ000623,INC001432,CONTRABAND,Betel nut (supari),32,nos,16694155,P000872
SZ000624,INC001439,CONTRABAND,Rifle barrels,60,nos,1804817,P000783
SZ000625,INC001439,WEAPON,SBBL gun,2,nos,270484,P000783
SZ000626,INC001440,WEAPON,.32 bore revolver,6,nos,175845,P000973
SZ000627,INC001456,CONTRABAND,Mobile phones,30,nos,42670787,P000346
SZ000628,INC001457,CONTRABAND,Semi-finished frames,28,nos,7889584,P000665
SZ000629,INC001457,WEAPON,Knife,3,nos,142605,P000665
SZ000630,INC001458,CASH,Indian currency,15022098,INR,0,P000126
SZ000631,INC001459,CONTRABAND,Heroin,225,grams,14665889,P000899
SZ000632,INC001463,WEAPON,Improvised explosive material,5,nos,204054,P000799
SZ000633,INC001464,CONTRABAND,Heroin,584,grams,162200913,P000946
SZ000634,INC001465,CONTRABAND,Chinese firecrackers,43,nos,25122647,P000878
SZ000635,INC001466,WEAPON,9mm pistol,3,nos,56370,P000392
SZ000636,INC001466,CASH,Indian currency,17100781,INR,0,P000392
SZ000637,INC001470,CASH,Indian currency,1624586,INR,0,P000142
SZ000638,INC001471,WEAPON,.32 bore revolver,2,nos,273893,P000822
SZ000639,INC001473,CASH,Indian currency,8041202,INR,0,P000490
SZ000640,INC001475,CONTRABAND,Alprazolam tablets,2.482,kg,18026877,P000159
SZ000641,INC001476,CASH,Indian currency,17115492,INR,0,P000798
SZ000642,INC001478,WEAPON,9mm pistol,2,nos,99117,P000395
SZ000643,INC001480,CONTRABAND,Semi-finished frames,37,nos,12719130,P000645
SZ000644,INC001480,WEAPON,Air weapon,2,nos,86622,P000645
SZ000645,INC001483,CASH,Indian currency,7690265,INR,0,P000969
SZ000646,INC001484,CASH,Indian currency,6343409,INR,0,P000739
SZ000647,INC001488,WEAPON,Improvised explosive material,4,nos,26753,P000795
SZ000648,INC001489,CONTRABAND,Ganja,10.721,kg,18012422,P000107
SZ000649,INC001490,CASH,Indian currency,7846418,INR,0,P000444
SZ000650,INC001492,CONTRABAND,Betel nut (supari),3,nos,1421364,P000868
SZ000651,INC001492,CASH,Indian currency,3079387,INR,0,P000868
SZ000652,INC001494,CONTRABAND,Elephant ivory,249.55,kg,259357576,P000867
SZ000653,INC001494,CASH,Indian currency,15762376,INR,0,P000867
SZ000654,INC001496,CONTRABAND,Betel nut (supari),4,nos,591430996,P000350
SZ000655,INC001499,CONTRABAND,Semi-finished frames,47,nos,13950143,P000518
SZ000656,INC001499,WEAPON,Knife,5,nos,288029,P000518
SZ000657,INC001500,CONTRABAND,Chinese firecrackers,45,nos,535897693,P000302
SZ000658,INC001500,CASH,Indian currency,19084373,INR,0,P000302
SZ000659,INC001504,CONTRABAND,Tramadol capsules,0.93,kg,266186723,P000099
SZ000660,INC001507,CONTRABAND,Foreign cigarettes,14,nos,828776476,P000346
SZ000661,INC001507,CASH,Indian currency,579467,INR,0,P000346
SZ000662,INC001509,CASH,Indian currency,18993934,INR,0,P000201
SZ000663,INC001510,WEAPON,SBBL gun,4,nos,252246,P000072
SZ000664,INC001510,CASH,Indian currency,4214267,INR,0,P000072
SZ000665,INC001516,WEAPON,.32 bore revolver,1,nos,43245,P000035
SZ000666,INC001520,CASH,Indian currency,19205078,INR,0,P000079
SZ000667,INC001524,CONTRABAND,Opium,11.169,kg,462430583,P000643
SZ000668,INC001526,WEAPON,Knife,4,nos,69169,P000796
SZ000669,INC001529,CONTRABAND,Country-made pistols,10,nos,7248634,P000109
SZ000670,INC001529,WEAPON,.32 bore revolver,1,nos,112086,P000109
SZ000671,INC001529,CASH,Indian currency,8362185,INR,0,P000109
SZ000672,INC001536,CASH,Indian currency,4520427,INR,0,P000954
SZ000673,INC001540,WEAPON,Improvised explosive material,2,nos,298316,P000122
SZ000674,INC001541,CONTRABAND,Gold biscuits,9,nos,401255941,P000871
SZ000675,INC001544,CASH,Indian currency,5175310,INR,0,P000330
SZ000676,INC001549,CONTRABAND,Live cartridges,57,nos,2198767,P000514
SZ000677,INC001549,WEAPON,Air weapon,6,nos,236551,P000514
SZ000678,INC001551,CASH,Indian currency,14218797,INR,0,P000467
SZ000679,INC001552,WEAPON,SBBL gun,4,nos,219602,P000416
SZ000680,INC001553,CONTRABAND,Betel nut (supari),37,nos,972439996,P000878
SZ000681,INC001554,CONTRABAND,Chinese firecrackers,31,nos,176073,P000334
SZ000682,INC001556,CASH,Indian currency,15596979,INR,0,P000498
SZ000683,INC001562,CONTRABAND,Heroin,11.372,kg,676061783,P000910
SZ000684,INC001563,CONTRABAND,Methamphetamine,4.21,kg,403432102,P000124
SZ000685,INC001569,CASH,Indian currency,2190761,INR,0,P000539
SZ000686,INC001570,CONTRABAND,Methamphetamine,9.568,kg,439649717,P000927
SZ000687,INC001572,CONTRABAND,Star tortoises,302.92,kg,125497343,P000875
SZ000688,INC001575,CONTRABAND,Mobile phones,2,nos,39487982,P000862
SZ000689,INC001579,CASH,Indian currency,19591514,INR,0,P000135
SZ000690,INC001585,WEAPON,SBBL gun,1,nos,125458,P000828
SZ000691,INC001593,CONTRABAND,Pseudoephedrine,865,grams,668436423,P000650
SZ000692,INC001595,CONTRABAND,Country-made pistols,14,nos,2865924,P000136
SZ000693,INC001595,WEAPON,AK-series rifle,5,nos,59051,P000136
SZ000694,INC001596,CASH,Indian currency,6986145,INR,0,P000723
SZ000695,INC001597,CONTRABAND,Alprazolam tablets,686,grams,6110787,P000908
SZ000696,INC001600,CONTRABAND,Alprazolam tablets,11.707,kg,10193536,P000661
SZ000697,INC001604,CASH,Indian currency,8617746,INR,0,P000729
SZ000698,INC001606,WEAPON,Machete (chopper),5,nos,14554,P000799
SZ000699,INC001607,CASH,Indian currency,19697063,INR,0,P000957
SZ000700,INC001615,CASH,Indian currency,8013594,INR,0,P000694
SZ000701,INC001619,CONTRABAND,Semi-finished frames,21,nos,6835573,P000491
SZ000702,INC001619,CASH,Indian currency,1381719,INR,0,P000491
SZ000703,INC001620,CONTRABAND,Ganja,733,grams,701714319,P000995
SZ000704,INC001621,WEAPON,Air weapon,2,nos,84902,P000377
SZ000705,INC001621,CASH,Indian currency,17936728,INR,0,P000377
SZ000706,INC001623,CONTRABAND,Country-made pistols,28,nos,6697350,P000161
SZ000707,INC001623,WEAPON,Knife,4,nos,52967,P000161
SZ000708,INC001625,CONTRABAND,Ganja,10.761,kg,9197813,P000646
SZ000709,INC001626,CASH,Indian currency,8020442,INR,0,P000390
SZ000710,INC001628,CASH,Indian currency,14209077,INR,0,P000929
SZ000711,INC001629,CASH,Indian currency,16570200,INR,0,P000318
SZ000712,INC001630,CONTRABAND,Tramadol capsules,6.917,kg,616039291,P000988
SZ000713,INC001631,CASH,Indian currency,12272012,INR,0,P000671
SZ000714,INC001637,CASH,Indian currency,8832775,INR,0,P000049
SZ000715,INC001638,CASH,Indian currency,15169477,INR,0,P000902
SZ000716,INC001640,WEAPON,9mm pistol,2,nos,132545,P000783
SZ000717,INC001641,CASH,Indian currency,2492026,INR,0,P000461
SZ000718,INC001644,CASH,Indian currency,3283640,INR,0,P000488
SZ000719,INC001646,CASH,Indian currency,4508578,INR,0,P000355
SZ000720,INC001647,CONTRABAND,Charas,61,grams,12619857,P000163
SZ000721,INC001652,CONTRABAND,Opium,0.72,kg,4713157,P000644
SZ000722,INC001653,WEAPON,Sword,2,nos,106687,P000973
SZ000723,INC001673,CASH,Indian currency,10304042,INR,0,P000698
SZ000724,INC001676,CONTRABAND,Red sanders logs,244.38,kg,28546784,P000851
SZ000725,INC001683,WEAPON,Knife,2,nos,151378,P000382
SZ000726,INC001684,WEAPON,SBBL gun,4,nos,40122,P000843
SZ000727,INC001687,WEAPON,AK-series rifle,3,nos,22770,P000912
SZ000728,INC001689,CONTRABAND,Charas,86,grams,18304517,P000169
SZ000729,INC001689,CASH,Indian currency,15476505,INR,0,P000169
SZ000730,INC001690,CONTRABAND,Intaglio plates,3439623,INR face value,461112038,P000580
SZ000731,INC001691,CONTRABAND,Tiger nails,195.27,kg,249469177,P000946
SZ000732,INC001692,CONTRABAND,Opium,244,grams,77998043,P000118
SZ000733,INC001693,WEAPON,Knife,3,nos,28104,P000041
SZ000734,INC001694,CONTRABAND,Semi-finished frames,10,nos,8591833,P000616
SZ000735,INC001694,WEAPON,.32 bore revolver,5,nos,281900,P000616
SZ000736,INC001695,CASH,Indian currency,2246374,INR,0,P000158
SZ000737,INC001698,WEAPON,Improvised explosive material,3,nos,170038,P000479
SZ000738,INC001699,CASH,Indian currency,19915829,INR,0,P000715
SZ000739,INC001702,WEAPON,Improvised explosive material,6,nos,225559,P000889
SZ000740,INC001703,CONTRABAND,Pangolin scales,444.33,kg,659256831,P000859
SZ000741,INC001705,CASH,Indian currency,13633020,INR,0,P000464
SZ000742,INC001711,CASH,Indian currency,12904051,INR,0,P000345
SZ000743,INC001712,CASH,Indian currency,6535545,INR,0,P000712
SZ000744,INC001714,CONTRABAND,Mobile phones,47,nos,987437,P000580
SZ000745,INC001716,CONTRABAND,Chinese firecrackers,47,nos,1181237,P000350
SZ000746,INC001718,WEAPON,.32 bore revolver,1,nos,71030,P000766
SZ000747,INC001720,CASH,Indian currency,16796865,INR,0,P000720
SZ000748,INC001725,CONTRABAND,Live cartridges,38,nos,16969893,P000506
SZ000749,INC001725,WEAPON,Sword,2,nos,262945,P000506
SZ000750,INC001728,CASH,Indian currency,3004977,INR,0,P000741
SZ000751,INC001730,WEAPON,9mm pistol,3,nos,69104,P000992
SZ000752,INC001732,CASH,Indian currency,9861910,INR,0,P000715
SZ000753,INC001738,CASH,Indian currency,9121244,INR,0,P000158
SZ000754,INC001740,CONTRABAND,Rifle barrels,8,nos,14116265,P000785
SZ000755,INC001740,WEAPON,.32 bore revolver,6,nos,132960,P000785
SZ000756,INC001742,CONTRABAND,Methamphetamine,122,grams,286468279,P000114
SZ000757,INC001747,CONTRABAND,Heroin,881,grams,213602049,P000626
SZ000758,INC001748,CASH,Indian currency,17404873,INR,0,P000904
SZ000759,INC001750,CASH,Indian currency,3667996,INR,0,P000523
SZ000760,INC001752,CASH,Indian currency,10993325,INR,0,P000763
SZ000761,INC001760,WEAPON,Sword,3,nos,91403,P000787
SZ000762,INC001760,CASH,Indian currency,19071488,INR,0,P000787
SZ000763,INC001762,CONTRABAND,Betel nut (supari),7,nos,11872042,P000847
SZ000764,INC001765,CASH,Indian currency,14138393,INR,0,P000964
SZ000765,INC001769,CASH,Indian currency,7294983,INR,0,P000766
SZ000766,INC001770,CONTRABAND,Pangolin scales,793.2,kg,681083676,P000877
SZ000767,INC001770,CASH,Indian currency,16600212,INR,0,P000877
SZ000768,INC001773,CASH,Indian currency,4992223,INR,0,P000160
SZ000769,INC001774,WEAPON,9mm pistol,1,nos,230864,P000889
SZ000770,INC001775,CASH,Indian currency,19585242,INR,0,P000462
SZ000771,INC001777,CONTRABAND,Pseudoephedrine,775,grams,170261747,P000141
SZ000772,INC001777,CASH,Indian currency,14840095,INR,0,P000141
SZ000773,INC001781,CONTRABAND,Live cartridges,6,nos,4587220,P000500
SZ000774,INC001781,WEAPON,Country-made pistol (katta),5,nos,232827,P000500
SZ000775,INC001781,CASH,Indian currency,16101234,INR,0,P000500
SZ000776,INC001784,CONTRABAND,Red sanders logs,830.39,kg,510076529,P000861
SZ000777,INC001792,CASH,Indian currency,18154156,INR,0,P000472
SZ000778,INC001794,WEAPON,9mm pistol,4,nos,15479,P000386
SZ000779,INC001795,CASH,Indian currency,4531676,INR,0,P000417
SZ000780,INC001797,CASH,Indian currency,5163436,INR,0,P000342
SZ000781,INC001801,WEAPON,Knife,1,nos,277117,P000375
SZ000782,INC001805,CASH,Indian currency,19779464,INR,0,P000958
SZ000783,INC001811,CASH,Indian currency,6017010,INR,0,P000540
SZ000784,INC001813,WEAPON,Knife,4,nos,72072,P000967
SZ000785,INC001813,CASH,Indian currency,11230163,INR,0,P000967
SZ000786,INC001815,WEAPON,DBBL gun,1,nos,81971,P000491
SZ000787,INC001817,CASH,Indian currency,8269412,INR,0,P000875
SZ000788,INC001819,CASH,Indian currency,6472981,INR,0,P000761
SZ000789,INC001820,CONTRABAND,Country-made pistols,6,nos,8299272,P000770
SZ000790,INC001823,WEAPON,.32 bore revolver,1,nos,97939,P000903
SZ000791,INC001823,CASH,Indian currency,14712103,INR,0,P000903
SZ000792,INC001826,CONTRABAND,Chinese firecrackers,12,nos,1746258142,P000296
SZ000793,INC001827,CASH,Indian currency,13194640,INR,0,P000729
SZ000794,INC001830,CASH,Indian currency,4283661,INR,0,P000753
SZ000795,INC001832,CONTRABAND,Pangolin scales,300.83,kg,165119336,P000848
SZ000796,INC001832,CASH,Indian currency,11430552,INR,0,P000848
SZ000797,INC001833,WEAPON,SBBL gun,5,nos,242390,P000495
SZ000798,INC001842,CONTRABAND,Country-made pistols,5,nos,13975807,P000766
SZ000799,INC001844,CONTRABAND,Red sanders logs,628.92,kg,217129626,P000867
SZ000800,INC001845,CASH,Indian currency,2392737,INR,0,P000105
SZ000801,INC001847,WEAPON,Machete (chopper),1,nos,226150,P000964
SZ000802,INC001847,CASH,Indian currency,10382963,INR,0,P000964
SZ000803,INC001849,CASH,Indian currency,6701479,INR,0,P000468
SZ000804,INC001853,CONTRABAND,Betel nut (supari),6,nos,28713476,P000871
SZ000805,INC001854,CASH,Indian currency,2021610,INR,0,P000353
SZ000806,INC001855,CASH,Indian currency,1768347,INR,0,P000315
SZ000807,INC001856,CONTRABAND,Rifle barrels,33,nos,19036915,P000816
SZ000808,INC001856,WEAPON,.32 bore revolver,1,nos,172064,P000816
SZ000809,INC001857,CASH,Indian currency,10315337,INR,0,P000951
SZ000810,INC001860,CONTRABAND,Semi-finished frames,5,nos,6491274,P000794
SZ000811,INC001860,WEAPON,DBBL gun,6,nos,232502,P000794
SZ000812,INC001861,CONTRABAND,Rifle barrels,38,nos,1847980,P000483
SZ000813,INC001863,CONTRABAND,Country-made pistols,13,nos,223975,P000503
SZ000814,INC001863,WEAPON,Sword,1,nos,78926,P000503
SZ000815,INC001863,CASH,Indian currency,5359482,INR,0,P000503
SZ000816,INC001869,CONTRABAND,Ganja,516,grams,759231727,P000152
SZ000817,INC001869,CASH,Indian currency,4134722,INR,0,P000152
SZ000818,INC001871,CASH,Indian currency,19354243,INR,0,P000874
SZ000819,INC001875,CONTRABAND,Live cartridges,23,nos,6096219,P000162
SZ000820,INC001875,CASH,Indian currency,8843356,INR,0,P000162
SZ000821,INC001884,CASH,Indian currency,16112998,INR,0,P000686
SZ000822,INC001885,CONTRABAND,Cocaine,6.959,kg,593505068,P000127
SZ000823,INC001888,WEAPON,.32 bore revolver,3,nos,298885,P000972
SZ000824,INC001888,CASH,Indian currency,851681,INR,0,P000972
SZ000825,INC001898,CASH,Indian currency,17839997,INR,0,P000047
SZ000826,INC001899,CONTRABAND,Alprazolam tablets,3.141,kg,221472014,P000652
SZ000827,INC001905,CASH,Indian currency,17977378,INR,0,P000680
SZ000828,INC001906,CONTRABAND,Gold biscuits,50,nos,243769,P000594
SZ000829,INC001908,WEAPON,Machete (chopper),5,nos,272943,P000414
SZ000830,INC001912,WEAPON,DBBL gun,4,nos,155212,P000483
SZ000831,INC001914,CONTRABAND,Betel nut (supari),37,nos,7228316,P000878
SZ000832,INC001919,CONTRABAND,Elephant ivory,333.46,kg,135913587,P000870
SZ000833,INC001921,CONTRABAND,Semi-finished frames,50,nos,13176322,P000166
SZ000834,INC001921,WEAPON,Machete (chopper),4,nos,95774,P000166
SZ000835,INC001921,CASH,Indian currency,1047326,INR,0,P000166
SZ000836,INC001927,CONTRABAND,Heroin,273,grams,433754612,P000102
SZ000837,INC001931,CONTRABAND,Live cartridges,33,nos,15993307,P000093
SZ000838,INC001931,WEAPON,Air weapon,3,nos,89358,P000093
SZ000839,INC001936,CASH,Indian currency,12947158,INR,0,P000085
SZ000840,INC001938,CASH,Indian currency,783985,INR,0,P000265
SZ000841,INC001942,CONTRABAND,Chinese firecrackers,41,nos,774076607,P000332
SZ000842,INC001954,CONTRABAND,Heroin,3.197,kg,221778643,P000945
SZ000843,INC001955,CASH,Indian currency,17385427,INR,0,P000265
SZ000844,INC001964,CASH,Indian currency,19206001,INR,0,P000507
SZ000845,INC001965,CONTRABAND,Heroin,128,grams,18284616,P000165
SZ000846,INC001967,CASH,Indian currency,12878911,INR,0,P000714
SZ000847,INC001971,CONTRABAND,Charas,8.256,kg,1245166,P000157
SZ000848,INC001973,CONTRABAND,Gold biscuits,33,nos,2169509302,P000849
SZ000849,INC001974,CASH,Indian currency,7115396,INR,0,P000023
SZ000850,INC001975,CONTRABAND,Methamphetamine,9.142,kg,535416421,P000129
SZ000851,INC001982,WEAPON,.32 bore revolver,3,nos,221154,P000959
SZ000852,INC001983,CONTRABAND,Charas,4.628,kg,15914461,P000169
SZ000853,INC001993,WEAPON,Knife,6,nos,47328,P000479
SZ000854,INC001994,CASH,Indian currency,5788765,INR,0,P000991
SZ000855,INC001999,CONTRABAND,Alprazolam tablets,269,grams,3207215,P000883
SZ000856,INC001999,CASH,Indian currency,939147,INR,0,P000883
SZ000857,INC002000,CONTRABAND,Ganja,0.725,kg,8550679,P000123
SZ000858,INC002002,CASH,Indian currency,8332198,INR,0,P000554
SZ000859,INC002003,CASH,Indian currency,7916268,INR,0,P000724
SZ000860,INC002006,CONTRABAND,Opium,279,grams,173010343,P000120
SZ000861,INC002006,CASH,Indian currency,9183477,INR,0,P000120
SZ000862,INC002010,CONTRABAND,Intaglio plates,812633,INR face value,240232642,P000586
SZ000863,INC002013,CASH,Indian currency,16494559,INR,0,P000924
SZ000864,INC002016,CASH,Indian currency,14557627,INR,0,P000924
SZ000865,INC002020,WEAPON,DBBL gun,6,nos,284538,P000785
SZ000866,INC002021,CASH,Indian currency,4835098,INR,0,P000350
SZ000867,INC002023,CONTRABAND,Live cartridges,9,nos,8138128,P000500
SZ000868,INC002030,CASH,Indian currency,4712537,INR,0,P000394
SZ000869,INC002031,CASH,Indian currency,12227204,INR,0,P000961
SZ000870,INC002036,CASH,Indian currency,540099,INR,0,P000899
SZ000871,INC002041,CASH,Indian currency,7745111,INR,0,P000964
SZ000872,INC002043,CONTRABAND,Opium,347,grams,200051286,P000969
SZ000873,INC002048,CONTRABAND,Live cartridges,52,nos,12702089,P000626
SZ000874,INC002048,WEAPON,.32 bore revolver,6,nos,160098,P000626
SZ000875,INC002049,WEAPON,DBBL gun,2,nos,201014,P000003
SZ000876,INC002054,CASH,Indian currency,11465776,INR,0,P000106
SZ000877,INC002057,CASH,Indian currency,4200584,INR,0,P000585
SZ000878,INC002058,CASH,Indian currency,14741837,INR,0,P000792
SZ000879,INC002060,CONTRABAND,Rifle barrels,26,nos,8771466,P000161
SZ000880,INC002062,WEAPON,AK-series rifle,6,nos,133199,P000415
SZ000881,INC002064,CONTRABAND,Chinese firecrackers,1,nos,25996416,P000852
SZ000882,INC002065,CONTRABAND,Rifle barrels,50,nos,14519900,P000481
SZ000883,INC002066,CONTRABAND,Shahtoosh shawls,410.22,kg,452449517,P000875
SZ000884,INC002066,CASH,Indian currency,15095020,INR,0,P000875
SZ000885,INC002067,CASH,Indian currency,5849831,INR,0,P000550
SZ000886,INC002070,WEAPON,.32 bore revolver,1,nos,233467,P000777
SZ000887,INC002071,CASH,Indian currency,1247965,INR,0,P000676
SZ000888,INC002075,CASH,Indian currency,19663811,INR,0,P000670
SZ000889,INC002077,CONTRABAND,Live cartridges,12,nos,2856578,P000111
SZ000890,INC002077,WEAPON,Air weapon,3,nos,278593,P000111
SZ000891,INC002077,CASH,Indian currency,13240777,INR,0,P000111
SZ000892,INC002079,CASH,Indian currency,17955208,INR,0,P000463
SZ000893,INC002080,CONTRABAND,Heroin,436,grams,11013731,P000653
SZ000894,INC002082,CASH,Indian currency,11198642,INR,0,P000165
SZ000895,INC002087,CONTRABAND,Chinese firecrackers,38,nos,1314703696,P000968
SZ000896,INC002091,CONTRABAND,Country-made pistols,52,nos,11881096,P000785
SZ000897,INC002091,WEAPON,AK-series rifle,2,nos,223238,P000785
SZ000898,INC002093,CONTRABAND,Country-made pistols,12,nos,3413209,P000164
SZ000899,INC002093,WEAPON,Machete (chopper),2,nos,161583,P000164
SZ000900,INC002094,CONTRABAND,Semi-finished frames,15,nos,4934066,P000841
SZ000901,INC002095,CASH,Indian currency,402203,INR,0,P000881
SZ000902,INC002096,WEAPON,Air weapon,5,nos,83186,P000936
SZ000903,INC002098,WEAPON,DBBL gun,1,nos,236333,P000893
SZ000904,INC002102,WEAPON,Knife,4,nos,181107,P000014
SZ000905,INC002104,CONTRABAND,Red sanders logs,545.96,kg,405085246,P000869
SZ000906,INC002106,CONTRABAND,Betel nut (supari),40,nos,4304508,P000311
SZ000907,INC002106,CASH,Indian currency,8064371,INR,0,P000311
SZ000908,INC002107,CASH,Indian currency,16360772,INR,0,P000558
SZ000909,INC002113,CONTRABAND,Elephant ivory,689.99,kg,164278495,P000877
SZ000910,INC002122,CASH,Indian currency,16750797,INR,0,P000211
SZ000911,INC002124,CASH,Indian currency,9407578,INR,0,P000845
SZ000912,INC002126,WEAPON,Machete (chopper),3,nos,123565,P000776
SZ000913,INC002126,CASH,Indian currency,3803750,INR,0,P000776
SZ000914,INC002128,CONTRABAND,Tiger nails,785.6,kg,132951266,P000861
SZ000915,INC002129,CASH,Indian currency,19152590,INR,0,P000667
SZ000916,INC002132,WEAPON,Knife,3,nos,283663,P000837
SZ000917,INC002136,CONTRABAND,Heroin,705,grams,649783665,P000644
SZ000918,INC002139,CONTRABAND,Mobile phones,33,nos,2360114640,P000307
SZ000919,INC002140,CASH,Indian currency,6012443,INR,0,P000782
SZ000920,INC002142,WEAPON,Air weapon,3,nos,131109,P000072
SZ000921,INC002142,CASH,Indian currency,18247046,INR,0,P000072
SZ000922,INC002143,CONTRABAND,Live cartridges,14,nos,4772845,P000823
SZ000923,INC002143,WEAPON,SBBL gun,2,nos,298133,P000823
SZ000924,INC002145,CASH,Indian currency,9552082,INR,0,P000528
SZ000925,INC002146,CONTRABAND,Chinese firecrackers,16,nos,701372,P000958
SZ000926,INC002149,CASH,Indian currency,13634381,INR,0,P000989
SZ000927,INC002152,WEAPON,Sword,4,nos,185586,P000516
SZ000928,INC002153,CONTRABAND,Mephedrone (MD),8.873,kg,400737138,P000917
SZ000929,INC002155,WEAPON,Sword,2,nos,85209,P000056
SZ000930,INC002155,CASH,Indian currency,5840244,INR,0,P000056
SZ000931,INC002158,WEAPON,SBBL gun,3,nos,177834,P000499
SZ000932,INC002159,CONTRABAND,Pangolin scales,650.6,kg,404660065,P000865
SZ000933,INC002161,CASH,Indian currency,9141500,INR,0,P000531
SZ000934,INC002165,CONTRABAND,Gold biscuits,18,nos,35597701,P000328
SZ000935,INC002169,CASH,Indian currency,17975376,INR,0,P000798
SZ000936,INC002170,CONTRABAND,Live cartridges,12,nos,13202838,P000769
SZ000937,INC002170,WEAPON,Improvised explosive material,1,nos,33529,P000769
SZ000938,INC002170,CASH,Indian currency,6876148,INR,0,P000769
SZ000939,INC002172,CASH,Indian currency,5546110,INR,0,P000762
SZ000940,INC002180,CONTRABAND,Opium,9.321,kg,229022059,P000167
SZ000941,INC002181,CONTRABAND,Elephant ivory,709.82,kg,41107558,P000873
SZ000942,INC002181,CASH,Indian currency,17241410,INR,0,P000873
SZ000943,INC002182,CONTRABAND,Opium,8.759,kg,386597818,P000924
SZ000944,INC002184,WEAPON,Knife,1,nos,6578,P000948
SZ000945,INC002185,CASH,Indian currency,1365079,INR,0,P000431
SZ000946,INC002186,CONTRABAND,Chinese firecrackers,6,nos,15877004,P000857
SZ000947,INC002188,WEAPON,.32 bore revolver,6,nos,194988,P000914
SZ000948,INC002190,CONTRABAND,Brown sugar,780,grams,670617833,P000967
SZ000949,INC002194,WEAPON,Country-made pistol (katta),5,nos,138877,P000776
SZ000950,INC002198,CONTRABAND,Betel nut (supari),4,nos,1670995406,P000847
SZ000951,INC002200,CASH,Indian currency,8199747,INR,0,P000748
