vehicle_id,registration_no,make,model,colour,vehicle_class,registered_state,owner_person_id,owner_name_on_record,registration_date,is_fake_plate,chassis_tampered
VEH000001,DL07 YO 0810,Eicher,Pro 2049,Black,COMMERCIAL,Delhi,P000001,Anwar Ahmed,2014-12-13,0,1
VEH000002,DL08 NV 5716,Royal Enfield,Bullet 350,Black,TWO_WHEELER,Delhi,P000002,Shabana Baig,2024-01-06,0,0
VEH000003,KA19 IX 6126,Bajaj,Pulsar 150,Black,TWO_WHEELER,Karnataka,P000005,Aslam Ahmed,2026-02-24,0,0
VEH000004,MH47 PK 9809,Honda,Amaze,Maroon,LMV,Maharashtra,P000008,Tanveer Idrisi,2016-09-10,0,0
VEH000005,GJ01 FJ 9235,Royal Enfield,Bullet 350,Grey,TWO_WHEELER,Gujarat,P000013,Mushtaq Baig,2014-05-06,0,0
VEH000006,KA05 CW 0719,Maruti Suzuki,Swift,Silver,LMV,Karnataka,P000021,Kishor Makwana,2018-10-20,0,0
VEH000007,GJ05 FD 6656,Bajaj,Platina,White,TWO_WHEELER,Gujarat,P000027,Vishal Gaikwad,2022-07-24,0,0
VEH000008,GJ27 UV 7796,Eicher,Pro 2049,White,COMMERCIAL,Gujarat,P000029,Ashwin Zala,2018-12-02,1,0
VEH000009,DL01 HB 3151,Maruti Suzuki,Eeco,Maroon,LMV,Delhi,P000030,Rahul Jadhav,2021-10-20,0,0
VEH000010,KA05 YD 4775,Tata,407,Maroon,LMV,Karnataka,P000031,Vipul Desai,2023-12-13,0,0
VEH000011,MH01 BE 9069,Hero,HF Deluxe,Black,TWO_WHEELER,Maharashtra,P000034,Mohammed Idrisi,2019-08-05,0,0
VEH000012,DL08 YS 7372,Ashok Leyland,Ecomet,Silver,COMMERCIAL,Delhi,P000042,THIRD PARTY,2017-09-23,0,0
VEH000013,MH01 OJ 3906,Ashok Leyland,Ecomet,Red,COMMERCIAL,Maharashtra,P000043,Bharat Dave,2023-08-17,0,0
VEH000014,GJ01 SR 0518,Tata,Harrier,Black,LMV,Gujarat,P000045,THIRD PARTY,2018-09-03,0,0
VEH000015,GJ01 VO 4479,Ashok Leyland,Ecomet,White,COMMERCIAL,Gujarat,P000046,THIRD PARTY,2012-07-27,1,0
VEH000016,MH03 AB 8057,Bajaj,Pulsar 150,White,TWO_WHEELER,Maharashtra,P000047,Swapnil Pawar,2023-09-09,0,0
VEH000017,KA41 CS 1069,Tata,407,Maroon,LMV,Karnataka,P000050,THIRD PARTY,2018-01-18,0,0
VEH000018,DL10 FK 5310,Toyota,Fortuner,Silver,LMV,Delhi,P000052,Vishal Jadhav,2014-03-12,1,0
VEH000019,KA01 HL 3321,Honda,City,White,LMV,Karnataka,P000057,Sagar Bhoir,2019-04-02,0,0
VEH000020,KA41 KP 8398,Hero,Splendor Plus,Silver,TWO_WHEELER,Karnataka,P000059,Bharat Bhatt,2017-05-01,0,0
VEH000021,GJ01 PG 2842,Mahindra,XUV700,Maroon,LMV,Gujarat,P000061,Amol Tandel,2016-05-16,1,0
VEH000022,KA05 LD 1651,Bajaj,Pulsar 220,White,TWO_WHEELER,Karnataka,P000066,Ashfaq Mansuri,2016-06-01,0,0
VEH000023,GJ18 EM 7545,Ashok Leyland,Ecomet,Grey,COMMERCIAL,Gujarat,P000068,THIRD PARTY,2013-10-24,1,0
VEH000024,MH20 QT 9238,Royal Enfield,Bullet 350,Red,TWO_WHEELER,Maharashtra,P000071,Chirag Desai,2019-12-15,1,1
VEH000025,MH14 HU 3584,Hero,Passion Pro,Red,TWO_WHEELER,Maharashtra,P000073,Iqbal Mansuri,2026-01-18,0,1
VEH000026,KA01 FR 4836,Honda,Amaze,Maroon,LMV,Karnataka,P000074,THIRD PARTY,2025-09-17,0,0
VEH000027,KA41 ZV 7244,Hero,HF Deluxe,Red,TWO_WHEELER,Karnataka,P000077,Dharmesh Thakor,2025-05-16,0,0
VEH000028,KA41 BL 9642,Mahindra,XUV700,Black,LMV,Karnataka,P000078,Prashant Deshmukh,2024-06-19,0,0
VEH000029,GJ01 UF 9649,Royal Enfield,Himalayan,White,TWO_WHEELER,Gujarat,P000080,THIRD PARTY,2013-06-16,0,0
VEH000030,DL01 AD 4996,Hyundai,i20,White,LMV,Delhi,P000081,THIRD PARTY,2023-02-20,0,0
VEH000031,MH31 NP 6213,Ashok Leyland,Ecomet,Black,COMMERCIAL,Maharashtra,P000085,Ibrahim Ansari,2021-08-02,0,0
VEH000032,MH04 HU 8753,Hyundai,Verna,Silver,LMV,Maharashtra,P000092,Ibrahim Qureshi,2018-12-20,0,0
VEH000033,JK05 PA 8604,Bajaj,Platina,Silver,TWO_WHEELER,Jammu and Kashmir,P000095,Satnam Bains,2023-04-05,0,0
VEH000034,PB65 CF 6454,Mahindra,Bolero,Grey,LMV,Punjab,P000096,Navneet Bajwa,2023-12-16,0,0
VEH000035,HR55 JQ 2414,Hyundai,Creta,White,LMV,Haryana,P000098,Haroon Rahman,2019-02-26,0,0
VEH000036,HR38 NG 6209,Tata,Nexon,Grey,LMV,Haryana,P000099,Shakeel Pathan,2018-08-21,0,0
VEH000037,JK02 FT 6942,Bajaj,Platina,Grey,TWO_WHEELER,Jammu and Kashmir,P000100,Ranveer Choudhary,2020-07-17,0,0
VEH000038,DL10 FP 5622,Honda,City,Silver,LMV,Delhi,P000101,Ratan Saini,2019-09-08,0,0
VEH000039,RJ07 PA 0008,Hyundai,Creta,Silver,LMV,Rajasthan,P000105,Mohan Sisodia,2013-10-05,0,0
VEH000040,RJ27 DG 7437,Maruti Suzuki,Alto,Black,LMV,Rajasthan,P000106,Amarjit Sidhu,2014-09-18,0,0
VEH000041,PB46 EM 2775,Maruti Suzuki,Ertiga,Maroon,LMV,Punjab,P000107,THIRD PARTY,2025-12-07,0,1
VEH000042,RJ19 RF 2443,Royal Enfield,Classic 350,Grey,TWO_WHEELER,Rajasthan,P000113,Mushtaq Khan,2018-06-25,0,0
VEH000043,HR51 BI 6740,Eicher,Pro 3015,White,COMMERCIAL,Haryana,P000116,Kishan Godara,2020-11-15,0,1
VEH000044,DL03 HF 7234,Mahindra,XUV700,Silver,LMV,Delhi,P000122,Karni Bishnoi,2021-04-25,0,0
VEH000045,RJ27 SL 0488,Mahindra,Pick-Up,White,LMV,Rajasthan,P000124,THIRD PARTY,2024-08-29,0,0
VEH000046,PB10 UJ 5454,Bajaj,Pulsar 220,Grey,TWO_WHEELER,Punjab,P000125,THIRD PARTY,2022-06-23,0,0
VEH000047,HR20 KC 6380,Maruti Suzuki,Ertiga,Grey,LMV,Haryana,P000126,Haroon Baig,2023-05-10,0,0
VEH000048,DL03 PO 0156,Honda,City,Grey,LMV,Delhi,P000127,Nadeem Mirza,2025-03-09,0,0
VEH000049,DL09 UR 7296,Bajaj,Pulsar 150,Blue,TWO_WHEELER,Delhi,P000138,THIRD PARTY,2019-04-14,0,0
VEH000050,RJ02 HE 7402,Ashok Leyland,Ecomet,Black,COMMERCIAL,Rajasthan,P000141,Paramjit Grewal,2019-10-14,0,0
VEH000051,JK01 QS 7409,Maruti Suzuki,Dzire,Maroon,LMV,Jammu and Kashmir,P000142,THIRD PARTY,2025-08-25,0,0
VEH000052,JK01 UE 7863,Royal Enfield,Himalayan,Blue,TWO_WHEELER,Jammu and Kashmir,P000147,Devi Lal Sisodia,2022-06-02,0,0
VEH000053,PB65 CM 8107,Eicher,Pro 2049,Silver,COMMERCIAL,Punjab,P000148,THIRD PARTY,2023-05-24,0,0
VEH000054,JK05 BF 5621,Honda,Amaze,Black,LMV,Jammu and Kashmir,P000149,Satnam Sandhu,2013-08-04,0,0
VEH000055,JK01 WX 6615,Toyota,Etios,Blue,LMV,Jammu and Kashmir,P000154,Nadeem Farooqui,2015-05-25,0,0
VEH000056,HR20 CT 0581,Mahindra,XUV700,Grey,LMV,Haryana,P000157,THIRD PARTY,2025-06-02,1,0
VEH000057,RJ07 BU 4606,Ashok Leyland,Ecomet,Silver,COMMERCIAL,Rajasthan,P000160,THIRD PARTY,2025-07-11,0,0
VEH000058,RJ02 BV 4789,Ashok Leyland,Boss,White,COMMERCIAL,Rajasthan,P000162,Amarjit Dhillon,2023-04-16,1,0
VEH000059,DL09 NO 5716,Toyota,Etios,Black,LMV,Delhi,P000164,Gurmeet Aulakh,2015-09-05,0,0
VEH000060,HR20 BI 9672,Hyundai,Santro,Black,LMV,Haryana,P000165,Nadeem Chaudhary,2026-06-07,0,1
VEH000061,PB10 KS 5995,Hyundai,Santro,Maroon,LMV,Punjab,P000169,Rukhsana Ahmed,2018-07-15,0,0
VEH000062,HR38 VO 4477,Mahindra,Scorpio,Grey,LMV,Haryana,P000170,Gopal Poonia,2014-04-16,0,0
VEH000063,WB20 RI 5453,Tata,407,Grey,LMV,West Bengal,P000179,Nepal Mistry,2016-09-30,0,0
VEH000064,JH01 UA 9832,Eicher,Pro 3015,Silver,COMMERCIAL,Jharkhand,P000182,Iqbal Pathan,2020-10-12,0,0
VEH000065,DL07 MF 3116,Hero,HF Deluxe,Black,TWO_WHEELER,Delhi,P000184,THIRD PARTY,2020-10-18,0,0
VEH000066,DL02 NV 5498,Hero,Passion Pro,Blue,TWO_WHEELER,Delhi,P000185,Ashok Bhadauria,2021-05-02,0,0
VEH000067,DL03 HX 6160,Hero,Splendor Plus,White,TWO_WHEELER,Delhi,P000201,Balbir Singh,2026-06-19,0,0
VEH000068,BR11 UZ 1056,Maruti Suzuki,Baleno,White,LMV,Bihar,P000209,THIRD PARTY,2021-10-12,1,0
VEH000069,UP16 WD 2015,Hyundai,i20,Silver,LMV,Uttar Pradesh,P000210,THIRD PARTY,2014-07-17,0,0
VEH000070,KA32 NL 1482,Royal Enfield,Bullet 350,Maroon,TWO_WHEELER,Karnataka,P000211,THIRD PARTY,2016-06-25,0,0
VEH000071,BR11 QC 1868,Tata,Ace,Maroon,LMV,Bihar,P000219,Jagdish Tomar,2017-04-04,0,0
VEH000072,HR26 XY 8931,Hero,HF Deluxe,Red,TWO_WHEELER,Haryana,P000229,Abdul Sheikh,2016-12-30,0,0
VEH000073,BR11 QR 8816,Hyundai,Creta,Grey,LMV,Bihar,P000230,Tapan Sarkar,2021-07-21,0,0
VEH000074,WB57 FY 6310,Hero,Passion Pro,Red,TWO_WHEELER,West Bengal,P000231,Swapan Bose,2024-10-09,0,0
VEH000075,KA19 EP 3801,Honda,Amaze,Blue,LMV,Karnataka,P000232,Netrapal Singh,2019-05-28,0,0
VEH000076,DL07 XQ 9136,Mahindra,Scorpio,Black,LMV,Delhi,P000234,THIRD PARTY,2022-08-07,0,0
VEH000077,KA19 HA 0976,Bajaj,Pulsar 150,Maroon,TWO_WHEELER,Karnataka,P000237,Tapan Sardar,2019-10-27,0,0
VEH000078,KA01 HZ 8217,Ashok Leyland,Boss,Silver,COMMERCIAL,Karnataka,P000239,THIRD PARTY,2019-07-17,1,0
VEH000079,UP16 PU 0324,Ashok Leyland,Dost,Silver,COMMERCIAL,Uttar Pradesh,P000240,Javed Ansari,2014-01-31,0,0
VEH000080,UP62 VK 1744,Hero,HF Deluxe,Black,TWO_WHEELER,Uttar Pradesh,P000242,THIRD PARTY,2017-12-26,0,0
VEH000081,UP32 RL 5026,Royal Enfield,Classic 350,Maroon,TWO_WHEELER,Uttar Pradesh,P000244,THIRD PARTY,2025-09-08,0,0
VEH000082,WB06 YT 1420,Tata,Sumo,Maroon,LMV,West Bengal,P000246,Sunil Sharma,2025-09-20,0,0
VEH000083,JH10 DN 2958,Eicher,Pro 2049,White,COMMERCIAL,Jharkhand,P000248,THIRD PARTY,2022-08-26,0,0
VEH000084,HR55 IV 5963,Hero,Passion Pro,Silver,TWO_WHEELER,Haryana,P000249,THIRD PARTY,2024-02-06,1,0
VEH000085,KA41 FR 1595,Tata,Safari,Black,LMV,Karnataka,P000251,Javed Chaudhary,2013-12-21,0,0
VEH000086,JH01 XI 0397,Toyota,Etios,Grey,LMV,Jharkhand,P000252,Anil Yadav,2015-01-02,0,0
VEH000087,JH13 YQ 6737,Eicher,Pro 2049,Blue,COMMERCIAL,Jharkhand,P000258,Subhas Roy,2025-11-28,0,0
VEH000088,HR10 JW 0342,Hyundai,Santro,Maroon,LMV,Haryana,P000259,Rizwan Baig,2021-08-07,0,0
VEH000089,UP15 DW 8288,Hyundai,Creta,Red,LMV,Uttar Pradesh,P000260,Gautam Adhikari,2020-05-15,0,1
VEH000090,WB20 TH 4158,Mahindra,Bolero,Silver,LMV,West Bengal,P000261,Sunil Shukla,2016-04-07,0,1
VEH000091,WB02 CW 6909,Hero,HF Deluxe,Silver,TWO_WHEELER,West Bengal,P000263,THIRD PARTY,2017-12-22,0,0
VEH000092,KA05 JU 2288,Mahindra,Scorpio,Blue,LMV,Karnataka,P000268,Deepak Sengar,2015-12-17,0,0
VEH000093,HR20 SC 9571,Tata,407,Red,LMV,Haryana,P000271,THIRD PARTY,2017-03-07,0,1
VEH000094,UP32 CM 6515,Ashok Leyland,Dost,Grey,COMMERCIAL,Uttar Pradesh,P000272,Abdul Saifi,2022-06-01,0,0
VEH000095,BR28 FU 6219,Hyundai,Venue,Maroon,LMV,Bihar,P000276,Sunil Rajput,2018-01-17,0,0
VEH000096,UP65 VI 2360,Eicher,Pro 2049,Black,COMMERCIAL,Uttar Pradesh,P000277,Rupa Naskar,2017-10-20,0,0
VEH000097,JH01 TR 1660,Hero,Passion Pro,Maroon,TWO_WHEELER,Jharkhand,P000281,Subhas Adhikari,2024-11-15,0,0
VEH000098,KA05 VA 0230,Honda,Amaze,Silver,LMV,Karnataka,P000283,Shakeel Sheikh,2021-01-06,0,0
VEH000099,WB73 HB 3937,Eicher,Pro 3015,Maroon,COMMERCIAL,West Bengal,P000284,Deepak Baghel,2023-12-26,0,1
VEH000100,DL08 PY 7018,Honda,City,White,LMV,Delhi,P000285,THIRD PARTY,2023-02-12,0,1
VEH000101,JH13 JR 4000,Maruti Suzuki,Baleno,Black,LMV,Jharkhand,P000288,Gautam Ghosh,2019-01-02,0,0
VEH000102,WB02 KK 4402,Bajaj,Pulsar 220,Black,TWO_WHEELER,West Bengal,P000291,THIRD PARTY,2014-08-15,0,0
VEH000103,TS16 EY 6500,Bajaj,Platina,Silver,TWO_WHEELER,Telangana,P000292,Wasim Mansuri,2016-05-12,0,0
VEH000104,TS07 MP 3833,Hero,Passion Pro,Blue,TWO_WHEELER,Telangana,P000296,Salim Baig,2022-09-30,0,0
VEH000105,TS07 LD 6695,Hyundai,Verna,Silver,LMV,Telangana,P000299,Vinayakan Joseph,2014-06-14,0,0
VEH000106,WB20 AZ 0903,Toyota,Fortuner,Silver,LMV,West Bengal,P000308,THIRD PARTY,2019-04-30,0,0
VEH000107,TN37 IF 1963,Hyundai,Verna,Grey,LMV,Tamil Nadu,P000309,Jignesh Thakor,2014-04-18,0,0
VEH000108,MH12 ID 5136,Tata,Nexon,Maroon,LMV,Maharashtra,P000310,Anwar Alam,2019-06-03,0,0
VEH000109,MH20 DV 2927,Bajaj,Pulsar 150,Grey,TWO_WHEELER,Maharashtra,P000318,Sarfaraz Shaikh,2017-07-27,0,0
VEH000110,TS16 WV 2359,Eicher,Pro 3015,Black,COMMERCIAL,Telangana,P000321,Vipul Chauhan,2022-09-14,0,0
VEH000111,TS09 HK 6625,Bajaj,Pulsar 220,Red,TWO_WHEELER,Telangana,P000322,Mushtaq Idrisi,2014-01-18,0,0
VEH000112,MH14 JJ 3961,Eicher,Pro 2049,Grey,COMMERCIAL,Maharashtra,P000323,THIRD PARTY,2016-10-17,0,0
VEH000113,TS07 FD 0502,Hyundai,Verna,Silver,LMV,Telangana,P000325,Chirag Dave,2016-03-24,1,0
VEH000114,TS09 VE 0896,Ashok Leyland,Boss,Black,COMMERCIAL,Telangana,P000328,Prakash Awasthi,2016-02-26,1,0
VEH000115,KL11 EX 5756,Royal Enfield,Himalayan,White,TWO_WHEELER,Kerala,P000339,Nishad Jacob,2016-05-09,0,0
VEH000116,TS10 PT 9851,Tata,Ace,Maroon,LMV,Telangana,P000340,Girdhari Tiwari,2020-07-28,0,0
VEH000117,MH04 ZX 3185,Honda,Amaze,Silver,LMV,Maharashtra,P000341,THIRD PARTY,2024-07-18,0,0
VEH000118,MH04 YF 2081,Honda,City,Blue,LMV,Maharashtra,P000353,Ratheesh Menon,2019-07-10,0,1
VEH000119,WB24 HC 0110,Bajaj,Pulsar 220,White,TWO_WHEELER,West Bengal,P000356,Sudha Kushwaha,2012-08-29,0,0
VEH000120,MP09 YP 3617,Tata,Ace,Red,LMV,Madhya Pradesh,P000364,Jitendra Prajapati,2024-06-23,0,0
VEH000121,RJ27 MT 7428,Mahindra,Pick-Up,Maroon,LMV,Rajasthan,P000365,Velu Nadar,2021-06-08,0,0
VEH000122,BR11 FK 6857,Hyundai,Santro,Red,LMV,Bihar,P000367,Ilango Annadurai,2019-03-23,0,1
VEH000123,BR01 KU 3484,Maruti Suzuki,Dzire,Red,LMV,Bihar,P000370,THIRD PARTY,2025-01-18,0,0
VEH000124,BR01 DD 9235,Bajaj,Pulsar 220,Silver,TWO_WHEELER,Bihar,P000373,Saravanan Mudaliar,2017-04-02,0,0
VEH000125,KA03 EF 5560,Hyundai,i20,White,LMV,Karnataka,P000375,Satish Kushwaha,2019-01-31,0,0
VEH000126,MP13 JO 2390,Mahindra,Scorpio,Maroon,LMV,Madhya Pradesh,P000376,THIRD PARTY,2022-07-10,0,0
VEH000127,TN45 WY 9851,Hero,HF Deluxe,Black,TWO_WHEELER,Tamil Nadu,P000377,Veeresh Acharya,2025-09-13,0,0
VEH000128,RJ27 VO 8108,Mahindra,Bolero,White,LMV,Rajasthan,P000383,Balbir Yadav,2013-03-12,0,0
VEH000129,BR06 ZQ 5177,Toyota,Fortuner,Grey,LMV,Bihar,P000384,Deepak Gupta,2019-12-17,0,0
VEH000130,KA32 XF 6810,Ashok Leyland,Ecomet,Blue,COMMERCIAL,Karnataka,P000389,THIRD PARTY,2022-01-30,1,0
VEH000131,KA19 DF 0885,Hero,Passion Pro,Silver,TWO_WHEELER,Karnataka,P000391,Mallikarjun Desai,2019-11-29,0,0
VEH000132,TN01 XO 3656,Eicher,Pro 2049,White,COMMERCIAL,Tamil Nadu,P000395,Kannan Annadurai,2022-09-03,0,0
VEH000133,KA01 VZ 5105,Hero,Splendor Plus,Blue,TWO_WHEELER,Karnataka,P000396,THIRD PARTY,2014-04-26,0,0
VEH000134,BR11 GO 5347,Bajaj,Pulsar 220,Grey,TWO_WHEELER,Bihar,P000398,Girish Hiremath,2021-01-12,0,0
VEH000135,KA03 HS 0695,Toyota,Etios,Maroon,LMV,Karnataka,P000403,Saravanan Mudaliar,2016-01-28,1,0
VEH000136,TN67 PG 5290,Mahindra,Scorpio,Silver,LMV,Tamil Nadu,P000406,Triloki Dubey,2017-08-13,0,0
VEH000137,RJ05 VT 9140,Mahindra,XUV700,White,LMV,Rajasthan,P000407,THIRD PARTY,2021-10-23,1,0
VEH000138,BR11 PQ 8235,Bajaj,Pulsar 220,White,TWO_WHEELER,Bihar,P000414,Thangaraj Rajendran,2016-12-25,0,0
VEH000139,KA41 JA 8286,Hyundai,Venue,Silver,LMV,Karnataka,P000416,Manikandan Annadurai,2024-11-25,0,1
VEH000140,BR33 EP 4731,Mahindra,Pick-Up,Red,LMV,Bihar,P000418,Gopal Naskar,2013-01-19,1,0
VEH000141,KA03 RI 9738,Toyota,Fortuner,Grey,LMV,Karnataka,P000420,Shahnawaz Hussain,2021-10-29,0,0
VEH000142,AS15 RA 9085,Mahindra,Bolero,Black,LMV,Assam,P000427,THIRD PARTY,2025-03-11,0,0
VEH000143,HR55 IE 6363,Mahindra,Bolero,Grey,LMV,Haryana,P000433,Subhas Naskar,2024-02-05,0,0
VEH000144,HR55 VL 9462,Bajaj,Pulsar 220,White,TWO_WHEELER,Haryana,P000441,Tanveer Rahman,2015-11-09,0,0
VEH000145,HR38 RR 7142,Honda,City,Red,LMV,Haryana,P000443,Salim Zaidi,2022-01-31,0,1
VEH000146,DL08 ZY 6374,Mahindra,Thar,Grey,LMV,Delhi,P000446,THIRD PARTY,2022-03-29,0,0
VEH000147,DL02 NO 7208,Hero,Splendor Plus,Red,TWO_WHEELER,Delhi,P000448,Gautam Majumdar,2025-06-21,0,0
VEH000148,DL10 VT 1742,Hero,Splendor Plus,Grey,TWO_WHEELER,Delhi,P000454,Gautam Halder,2019-11-06,0,0
VEH000149,KA32 UY 4383,Eicher,Pro 2049,Blue,COMMERCIAL,Karnataka,P000455,Kartik Majumdar,2014-07-30,0,0
VEH000150,HR10 AG 6353,Toyota,Innova Crysta,Black,LMV,Haryana,P000461,Palash Sarkar,2018-05-22,0,0
VEH000151,AS01 ME 8053,Bajaj,Platina,Blue,TWO_WHEELER,Assam,P000462,THIRD PARTY,2015-09-17,0,1
VEH000152,DL01 WH 9311,Tata,Nexon,Silver,LMV,Delhi,P000467,Firoz Rahman,2018-03-05,0,0
VEH000153,AS15 TD 5143,Eicher,Pro 2049,Red,COMMERCIAL,Assam,P000469,THIRD PARTY,2023-09-02,0,0
VEH000154,DL01 BY 4098,Tata,Ace,Blue,LMV,Delhi,P000471,Swapan Dutta,2022-01-25,0,0
VEH000155,WB20 RO 9307,Hero,HF Deluxe,Maroon,TWO_WHEELER,West Bengal,P000472,Manoj Kashyap,2023-03-22,0,0
VEH000156,MH47 XD 1059,Hero,Splendor Plus,White,TWO_WHEELER,Maharashtra,P000474,THIRD PARTY,2023-01-28,0,1
VEH000157,JH10 ON 6397,Bajaj,Pulsar 220,Red,TWO_WHEELER,Jharkhand,P000475,Tanveer Pathan,2019-05-27,0,1
VEH000158,MP30 DH 4827,Eicher,Pro 3015,Maroon,COMMERCIAL,Madhya Pradesh,P000476,THIRD PARTY,2022-04-08,0,0
VEH000159,MP09 PB 3909,Tata,Sumo,White,LMV,Madhya Pradesh,P000481,THIRD PARTY,2024-08-24,0,0
VEH000160,WB02 MH 4155,Honda,Amaze,White,LMV,West Bengal,P000483,Ibrahim Pathan,2018-12-31,0,0
VEH000161,JH13 YC 6269,Maruti Suzuki,Dzire,Silver,LMV,Jharkhand,P000484,Tanveer Shaikh,2019-09-05,0,0
VEH000162,MH31 GB 6344,Mahindra,Bolero,Grey,LMV,Maharashtra,P000489,THIRD PARTY,2025-04-04,0,0
VEH000163,BR28 JR 7112,Royal Enfield,Bullet 350,Grey,TWO_WHEELER,Bihar,P000497,THIRD PARTY,2017-10-28,0,0
VEH000164,BR33 MU 5232,Maruti Suzuki,Swift,White,LMV,Bihar,P000500,Wasim Rahman,2018-01-24,0,0
VEH000165,UP80 NT 8826,Hero,HF Deluxe,Silver,TWO_WHEELER,Uttar Pradesh,P000503,THIRD PARTY,2013-08-14,0,0
VEH000166,MH02 TY 7560,Bajaj,Platina,Silver,TWO_WHEELER,Maharashtra,P000505,Nazia Khan,2022-07-29,0,0
VEH000167,WB20 HB 4457,Maruti Suzuki,Ertiga,Blue,LMV,West Bengal,P000511,THIRD PARTY,2015-07-19,0,0
VEH000168,MH12 JK 4220,Hyundai,Creta,Black,LMV,Maharashtra,P000512,THIRD PARTY,2019-05-08,1,0
VEH000169,MP30 JS 0878,Toyota,Innova Crysta,White,LMV,Madhya Pradesh,P000515,Mahesh Chauhan,2023-12-19,1,0
VEH000170,WB20 LQ 4153,Hyundai,i20,Blue,LMV,West Bengal,P000517,Hariom Sengar,2023-05-15,0,0
VEH000171,UP62 JM 4870,Hyundai,Venue,Blue,LMV,Uttar Pradesh,P000523,Triloki Shukla,2024-10-22,0,1
VEH000172,HR38 IX 6584,Royal Enfield,Classic 350,White,TWO_WHEELER,Haryana,P000525,Naseer Ahmed,2015-07-09,0,0
VEH000173,HR20 RG 2408,Ashok Leyland,Dost,White,COMMERCIAL,Haryana,P000527,Harbhajan Sarao,2016-11-10,1,0
VEH000174,RJ19 AT 5124,Maruti Suzuki,Ertiga,Maroon,LMV,Rajasthan,P000528,Satnam Sidhu,2016-08-25,0,0
VEH000175,UP80 DD 4516,Hero,HF Deluxe,Silver,TWO_WHEELER,Uttar Pradesh,P000532,THIRD PARTY,2015-08-09,0,0
VEH000176,PB11 WY 2737,Hero,HF Deluxe,Blue,TWO_WHEELER,Punjab,P000534,Pushpa Awasthi,2012-07-11,0,1
VEH000177,UP80 LI 3175,Ashok Leyland,Dost,Blue,COMMERCIAL,Uttar Pradesh,P000535,THIRD PARTY,2020-01-24,0,0
VEH000178,HR10 LO 1849,Bajaj,Pulsar 220,Silver,TWO_WHEELER,Haryana,P000537,Harbhajan Bhullar,2016-02-04,0,0
VEH000179,BR09 PB 5189,Tata,Nexon,Black,LMV,Bihar,P000543,THIRD PARTY,2025-05-06,0,0
VEH000180,RJ14 SG 8394,Maruti Suzuki,Eeco,Black,LMV,Rajasthan,P000548,Anil Prajapati,2017-01-09,0,0
VEH000181,BR06 HJ 2253,Hero,Splendor Plus,White,TWO_WHEELER,Bihar,P000549,THIRD PARTY,2018-07-07,0,0
VEH000182,HR38 MM 6443,Honda,City,Black,LMV,Haryana,P000550,Anwar Qureshi,2023-12-25,0,0
VEH000183,HR10 TF 7257,Tata,Safari,Blue,LMV,Haryana,P000553,Vijay Rajput,2014-11-10,0,0
VEH000184,BR28 RZ 6667,Honda,Amaze,Grey,LMV,Bihar,P000556,Zubair Saifi,2025-03-30,0,0
VEH000185,PB08 AW 0746,Mahindra,Bolero,Red,LMV,Punjab,P000557,Haroon Pathan,2018-05-29,0,0
VEH000186,UP32 VU 5483,Maruti Suzuki,Eeco,White,LMV,Uttar Pradesh,P000564,THIRD PARTY,2013-09-06,0,0
VEH000187,DL07 XR 6297,Tata,407,Silver,LMV,Delhi,P000567,THIRD PARTY,2018-09-29,0,0
VEH000188,WB24 OO 9185,Maruti Suzuki,Baleno,Silver,LMV,West Bengal,P000570,Dinesh Dubey,2014-08-09,0,0
VEH000189,WB02 QO 2739,Honda,Amaze,White,LMV,West Bengal,P000578,Nepal Gayen,2023-11-27,0,1
VEH000190,BR06 VE 0608,Ashok Leyland,Ecomet,Maroon,COMMERCIAL,Bihar,P000580,Nepal Mondal,2016-06-06,0,0
VEH000191,UP14 IG 7040,Tata,Harrier,Maroon,LMV,Uttar Pradesh,P000586,Nirmal Mistry,2013-12-22,0,0
VEH000192,AS01 QD 8059,Maruti Suzuki,Swift,White,LMV,Assam,P000590,THIRD PARTY,2023-06-05,0,0
VEH000193,AS01 XC 4518,Eicher,Pro 3015,Black,COMMERCIAL,Assam,P000591,Anup Roy,2017-04-17,0,1
VEH000194,AS01 QP 9999,Royal Enfield,Bullet 350,Maroon,TWO_WHEELER,Assam,P000596,Afsana Ahmed,2017-06-27,0,0
VEH000195,UP16 PP 3955,Bajaj,Pulsar 150,Grey,TWO_WHEELER,Uttar Pradesh,P000597,Anup Roy,2018-01-11,0,0
VEH000196,BR01 EC 3153,Hero,Passion Pro,Grey,TWO_WHEELER,Bihar,P000602,Kuldeep Sengar,2024-11-04,0,0
VEH000197,UP14 ID 7357,Hero,Passion Pro,Silver,TWO_WHEELER,Uttar Pradesh,P000603,Firoz Rahman,2015-12-23,0,0
VEH000198,DL10 GZ 2469,Honda,Amaze,Maroon,LMV,Delhi,P000604,Faizan Malik,2023-07-06,0,1
VEH000199,DL03 FC 8203,Eicher,Pro 2049,Silver,COMMERCIAL,Delhi,P000606,THIRD PARTY,2023-07-15,0,0
VEH000200,AS15 DK 6739,Tata,407,Red,LMV,Assam,P000609,Pradeep Shukla,2025-01-09,1,0
VEH000201,DL13 PH 0138,Hyundai,Venue,White,LMV,Delhi,P000610,Nirmal Bose,2026-02-27,0,0
VEH000202,AP07 CG 7544,Maruti Suzuki,Eeco,Silver,LMV,Andhra Pradesh,P000612,THIRD PARTY,2016-09-17,0,0
VEH000203,TN37 BC 8276,Maruti Suzuki,Swift,Maroon,LMV,Tamil Nadu,P000613,THIRD PARTY,2020-06-05,1,0
VEH000204,OD07 IK 1304,Maruti Suzuki,Ertiga,Blue,LMV,Odisha,P000614,THIRD PARTY,2023-05-16,0,0
VEH000205,MH02 EX 2326,Royal Enfield,Himalayan,Blue,TWO_WHEELER,Maharashtra,P000618,THIRD PARTY,2024-12-27,0,0
VEH000206,OD07 KI 0860,Mahindra,Pick-Up,Black,LMV,Odisha,P000620,Saravanan Rajendran,2020-02-28,0,0
VEH000207,TN37 HV 4580,Maruti Suzuki,Baleno,Maroon,LMV,Tamil Nadu,P000627,THIRD PARTY,2016-04-28,0,0
VEH000208,CG07 VI 7965,Hyundai,Creta,Silver,LMV,Chhattisgarh,P000631,Narsimha Prasad,2025-02-18,0,0
VEH000209,TS16 ZJ 9009,Hero,Splendor Plus,White,TWO_WHEELER,Telangana,P000634,Srinivas Bandari,2014-08-25,1,0
VEH000210,KA01 WS 7735,Honda,City,Blue,LMV,Karnataka,P000637,THIRD PARTY,2020-01-13,0,0
VEH000211,TN45 CW 6856,Royal Enfield,Bullet 350,Silver,TWO_WHEELER,Tamil Nadu,P000639,Sasmita Behera,2021-05-15,0,0
VEH000212,AP16 FL 8650,Hero,HF Deluxe,Maroon,TWO_WHEELER,Andhra Pradesh,P000643,THIRD PARTY,2013-08-15,0,0
VEH000213,TN10 EC 4836,Royal Enfield,Himalayan,Silver,TWO_WHEELER,Tamil Nadu,P000644,Nagaraju Rao,2015-03-20,0,0
VEH000214,TN09 UL 4493,Ashok Leyland,Dost,Grey,COMMERCIAL,Tamil Nadu,P000645,Prasanna Mohanty,2023-12-04,0,0
VEH000215,KA05 MN 1689,Eicher,Pro 3015,Grey,COMMERCIAL,Karnataka,P000651,Yellaiah Kondapalli,2012-12-04,0,0
VEH000216,TN37 XY 3428,Ashok Leyland,Ecomet,White,COMMERCIAL,Tamil Nadu,P000652,THIRD PARTY,2021-12-23,1,0
VEH000217,AP21 KK 6251,Royal Enfield,Bullet 350,Black,TWO_WHEELER,Andhra Pradesh,P000653,Sudarshan Behera,2022-07-07,0,0
VEH000218,OD33 OV 4237,Bajaj,Pulsar 220,Red,TWO_WHEELER,Odisha,P000654,Manikandan Rajendran,2021-12-06,0,0
VEH000219,TS10 XQ 0020,Royal Enfield,Bullet 350,White,TWO_WHEELER,Telangana,P000655,Karthik Thevar,2012-11-27,0,0
VEH000220,MH31 HX 0964,Ashok Leyland,Ecomet,Red,COMMERCIAL,Maharashtra,P000657,Bhagaban Mohanty,2015-02-10,0,0
VEH000221,CG04 PF 8535,Tata,407,Grey,LMV,Chhattisgarh,P000658,THIRD PARTY,2024-12-04,0,0
VEH000222,CG10 GL 2836,Royal Enfield,Classic 350,Grey,TWO_WHEELER,Chhattisgarh,P000659,Jagabandhu Munda,2017-08-05,0,0
VEH000223,AP21 QA 3874,Toyota,Innova Crysta,Silver,LMV,Andhra Pradesh,P000660,Srinivas Kondapalli,2022-09-29,0,0
VEH000224,AP39 KY 5712,Tata,Nexon,Blue,LMV,Andhra Pradesh,P000663,Sabita Sahoo,2013-07-10,0,0
VEH000225,TS07 NU 9880,Eicher,Pro 2049,White,COMMERCIAL,Telangana,P000664,THIRD PARTY,2025-10-11,1,0
VEH000226,JH20 HH 9123,Hero,Passion Pro,Maroon,TWO_WHEELER,Jharkhand,P000669,Tapan Naskar,2024-09-09,0,1
VEH000227,BR09 IQ 5781,Ashok Leyland,Ecomet,Grey,COMMERCIAL,Bihar,P000671,Basanta Jena,2023-07-01,0,0
VEH000228,OD05 PD 4471,Tata,Harrier,White,LMV,Odisha,P000677,Bhagaban Dash,2022-11-23,0,0
VEH000229,JH13 WT 9370,Mahindra,XUV700,Silver,LMV,Jharkhand,P000679,Bandana Sardar,2025-05-07,0,0
VEH000230,AS01 UK 5474,Tata,407,Black,LMV,Assam,P000680,Prakash Dubey,2026-04-07,0,0
VEH000231,JH13 NK 8438,Hyundai,Santro,Blue,LMV,Jharkhand,P000681,Ashim Biswas,2012-08-31,0,0
VEH000232,OD02 ZX 3743,Mahindra,XUV700,Maroon,LMV,Odisha,P000683,Sanjib Mistry,2018-10-24,0,0
VEH000233,WB73 VR 4573,Maruti Suzuki,Dzire,Red,LMV,West Bengal,P000685,Balbir Mishra,2019-09-16,1,0
VEH000234,AS01 FB 9446,Maruti Suzuki,Ertiga,Red,LMV,Assam,P000687,Dinesh Prajapati,2013-10-15,0,1
VEH000235,WB73 FC 8265,Ashok Leyland,Ecomet,Blue,COMMERCIAL,West Bengal,P000690,THIRD PARTY,2017-08-01,0,0
VEH000236,WB20 HC 4618,Bajaj,Pulsar 150,White,TWO_WHEELER,West Bengal,P000691,THIRD PARTY,2023-06-22,0,0
VEH000237,JH01 DB 4214,Tata,Sumo,Blue,LMV,Jharkhand,P000695,THIRD PARTY,2016-07-28,0,0
VEH000238,OD02 JD 5491,Royal Enfield,Classic 350,Silver,TWO_WHEELER,Odisha,P000697,THIRD PARTY,2019-12-02,0,0
VEH000239,WB73 GK 7243,Toyota,Etios,Silver,LMV,West Bengal,P000705,Arindam Mondal,2014-12-15,1,0
VEH000240,OD05 FL 9635,Bajaj,Platina,Grey,TWO_WHEELER,Odisha,P000706,THIRD PARTY,2013-04-16,0,0
VEH000241,JH01 MG 8880,Hyundai,Verna,Maroon,LMV,Jharkhand,P000711,Vijay Singh,2025-02-13,0,0
VEH000242,RJ27 RZ 9052,Maruti Suzuki,Swift,Maroon,LMV,Rajasthan,P000719,THIRD PARTY,2024-06-18,0,0
VEH000243,TS10 LU 2988,Ashok Leyland,Boss,Red,COMMERCIAL,Telangana,P000721,Munna Kushwaha,2025-06-20,0,0
VEH000244,TS16 VO 8626,Mahindra,Bolero,Maroon,LMV,Telangana,P000724,Pandurang Naik,2022-02-20,0,0
VEH000245,DL08 NU 3854,Royal Enfield,Bullet 350,Red,TWO_WHEELER,Delhi,P000725,Altaf Khan,2016-06-11,0,0
VEH000246,GJ18 RL 8652,Eicher,Pro 2049,Blue,COMMERCIAL,Gujarat,P000727,Vishal More,2023-09-04,0,0
VEH000247,RJ05 WK 5137,Eicher,Pro 3015,Maroon,COMMERCIAL,Rajasthan,P000745,Paresh Rabari,2021-06-23,0,0
VEH000248,DL10 DM 8509,Honda,Amaze,Red,LMV,Delhi,P000747,THIRD PARTY,2017-12-12,0,0
VEH000249,DL01 RO 8981,Maruti Suzuki,Swift,Blue,LMV,Delhi,P000748,Divyesh Desai,2021-09-15,0,0
VEH000250,GJ05 WX 4281,Bajaj,Pulsar 220,Red,TWO_WHEELER,Gujarat,P000749,THIRD PARTY,2021-08-07,0,1
VEH000251,DL08 UQ 6883,Honda,Amaze,White,LMV,Delhi,P000750,THIRD PARTY,2016-03-19,0,0
VEH000252,GJ12 IN 1956,Hero,Passion Pro,Grey,TWO_WHEELER,Gujarat,P000751,THIRD PARTY,2016-03-07,0,0
VEH000253,KA01 JD 6910,Honda,City,Grey,LMV,Karnataka,P000755,THIRD PARTY,2016-03-19,1,0
VEH000254,KA05 KZ 8802,Honda,City,Maroon,LMV,Karnataka,P000759,THIRD PARTY,2012-09-17,0,0
VEH000255,RJ14 AX 9302,Ashok Leyland,Dost,White,COMMERCIAL,Rajasthan,P000760,Ashfaq Shaikh,2019-09-23,0,0
VEH000256,TS16 LG 4051,Eicher,Pro 2049,White,COMMERCIAL,Telangana,P000761,Mahesh Pandey,2014-05-22,0,0
VEH000257,RJ14 VB 2220,Hero,Passion Pro,White,TWO_WHEELER,Rajasthan,P000763,Randhir Tiwari,2024-06-09,0,0
VEH000258,JH20 HF 1926,Royal Enfield,Himalayan,Blue,TWO_WHEELER,Jharkhand,P000765,Salim Shaikh,2017-07-20,0,0
VEH000259,BR11 LW 7274,Hero,Passion Pro,Black,TWO_WHEELER,Bihar,P000767,THIRD PARTY,2021-10-02,0,0
VEH000260,DL04 MP 7625,Bajaj,Pulsar 150,Red,TWO_WHEELER,Delhi,P000769,Shakeel Siddiqui,2021-07-02,1,0
VEH000261,UP62 NJ 3490,Tata,Ace,Silver,LMV,Uttar Pradesh,P000776,Ibrahim Alam,2015-01-21,0,0
VEH000262,DL08 WS 4123,Mahindra,Scorpio,Black,LMV,Delhi,P000778,THIRD PARTY,2022-12-01,0,0
VEH000263,JH10 RW 6465,Hero,Passion Pro,Silver,TWO_WHEELER,Jharkhand,P000781,THIRD PARTY,2024-07-28,0,0
VEH000264,JH01 DL 0538,Mahindra,Thar,Grey,LMV,Jharkhand,P000783,THIRD PARTY,2018-06-05,1,0
VEH000265,BR11 CI 8528,Tata,Nexon,Grey,LMV,Bihar,P000784,Ashfaq Sheikh,2014-01-28,0,0
VEH000266,UP80 GS 4291,Tata,Nexon,Grey,LMV,Uttar Pradesh,P000787,THIRD PARTY,2025-07-26,1,1
VEH000267,UP50 UP 2916,Eicher,Pro 2049,Blue,COMMERCIAL,Uttar Pradesh,P000791,Sarfaraz Saifi,2017-07-03,0,0
VEH000268,BR06 UW 1329,Bajaj,Platina,White,TWO_WHEELER,Bihar,P000799,Shakeel Pathan,2019-11-03,0,0
VEH000269,HR10 TB 5671,Royal Enfield,Himalayan,Blue,TWO_WHEELER,Haryana,P000806,Hanuman Shekhawat,2019-08-21,0,0
VEH000270,MH20 BD 3701,Toyota,Fortuner,Black,LMV,Maharashtra,P000808,Sunil Sengar,2014-12-24,0,0
VEH000271,PB08 FM 2542,Tata,Ace,Maroon,LMV,Punjab,P000810,THIRD PARTY,2012-07-17,0,0
VEH000272,RJ14 GE 5443,Bajaj,Pulsar 150,White,TWO_WHEELER,Rajasthan,P000812,THIRD PARTY,2014-11-19,0,0
VEH000273,UP32 BZ 2205,Tata,Ace,White,LMV,Uttar Pradesh,P000813,Mukesh Baghel,2014-01-07,1,1
VEH000274,HR51 CB 8099,Bajaj,Platina,Black,TWO_WHEELER,Haryana,P000815,THIRD PARTY,2023-08-25,0,0
VEH000275,HR10 PP 0710,Maruti Suzuki,Ertiga,Grey,LMV,Haryana,P000816,Tarsem Virk,2026-05-24,0,0
VEH000276,PB11 VY 8935,Maruti Suzuki,Baleno,Maroon,LMV,Punjab,P000817,Rachhpal Sandhu,2024-10-27,0,0
VEH000277,RJ14 BQ 3026,Bajaj,Pulsar 220,Black,TWO_WHEELER,Rajasthan,P000819,Bhanwar Meena,2018-11-12,0,1
VEH000278,MH04 TI 1479,Mahindra,Scorpio,White,LMV,Maharashtra,P000825,Jitendra Rajput,2021-08-08,0,0
VEH000279,DL09 LB 8849,Toyota,Fortuner,Black,LMV,Delhi,P000833,Sukhdev Singh,2022-10-22,0,0
VEH000280,PB08 WG 1565,Maruti Suzuki,Brezza,Black,LMV,Punjab,P000835,THIRD PARTY,2023-04-05,0,0
VEH000281,DL10 XH 6935,Mahindra,XUV700,Black,LMV,Delhi,P000837,THIRD PARTY,2014-10-28,0,1
VEH000282,HR26 WA 4574,Mahindra,Scorpio,Black,LMV,Haryana,P000845,THIRD PARTY,2019-06-29,0,0
VEH000283,TN67 YP 1736,Ashok Leyland,Dost,White,COMMERCIAL,Tamil Nadu,P000846,Mahesh Shukla,2019-04-22,0,0
VEH000284,DL01 AK 5734,Honda,Amaze,White,LMV,Delhi,P000851,Ilango Subramanian,2015-04-19,0,0
VEH000285,MP13 RE 7344,Tata,Harrier,Black,LMV,Madhya Pradesh,P000854,THIRD PARTY,2016-12-20,0,0
VEH000286,TN10 VP 8268,Mahindra,Scorpio,White,LMV,Tamil Nadu,P000857,Narsimha Vemula,2025-02-18,1,0
VEH000287,DL08 YU 6850,Tata,Sumo,Maroon,LMV,Delhi,P000858,THIRD PARTY,2022-01-05,0,0
VEH000288,DL09 PJ 0770,Bajaj,Pulsar 150,Red,TWO_WHEELER,Delhi,P000863,THIRD PARTY,2025-07-05,0,0
VEH000289,AS15 CA 0944,Eicher,Pro 2049,Red,COMMERCIAL,Assam,P000874,Ramulu Nallamothu,2019-04-09,1,0
VEH000290,MP09 XE 5142,Hero,Splendor Plus,Red,TWO_WHEELER,Madhya Pradesh,P000876,Krishnaiah Goud,2023-01-13,0,0
VEH000291,WB73 YS 4342,Ashok Leyland,Boss,Grey,COMMERCIAL,West Bengal,P000877,Palanisamy Annadurai,2018-06-04,0,0
VEH000292,AS01 GV 7975,Hero,Splendor Plus,Silver,TWO_WHEELER,Assam,P000879,Velu Annadurai,2014-06-10,1,0
VEH000293,AP21 JV 8492,Ashok Leyland,Ecomet,Silver,COMMERCIAL,Andhra Pradesh,P000880,Murugan Annadurai,2018-09-07,1,0
VEH000294,TN67 ZA 8881,Toyota,Etios,Black,LMV,Tamil Nadu,P000881,Rajitha Naidu,2025-12-18,0,0
VEH000295,MP09 RS 7597,Ashok Leyland,Ecomet,Black,COMMERCIAL,Madhya Pradesh,P000882,Lekhraj Baghel,2015-10-29,1,0
VEH000296,HR55 UU 9205,Hyundai,i20,Black,LMV,Haryana,P000883,Ravi Poojary,2023-12-18,0,0
VEH000297,CG10 KH 5332,Eicher,Pro 3015,White,COMMERCIAL,Chhattisgarh,P000885,THIRD PARTY,2021-07-09,0,0
VEH000298,AP31 PF 8942,Maruti Suzuki,Dzire,Black,LMV,Andhra Pradesh,P000890,Vishal Bhosale,2015-05-02,0,0
VEH000299,GA03 LR 6395,Eicher,Pro 3015,Silver,COMMERCIAL,Goa,P000891,THIRD PARTY,2020-04-14,1,0
VEH000300,GJ12 QE 7273,Royal Enfield,Classic 350,Silver,TWO_WHEELER,Gujarat,P000892,Rakesh Solanki,2014-07-22,0,0
VEH000301,TN01 BF 5303,Ashok Leyland,Ecomet,Blue,COMMERCIAL,Tamil Nadu,P000895,Palash Ghosh,2015-09-18,0,1
VEH000302,CG07 GD 5714,Ashok Leyland,Ecomet,Red,COMMERCIAL,Chhattisgarh,P000896,THIRD PARTY,2020-06-19,0,0
VEH000303,JH13 JM 5414,Eicher,Pro 2049,Grey,COMMERCIAL,Jharkhand,P000897,THIRD PARTY,2016-10-27,0,0
VEH000304,KL01 LM 9204,Royal Enfield,Himalayan,White,TWO_WHEELER,Kerala,P000900,Sagar Bhosale,2018-03-22,0,1
VEH000305,OD07 RO 1439,Toyota,Etios,Black,LMV,Odisha,P000903,THIRD PARTY,2014-03-25,0,0
VEH000306,UK08 IE 7362,Royal Enfield,Himalayan,Maroon,TWO_WHEELER,Uttarakhand,P000904,Bhagaban Patra,2023-08-02,1,0
VEH000307,CG10 DN 8164,Mahindra,Thar,Silver,LMV,Chhattisgarh,P000910,Ranjan Sardar,2020-01-09,0,0
VEH000308,JH13 BE 9229,Honda,Amaze,Silver,LMV,Jharkhand,P000914,THIRD PARTY,2016-06-07,0,0
VEH000309,MN01 IP 5198,Hyundai,Creta,Grey,LMV,Manipur,P000920,Aruna Yadav,2025-10-31,1,1
VEH000310,HR20 GI 2299,Mahindra,XUV700,Blue,LMV,Haryana,P000925,Sachin Naik,2012-11-10,0,0
VEH000311,UP50 AQ 9704,Maruti Suzuki,Ertiga,Blue,LMV,Uttar Pradesh,P000926,Mariappan Annadurai,2014-03-06,0,0
VEH000312,TN67 NR 1628,Honda,City,Grey,LMV,Tamil Nadu,P000930,Yallappa Acharya,2019-05-23,0,1
VEH000313,JK01 MS 7275,Hyundai,Santro,White,LMV,Jammu and Kashmir,P000931,THIRD PARTY,2017-04-22,1,0
VEH000314,MH14 PC 1266,Hyundai,Verna,Silver,LMV,Maharashtra,P000932,Chandrabhan Baghel,2022-03-12,0,0
VEH000315,KL13 NH 5352,Mahindra,Thar,Maroon,LMV,Kerala,P000933,THIRD PARTY,2022-06-19,0,0
VEH000316,OD07 QA 8174,Mahindra,Bolero,Maroon,LMV,Odisha,P000940,Mitesh Solanki,2014-10-10,0,0
VEH000317,CG07 ON 6253,Ashok Leyland,Boss,Grey,COMMERCIAL,Chhattisgarh,P000941,THIRD PARTY,2015-02-19,0,0
VEH000318,TN10 CW 2825,Toyota,Fortuner,Grey,LMV,Tamil Nadu,P000942,Rambabu Yadav,2021-12-22,0,0
VEH000319,KL10 IQ 1141,Toyota,Innova Crysta,Red,LMV,Kerala,P000945,THIRD PARTY,2022-08-24,0,0
VEH000320,UP14 BE 3159,Tata,Harrier,Blue,LMV,Uttar Pradesh,P000946,Rajni Awasthi,2022-10-10,0,0
VEH000321,AP39 IQ 7171,Mahindra,Scorpio,Blue,LMV,Andhra Pradesh,P000947,Ratheesh Kurup,2019-09-16,0,1
VEH000322,AP07 YS 9262,Hyundai,Santro,Blue,LMV,Andhra Pradesh,P000950,Nirmal Sardar,2024-12-21,0,0
VEH000323,OD33 FB 8885,Bajaj,Pulsar 220,Grey,TWO_WHEELER,Odisha,P000953,Bibhuti Behera,2024-02-15,0,0
VEH000324,JK01 GL 4258,Maruti Suzuki,Eeco,Maroon,LMV,Jammu and Kashmir,P000954,THIRD PARTY,2025-05-11,0,0
VEH000325,GJ27 MH 5494,Hyundai,Verna,Blue,LMV,Gujarat,P000964,Kiran Waghmare,2016-10-31,0,0
VEH000326,KA32 WG 5879,Ashok Leyland,Ecomet,Black,COMMERCIAL,Karnataka,P000965,Nabam Konyak,2023-10-15,0,0
VEH000327,MP20 RR 6866,Royal Enfield,Bullet 350,Grey,TWO_WHEELER,Madhya Pradesh,P000966,Sarita Tiwari,2022-01-31,0,0
VEH000328,GA01 GC 0216,Maruti Suzuki,Swift,Black,LMV,Goa,P000967,Jagmal Saini,2016-01-25,0,0
VEH000329,OD02 LV 7347,Mahindra,Scorpio,Red,LMV,Odisha,P000968,Ganesh Pawar,2013-06-26,0,0
VEH000330,TN45 CO 2506,Honda,Amaze,Grey,LMV,Tamil Nadu,P000969,Aslam Ansari,2014-02-18,0,0
VEH000331,MH01 AN 8948,Honda,Amaze,Grey,LMV,Maharashtra,P000976,Snehal Bhosale,2018-05-24,0,0
VEH000332,MH43 TP 8886,Hero,Splendor Plus,White,TWO_WHEELER,Maharashtra,P000978,Kuldeep Thakur,2023-05-22,0,0
VEH000333,KA19 ZT 0783,Tata,Sumo,White,LMV,Karnataka,P000979,THIRD PARTY,2013-08-07,0,1
VEH000334,KA05 OQ 4257,Ashok Leyland,Boss,Black,COMMERCIAL,Karnataka,P000981,THIRD PARTY,2022-05-13,0,0
VEH000335,UP78 QJ 5906,Eicher,Pro 3015,White,COMMERCIAL,Uttar Pradesh,P000982,Nirmal Sarkar,2019-02-12,0,0
VEH000336,MN01 VN 4056,Maruti Suzuki,Brezza,Blue,LMV,Manipur,P000985,Arindam Chakraborty,2014-08-12,0,0
VEH000337,RJ07 AJ 6980,Bajaj,Pulsar 220,Black,TWO_WHEELER,Rajasthan,P000994,THIRD PARTY,2012-08-05,1,0
VEH000338,JK01 RO 8928,Hyundai,Creta,Silver,LMV,Jammu and Kashmir,P000995,Dinesh Yadav,2019-11-10,0,0
