record_a,name_a,dob_a,record_b,name_b,dob_b,is_same_person,variant_type,shared_signals,shared_phone,correct_action
P000718,Haroon Pathan,1968-09-05,P001501,H. Pathan,1967-09-06,1,INITIAL_ONLY,SAME_HOME_LOCATION|DOB_NEAR|SHARED_NEIGHBOURS_1,,PROPOSE_MERGE_REQUIRE_HUMAN_CONFIRMATION
P000526,Vinod Singh,1968-12-20,P001502,Singh Vinod,1969-12-20,1,NAME_ORDER_SWAPPED,SAME_HOME_LOCATION|SAME_ALIAS|DOB_NEAR|SHARED_NEIGHBOURS_3,,PROPOSE_MERGE_REQUIRE_HUMAN_CONFIRMATION
P000185,Ashok Bhadauria,1999-06-10,P001503,Bhadauria Ashok,2000-06-09,1,NAME_ORDER_SWAPPED,SAME_HOME_LOCATION|DOB_NEAR|SHARED_NEIGHBOURS_1,,PROPOSE_MERGE_REQUIRE_HUMAN_CONFIRMATION
P000296,Salim Baig,1970-02-22,P001504,S. Baig,1971-02-22,1,INITIAL_ONLY,SAME_HOME_LOCATION|DOB_NEAR|SHARED_NEIGHBOURS_1|SHARED_PHONE,9448949505,PROPOSE_MERGE_REQUIRE_HUMAN_CONFIRMATION
P000123,Bhoma Poonia,1968-02-13,P001505,Poonia Bhoma,1968-02-12,1,NAME_ORDER_SWAPPED,SAME_HOME_LOCATION|DOB_NEAR|SHARED_NEIGHBOURS_3|SHARED_PHONE,9486321337,PROPOSE_MERGE_REQUIRE_HUMAN_CONFIRMATION
P000026,Hitesh Trivedi,1961-08-03,P001506,Trivedi Hitesh,1961-08-02,1,NAME_ORDER_SWAPPED,SAME_HOME_LOCATION|DOB_NEAR|SHARED_NEIGHBOURS_3|SHARED_PHONE,8606664059,PROPOSE_MERGE_REQUIRE_HUMAN_CONFIRMATION
P000982,Nirmal Sarkar,1986-02-22,P001507,Nirmal,1986-02-22,1,SURNAME_DROPPED,SAME_HOME_LOCATION|DOB_EXACT|SHARED_NEIGHBOURS_1|SHARED_PHONE,8977901681,PROPOSE_MERGE_REQUIRE_HUMAN_CONFIRMATION
P000977,Rahul More,1977-07-02,P001508,Rahul,1977-07-02,1,SURNAME_DROPPED,SAME_HOME_LOCATION|SAME_ALIAS|DOB_EXACT|SHARED_NEIGHBOURS_2|SHARED_PHONE,7697758980,PROPOSE_MERGE_REQUIRE_HUMAN_CONFIRMATION
P001000,Bhagya Angadi,1961-04-26,P001509,B. Angadi,1961-04-27,1,INITIAL_ONLY,SAME_HOME_LOCATION|SAME_ALIAS|DOB_NEAR|SHARED_NEIGHBOURS_2,,PROPOSE_MERGE_REQUIRE_HUMAN_CONFIRMATION
P000721,Munna Kushwaha,1990-11-21,P001510,M. Kushwaha,1989-11-21,1,INITIAL_ONLY,SAME_HOME_LOCATION|SAME_ALIAS|DOB_NEAR|SHARED_NEIGHBOURS_2|SHARED_PHONE,9787955229,PROPOSE_MERGE_REQUIRE_HUMAN_CONFIRMATION
P000005,Aslam Ahmed,1992-09-16,P001511,A. Ahmed,1992-09-16,1,INITIAL_ONLY,SAME_HOME_LOCATION|DOB_EXACT|SHARED_NEIGHBOURS_3|SHARED_PHONE,8907466697,PROPOSE_MERGE_REQUIRE_HUMAN_CONFIRMATION
P000142,Karamjit Bajwa,2003-11-14,P001512,Karamjit,2003-11-14,1,SURNAME_DROPPED,SAME_HOME_LOCATION|SAME_ALIAS|DOB_EXACT|SHARED_NEIGHBOURS_2,,PROPOSE_MERGE_REQUIRE_HUMAN_CONFIRMATION
P000213,Ajay Tiwari,1994-02-21,P001513,A. Tiwari,1994-02-22,1,INITIAL_ONLY,SAME_HOME_LOCATION|DOB_NEAR|SHARED_NEIGHBOURS_1,,PROPOSE_MERGE_REQUIRE_HUMAN_CONFIRMATION
P000238,Girdhari Baghel,1991-04-22,P001514,G. Baghel,1991-04-23,1,INITIAL_ONLY,SAME_HOME_LOCATION|DOB_NEAR|SHARED_NEIGHBOURS_2,,PROPOSE_MERGE_REQUIRE_HUMAN_CONFIRMATION
P000947,Ratheesh Kurup,1999-07-12,P001515,R. Kurup,1999-07-12,1,INITIAL_ONLY,SAME_HOME_LOCATION|DOB_EXACT,,PROPOSE_MERGE_REQUIRE_HUMAN_CONFIRMATION
P000773,Shakuntala Nishad,1985-08-08,P001516,Nishad Shakuntala,1985-08-08,1,NAME_ORDER_SWAPPED,SAME_HOME_LOCATION|DOB_EXACT|SHARED_NEIGHBOURS_2,,PROPOSE_MERGE_REQUIRE_HUMAN_CONFIRMATION
P000729,Vinod Bhadauria,1987-09-14,P001517,Bhadauria Vinod,1987-09-13,1,NAME_ORDER_SWAPPED,SAME_HOME_LOCATION|SAME_ALIAS|DOB_NEAR|SHARED_NEIGHBOURS_1|SHARED_PHONE,8475380157,PROPOSE_MERGE_REQUIRE_HUMAN_CONFIRMATION
P000216,Firoz Ahmed,1976-04-16,P001518,Ahmed Firoz,1976-04-16,1,NAME_ORDER_SWAPPED,SAME_HOME_LOCATION|DOB_EXACT|SHARED_NEIGHBOURS_1,,PROPOSE_MERGE_REQUIRE_HUMAN_CONFIRMATION
P000096,Navneet Bajwa,1983-02-12,P001519,Bajwa Navneet,1983-02-12,1,NAME_ORDER_SWAPPED,SAME_HOME_LOCATION|DOB_EXACT|SHARED_NEIGHBOURS_1,,PROPOSE_MERGE_REQUIRE_HUMAN_CONFIRMATION
P000863,Lalthanga Momin,1977-06-20,P001520,Lalthanga,1977-06-20,1,SURNAME_DROPPED,SAME_HOME_LOCATION|DOB_EXACT|SHARED_NEIGHBOURS_2,,PROPOSE_MERGE_REQUIRE_HUMAN_CONFIRMATION
P000037,Ganesh Dalvi,1962-06-18,P001521,Ganesh,1963-06-18,1,SURNAME_DROPPED,SAME_HOME_LOCATION|DOB_NEAR|SHARED_NEIGHBOURS_1,,PROPOSE_MERGE_REQUIRE_HUMAN_CONFIRMATION
P000776,Ibrahim Alam,1986-01-15,P001522,I. Alam,1986-01-15,1,INITIAL_ONLY,SAME_HOME_LOCATION|SAME_ALIAS|DOB_EXACT|SHARED_NEIGHBOURS_2|SHARED_PHONE,7831942909,PROPOSE_MERGE_REQUIRE_HUMAN_CONFIRMATION
P000221,Triloki Solanki,1960-07-21,P001523,Triloki,1961-07-21,1,SURNAME_DROPPED,SAME_HOME_LOCATION|SAME_ALIAS|DOB_NEAR|SHARED_NEIGHBOURS_3|SHARED_PHONE,9181079934,PROPOSE_MERGE_REQUIRE_HUMAN_CONFIRMATION
P000121,Ashfaq Saifi,1963-04-15,P001524,A. Saifi,1963-04-15,1,INITIAL_ONLY,SAME_HOME_LOCATION|DOB_EXACT|SHARED_NEIGHBOURS_3,,PROPOSE_MERGE_REQUIRE_HUMAN_CONFIRMATION
P000267,Sanjib Dutta,1992-02-24,P001525,Sanjib,1992-02-24,1,SURNAME_DROPPED,SAME_HOME_LOCATION|DOB_EXACT|SHARED_NEIGHBOURS_1,,PROPOSE_MERGE_REQUIRE_HUMAN_CONFIRMATION
P000734,Bhaskar Kadam,1984-11-26,P001526,B. Kadam,1984-11-26,1,INITIAL_ONLY,SAME_HOME_LOCATION|DOB_EXACT|SHARED_NEIGHBOURS_2|SHARED_PHONE,7542148585,PROPOSE_MERGE_REQUIRE_HUMAN_CONFIRMATION
P000319,Sarfaraz Baig,1961-07-18,P001527,S. Baig,1961-07-18,1,INITIAL_ONLY,SAME_HOME_LOCATION|DOB_EXACT|SHARED_NEIGHBOURS_1,,PROPOSE_MERGE_REQUIRE_HUMAN_CONFIRMATION
P000962,Divyesh Bhatt,1991-05-02,P001528,Divyesh,1990-05-02,1,SURNAME_DROPPED,SAME_HOME_LOCATION|SAME_ALIAS|DOB_NEAR|SHARED_NEIGHBOURS_2,,PROPOSE_MERGE_REQUIRE_HUMAN_CONFIRMATION
P000105,Mohan Sisodia,1988-06-09,P001529,M. Sisodia,1988-06-10,1,INITIAL_ONLY,SAME_HOME_LOCATION|DOB_NEAR|SHARED_NEIGHBOURS_2|SHARED_PHONE,9275027192,PROPOSE_MERGE_REQUIRE_HUMAN_CONFIRMATION
P000545,Abdul Alam,1978-06-02,P001530,A. Alam,1977-06-02,1,INITIAL_ONLY,SAME_HOME_LOCATION|DOB_NEAR|SHARED_NEIGHBOURS_1|SHARED_PHONE,8075964950,PROPOSE_MERGE_REQUIRE_HUMAN_CONFIRMATION
P000963,Sandip Bhoir,1995-12-08,P001531,S. Bhoir,1995-12-08,1,INITIAL_ONLY,SAME_HOME_LOCATION|DOB_EXACT|SHARED_NEIGHBOURS_1|SHARED_PHONE,9084305627,PROPOSE_MERGE_REQUIRE_HUMAN_CONFIRMATION
P000664,Mallesh Naidu,1995-05-11,P001532,Naidu Mallesh,1995-05-12,1,NAME_ORDER_SWAPPED,SAME_HOME_LOCATION|DOB_NEAR|SHARED_NEIGHBOURS_2,,PROPOSE_MERGE_REQUIRE_HUMAN_CONFIRMATION
P000318,Sarfaraz Shaikh,2001-08-12,P001533,Shaikh Sarfaraz,2001-08-12,1,NAME_ORDER_SWAPPED,SAME_HOME_LOCATION|SAME_ALIAS|DOB_EXACT|SHARED_NEIGHBOURS_2|SHARED_PHONE,9559886000,PROPOSE_MERGE_REQUIRE_HUMAN_CONFIRMATION
P000959,Mitesh Rabari,1962-01-21,P001534,Rabari Mitesh,1962-01-21,1,NAME_ORDER_SWAPPED,SAME_HOME_LOCATION|DOB_EXACT|SHARED_NEIGHBOURS_1,,PROPOSE_MERGE_REQUIRE_HUMAN_CONFIRMATION
P000986,Venkatesh Setty,1973-11-26,P001535,Venkatesh,1972-11-26,1,SURNAME_DROPPED,SAME_HOME_LOCATION|DOB_NEAR|SHARED_NEIGHBOURS_1,,PROPOSE_MERGE_REQUIRE_HUMAN_CONFIRMATION
P000577,Nirmal Naskar,1965-10-04,P001536,Nirmal,1965-10-04,1,SURNAME_DROPPED,SAME_HOME_LOCATION|DOB_EXACT|SHARED_NEIGHBOURS_3,,PROPOSE_MERGE_REQUIRE_HUMAN_CONFIRMATION
P000195,Anil Thakur,1986-07-08,P001537,Thakur Anil,1986-07-08,1,NAME_ORDER_SWAPPED,SAME_HOME_LOCATION|SAME_ALIAS|DOB_EXACT|SHARED_NEIGHBOURS_2,,PROPOSE_MERGE_REQUIRE_HUMAN_CONFIRMATION
P000282,Farida Rahman,1961-12-08,P001538,Farida,1961-12-07,1,SURNAME_DROPPED,SAME_HOME_LOCATION|SAME_ALIAS|DOB_NEAR|SHARED_NEIGHBOURS_3,,PROPOSE_MERGE_REQUIRE_HUMAN_CONFIRMATION
P000404,Elango Annadurai,1972-03-15,P001539,E. Annadurai,1972-03-15,1,INITIAL_ONLY,SAME_HOME_LOCATION|SAME_ALIAS|DOB_EXACT|SHARED_NEIGHBOURS_1|SHARED_PHONE,9098427788,PROPOSE_MERGE_REQUIRE_HUMAN_CONFIRMATION
P000860,Chandra Shekar Choudary,1985-05-08,P001540,C. Choudary,1985-05-08,1,INITIAL_ONLY,SAME_HOME_LOCATION|DOB_EXACT|SHARED_NEIGHBOURS_1,,PROPOSE_MERGE_REQUIRE_HUMAN_CONFIRMATION
P000505,Nazia Khan,1965-06-19,P001541,N. Khan,1965-06-19,1,INITIAL_ONLY,SAME_HOME_LOCATION|DOB_EXACT|SHARED_NEIGHBOURS_2,,PROPOSE_MERGE_REQUIRE_HUMAN_CONFIRMATION
P000557,Haroon Pathan,1960-11-12,P001542,Pathan Haroon,1960-11-13,1,NAME_ORDER_SWAPPED,SAME_HOME_LOCATION|DOB_NEAR|SHARED_NEIGHBOURS_1,,PROPOSE_MERGE_REQUIRE_HUMAN_CONFIRMATION
P000738,Dharmesh Joshi,1961-08-09,P001543,D. Joshi,1961-08-09,1,INITIAL_ONLY,SAME_HOME_LOCATION|DOB_EXACT|SHARED_NEIGHBOURS_3,,PROPOSE_MERGE_REQUIRE_HUMAN_CONFIRMATION
P000822,Harjinder Sarao,1998-10-02,P001544,Sarao Harjinder,1998-10-02,1,NAME_ORDER_SWAPPED,SAME_HOME_LOCATION|DOB_EXACT|SHARED_NEIGHBOURS_1|SHARED_PHONE,7134393141,PROPOSE_MERGE_REQUIRE_HUMAN_CONFIRMATION
P000058,Alpesh Shah,1961-07-09,P001545,Shah Alpesh,1962-07-09,1,NAME_ORDER_SWAPPED,SAME_HOME_LOCATION|DOB_NEAR|SHARED_NEIGHBOURS_2,,PROPOSE_MERGE_REQUIRE_HUMAN_CONFIRMATION
P000538,Balwinder Gill,2003-07-06,P001546,B. Gill,2003-07-06,1,INITIAL_ONLY,SAME_HOME_LOCATION|DOB_EXACT|SHARED_NEIGHBOURS_2|SHARED_PHONE,7333797430,PROPOSE_MERGE_REQUIRE_HUMAN_CONFIRMATION
P000357,Om Prakash Rajput,1964-12-22,P001547,Om Prakash,1965-12-22,1,SURNAME_DROPPED,SAME_HOME_LOCATION|SAME_ALIAS|DOB_NEAR|SHARED_NEIGHBOURS_2|SHARED_PHONE,9376825413,PROPOSE_MERGE_REQUIRE_HUMAN_CONFIRMATION
P000114,Gayatri Jat,1961-10-17,P001548,Gayatri,1961-10-17,1,SURNAME_DROPPED,SAME_HOME_LOCATION|DOB_EXACT|SHARED_NEIGHBOURS_3,,PROPOSE_MERGE_REQUIRE_HUMAN_CONFIRMATION
P000007,Bhaskar Kamble,1972-09-12,P001549,Kamble Bhaskar,1972-09-12,1,NAME_ORDER_SWAPPED,SAME_HOME_LOCATION|DOB_EXACT|SHARED_NEIGHBOURS_1,,PROPOSE_MERGE_REQUIRE_HUMAN_CONFIRMATION
P000790,Deepak Bhardwaj,1995-06-26,P001550,D. Bhardwaj,1995-06-26,1,INITIAL_ONLY,SAME_HOME_LOCATION|DOB_EXACT|SHARED_NEIGHBOURS_3|SHARED_PHONE,9828125200,PROPOSE_MERGE_REQUIRE_HUMAN_CONFIRMATION
P000604,Faizan Malik,1972-04-15,P001551,F. Malik,1973-04-15,1,INITIAL_ONLY,SAME_HOME_LOCATION|DOB_NEAR|SHARED_NEIGHBOURS_3,,PROPOSE_MERGE_REQUIRE_HUMAN_CONFIRMATION
P000673,Vijay Dubey,1976-05-18,P001552,Vijay,1976-05-18,1,SURNAME_DROPPED,SAME_HOME_LOCATION|SAME_ALIAS|DOB_EXACT|SHARED_NEIGHBOURS_2,,PROPOSE_MERGE_REQUIRE_HUMAN_CONFIRMATION
P000678,Bibhuti Munda,1962-09-20,P001553,Bibhuti,1962-09-19,1,SURNAME_DROPPED,SAME_HOME_LOCATION|SAME_ALIAS|DOB_NEAR|SHARED_NEIGHBOURS_1,,PROPOSE_MERGE_REQUIRE_HUMAN_CONFIRMATION
P000940,Mitesh Solanki,1990-05-15,P001554,Mitesh,1989-05-15,1,SURNAME_DROPPED,SAME_HOME_LOCATION|DOB_NEAR|SHARED_NEIGHBOURS_3|SHARED_PHONE,9495029155,PROPOSE_MERGE_REQUIRE_HUMAN_CONFIRMATION
P000750,Nadeem Khan,1971-06-22,P001555,Nadeem,1972-06-21,1,SURNAME_DROPPED,SAME_HOME_LOCATION|DOB_NEAR|SHARED_NEIGHBOURS_2,,PROPOSE_MERGE_REQUIRE_HUMAN_CONFIRMATION
P000942,Rambabu Yadav,1990-01-24,P001556,Rambabu,1990-01-25,1,SURNAME_DROPPED,SAME_HOME_LOCATION|DOB_NEAR|SHARED_NEIGHBOURS_1,,PROPOSE_MERGE_REQUIRE_HUMAN_CONFIRMATION
P000630,Bibhuti Mohanty,1961-03-16,P001557,B. Mohanty,1960-03-16,1,INITIAL_ONLY,SAME_HOME_LOCATION|DOB_NEAR|SHARED_NEIGHBOURS_3|SHARED_PHONE,7592871052,PROPOSE_MERGE_REQUIRE_HUMAN_CONFIRMATION
P000840,Sukhwinder Kang,1999-07-05,P001558,S. Kang,1999-07-05,1,INITIAL_ONLY,SAME_HOME_LOCATION|DOB_EXACT|SHARED_NEIGHBOURS_3,,PROPOSE_MERGE_REQUIRE_HUMAN_CONFIRMATION
P000161,Mohan Sisodia,1975-12-02,P001559,M. Sisodia,1975-12-02,1,INITIAL_ONLY,SAME_HOME_LOCATION|SAME_ALIAS|DOB_EXACT|SHARED_NEIGHBOURS_3,,PROPOSE_MERGE_REQUIRE_HUMAN_CONFIRMATION
P000278,Ramesh Shukla,1960-11-06,P001560,Ramesh,1960-11-06,1,SURNAME_DROPPED,SAME_HOME_LOCATION|SAME_ALIAS|DOB_EXACT|SHARED_NEIGHBOURS_1|SHARED_PHONE,7242720513,PROPOSE_MERGE_REQUIRE_HUMAN_CONFIRMATION
P000394,Pramod Shukla,2002-02-22,P001561,Shukla Pramod,2001-02-22,1,NAME_ORDER_SWAPPED,SAME_HOME_LOCATION|SAME_ALIAS|DOB_NEAR|SHARED_NEIGHBOURS_3|SHARED_PHONE,9395935646,PROPOSE_MERGE_REQUIRE_HUMAN_CONFIRMATION
P000470,Girdhari Shukla,1996-09-17,P001562,Shukla Girdhari,1996-09-18,1,NAME_ORDER_SWAPPED,SAME_HOME_LOCATION|DOB_NEAR|SHARED_NEIGHBOURS_2,,PROPOSE_MERGE_REQUIRE_HUMAN_CONFIRMATION
P000846,Mahesh Shukla,2003-12-04,P001563,M. Shukla,2003-12-04,1,INITIAL_ONLY,SAME_HOME_LOCATION|DOB_EXACT|SHARED_NEIGHBOURS_1,,PROPOSE_MERGE_REQUIRE_HUMAN_CONFIRMATION
P000065,Shahnawaz Mansuri,1983-06-14,P001564,S. Mansuri,1984-06-13,1,INITIAL_ONLY,SAME_HOME_LOCATION|DOB_NEAR|SHARED_NEIGHBOURS_2|SHARED_PHONE,7437750448,PROPOSE_MERGE_REQUIRE_HUMAN_CONFIRMATION
P000256,Mahesh Verma,1979-06-19,P001565,Mahesh,1979-06-18,1,SURNAME_DROPPED,SAME_HOME_LOCATION|DOB_NEAR|SHARED_NEIGHBOURS_3,,PROPOSE_MERGE_REQUIRE_HUMAN_CONFIRMATION
P000285,Vijay Dixit,2000-09-09,P001566,V. Dixit,2000-09-09,1,INITIAL_ONLY,SAME_HOME_LOCATION|DOB_EXACT|SHARED_NEIGHBOURS_1|SHARED_PHONE,8867025891,PROPOSE_MERGE_REQUIRE_HUMAN_CONFIRMATION
P000269,Sajid Farooqui,1976-10-16,P001567,S. Farooqui,1976-10-17,1,INITIAL_ONLY,SAME_HOME_LOCATION|DOB_NEAR|SHARED_NEIGHBOURS_1|SHARED_PHONE,9663028665,PROPOSE_MERGE_REQUIRE_HUMAN_CONFIRMATION
P000824,Gopal Beniwal,1988-09-21,P001568,G. Beniwal,1988-09-20,1,INITIAL_ONLY,SAME_HOME_LOCATION|SAME_ALIAS|DOB_NEAR|SHARED_NEIGHBOURS_2,,PROPOSE_MERGE_REQUIRE_HUMAN_CONFIRMATION
P000035,Sachin Bhosale,1995-12-20,P001569,Bhosale Sachin,1994-12-20,1,NAME_ORDER_SWAPPED,SAME_HOME_LOCATION|DOB_NEAR|SHARED_NEIGHBOURS_1,,PROPOSE_MERGE_REQUIRE_HUMAN_CONFIRMATION
P000281,Subhas Adhikari,2001-11-21,P001570,Adhikari Subhas,2001-11-20,1,NAME_ORDER_SWAPPED,SAME_HOME_LOCATION|DOB_NEAR|SHARED_NEIGHBOURS_3|SHARED_PHONE,8448015597,PROPOSE_MERGE_REQUIRE_HUMAN_CONFIRMATION
P000848,Nagaraju Gupta,1964-05-13,P001571,Nagaraju,1963-05-14,1,SURNAME_DROPPED,SAME_HOME_LOCATION|DOB_NEAR|SHARED_NEIGHBOURS_1,,PROPOSE_MERGE_REQUIRE_HUMAN_CONFIRMATION
P000658,Karthik Annadurai,2001-09-02,P001572,Karthik,2000-09-02,1,SURNAME_DROPPED,SAME_HOME_LOCATION|DOB_NEAR|SHARED_NEIGHBOURS_1|SHARED_PHONE,8538638258,PROPOSE_MERGE_REQUIRE_HUMAN_CONFIRMATION
P000907,Ashim Gayen,1962-10-18,P001573,A. Gayen,1962-10-17,1,INITIAL_ONLY,SAME_HOME_LOCATION|DOB_NEAR|SHARED_NEIGHBOURS_1,,PROPOSE_MERGE_REQUIRE_HUMAN_CONFIRMATION
P000169,Rukhsana Ahmed,1974-04-11,P001574,R. Ahmed,1974-04-12,1,INITIAL_ONLY,SAME_HOME_LOCATION|DOB_NEAR|SHARED_NEIGHBOURS_1|SHARED_PHONE,7159183765,PROPOSE_MERGE_REQUIRE_HUMAN_CONFIRMATION
P000341,Vipin Panicker,1990-03-08,P001575,V. Panicker,1990-03-08,1,INITIAL_ONLY,SAME_HOME_LOCATION|DOB_EXACT|SHARED_NEIGHBOURS_3|SHARED_PHONE,7359693541,PROPOSE_MERGE_REQUIRE_HUMAN_CONFIRMATION
P000219,Jagdish Tomar,1993-04-26,P001576,Tomar Jagdish,1992-04-26,1,NAME_ORDER_SWAPPED,SAME_HOME_LOCATION|DOB_NEAR|SHARED_NEIGHBOURS_2,,PROPOSE_MERGE_REQUIRE_HUMAN_CONFIRMATION
P000382,Mallikarjun Rai,2003-09-24,P001577,Mallikarjun,2003-09-24,1,SURNAME_DROPPED,SAME_HOME_LOCATION|SAME_ALIAS|DOB_EXACT|SHARED_NEIGHBOURS_3|SHARED_PHONE,8277676391,PROPOSE_MERGE_REQUIRE_HUMAN_CONFIRMATION
P000593,Ashim Pal,1987-09-18,P001578,A. Pal,1988-09-17,1,INITIAL_ONLY,SAME_HOME_LOCATION|DOB_NEAR|SHARED_NEIGHBOURS_1|SHARED_PHONE,9612087416,PROPOSE_MERGE_REQUIRE_HUMAN_CONFIRMATION
P000300,Haroon Idrisi,1999-02-02,P001579,Idrisi Haroon,2000-02-02,1,NAME_ORDER_SWAPPED,SAME_HOME_LOCATION|DOB_NEAR|SHARED_NEIGHBOURS_1|SHARED_PHONE,7884171932,PROPOSE_MERGE_REQUIRE_HUMAN_CONFIRMATION
P000597,Anup Roy,1974-09-20,P001580,Anup,1974-09-20,1,SURNAME_DROPPED,SAME_HOME_LOCATION|SAME_ALIAS|DOB_EXACT|SHARED_NEIGHBOURS_1,,PROPOSE_MERGE_REQUIRE_HUMAN_CONFIRMATION
P000480,Tanveer Farooqui,1999-01-23,P001581,T. Farooqui,1998-01-23,1,INITIAL_ONLY,SAME_HOME_LOCATION|DOB_NEAR|SHARED_NEIGHBOURS_2,,PROPOSE_MERGE_REQUIRE_HUMAN_CONFIRMATION
P000952,Paresh Shah,1975-06-14,P001582,P. Shah,1974-06-14,1,INITIAL_ONLY,SAME_HOME_LOCATION|DOB_NEAR|SHARED_NEIGHBOURS_1|SHARED_PHONE,8065642691,PROPOSE_MERGE_REQUIRE_HUMAN_CONFIRMATION
P000566,Ajay Dubey,1963-05-10,P001583,A. Dubey,1964-05-09,1,INITIAL_ONLY,SAME_HOME_LOCATION|DOB_NEAR|SHARED_NEIGHBOURS_3|SHARED_PHONE,9597725402,PROPOSE_MERGE_REQUIRE_HUMAN_CONFIRMATION
P000416,Manikandan Annadurai,1987-02-08,P001584,M. Annadurai,1987-02-08,1,INITIAL_ONLY,SAME_HOME_LOCATION|DOB_EXACT|SHARED_NEIGHBOURS_2,,PROPOSE_MERGE_REQUIRE_HUMAN_CONFIRMATION
P000864,Rambabu Goud,1987-05-07,P001585,R. Goud,1987-05-07,1,INITIAL_ONLY,SAME_HOME_LOCATION|SAME_ALIAS|DOB_EXACT|SHARED_NEIGHBOURS_2|SHARED_PHONE,9955632240,PROPOSE_MERGE_REQUIRE_HUMAN_CONFIRMATION
P000406,Triloki Dubey,2001-08-13,P001586,Triloki,2000-08-13,1,SURNAME_DROPPED,SAME_HOME_LOCATION|DOB_NEAR|SHARED_NEIGHBOURS_1,,PROPOSE_MERGE_REQUIRE_HUMAN_CONFIRMATION
P000052,Vishal Jadhav,2001-05-24,P001587,Vishal,2001-05-23,1,SURNAME_DROPPED,SAME_HOME_LOCATION|DOB_NEAR|SHARED_NEIGHBOURS_3,,PROPOSE_MERGE_REQUIRE_HUMAN_CONFIRMATION
P000878,Srinivas Bandari,1989-09-03,P001588,Srinivas,1989-09-03,1,SURNAME_DROPPED,SAME_HOME_LOCATION|SAME_ALIAS|DOB_EXACT|SHARED_NEIGHBOURS_3,,PROPOSE_MERGE_REQUIRE_HUMAN_CONFIRMATION
P000369,Ravichandran Nadar,1975-11-21,P001589,R. Nadar,1975-11-21,1,INITIAL_ONLY,SAME_HOME_LOCATION|DOB_EXACT|SHARED_NEIGHBOURS_1,,PROPOSE_MERGE_REQUIRE_HUMAN_CONFIRMATION
P000635,Manikandan Annadurai,1967-09-01,P001590,Manikandan,1967-09-01,1,SURNAME_DROPPED,SAME_HOME_LOCATION|SAME_ALIAS|DOB_EXACT|SHARED_NEIGHBOURS_3,,PROPOSE_MERGE_REQUIRE_HUMAN_CONFIRMATION
P000649,Srinivas Choudary,1998-11-06,P001591,Srinivas,1998-11-07,1,SURNAME_DROPPED,SAME_HOME_LOCATION|DOB_NEAR|SHARED_NEIGHBOURS_1|SHARED_PHONE,9061979083,PROPOSE_MERGE_REQUIRE_HUMAN_CONFIRMATION
P000039,Sagar Rane,1978-06-04,P001592,S. Rane,1978-06-04,1,INITIAL_ONLY,SAME_HOME_LOCATION|DOB_EXACT|SHARED_NEIGHBOURS_1,,PROPOSE_MERGE_REQUIRE_HUMAN_CONFIRMATION
P000143,Nadeem Khan,1993-02-17,P001593,Nadeem,1992-02-18,1,SURNAME_DROPPED,SAME_HOME_LOCATION|DOB_NEAR|SHARED_NEIGHBOURS_2|SHARED_PHONE,9626701361,PROPOSE_MERGE_REQUIRE_HUMAN_CONFIRMATION
P000620,Saravanan Rajendran,1988-02-21,P001594,Saravanan,1988-02-21,1,SURNAME_DROPPED,SAME_HOME_LOCATION|SAME_ALIAS|DOB_EXACT|SHARED_NEIGHBOURS_1|SHARED_PHONE,8477348221,PROPOSE_MERGE_REQUIRE_HUMAN_CONFIRMATION
P000218,Haroon Baig,2001-12-10,P001595,H. Baig,2001-12-10,1,INITIAL_ONLY,SAME_HOME_LOCATION|DOB_EXACT|SHARED_NEIGHBOURS_2|SHARED_PHONE,9436770989,PROPOSE_MERGE_REQUIRE_HUMAN_CONFIRMATION
P000028,Alpesh Thakor,1988-02-16,P001596,A. Thakor,1988-02-16,1,INITIAL_ONLY,SAME_HOME_LOCATION|SAME_ALIAS|DOB_EXACT|SHARED_NEIGHBOURS_1|SHARED_PHONE,8350534774,PROPOSE_MERGE_REQUIRE_HUMAN_CONFIRMATION
P000529,Pramod Baghel,1964-08-17,P001597,Baghel Pramod,1964-08-17,1,NAME_ORDER_SWAPPED,SAME_HOME_LOCATION|SAME_ALIAS|DOB_EXACT|SHARED_NEIGHBOURS_1,,PROPOSE_MERGE_REQUIRE_HUMAN_CONFIRMATION
P000304,Afsana Malik,1986-07-24,P001598,Malik Afsana,1986-07-24,1,NAME_ORDER_SWAPPED,SAME_HOME_LOCATION|DOB_EXACT|SHARED_NEIGHBOURS_1,,PROPOSE_MERGE_REQUIRE_HUMAN_CONFIRMATION
P000573,Sandeep Dixit,1981-04-20,P001599,Dixit Sandeep,1981-04-20,1,NAME_ORDER_SWAPPED,SAME_HOME_LOCATION|SAME_ALIAS|DOB_EXACT|SHARED_NEIGHBOURS_3|SHARED_PHONE,7953732637,PROPOSE_MERGE_REQUIRE_HUMAN_CONFIRMATION
P000667,Pramod Singh,2003-05-12,P001600,Pramod,2003-05-12,1,SURNAME_DROPPED,SAME_HOME_LOCATION|DOB_EXACT|SHARED_NEIGHBOURS_2|SHARED_PHONE,7402104464,PROPOSE_MERGE_REQUIRE_HUMAN_CONFIRMATION
P000588,Tapan Roy,1968-07-21,P001601,T. Roy,1968-07-21,1,INITIAL_ONLY,SAME_HOME_LOCATION|DOB_EXACT|SHARED_NEIGHBOURS_2,,PROPOSE_MERGE_REQUIRE_HUMAN_CONFIRMATION
P000144,Yusuf Baig,1976-05-19,P001602,Yusuf,1976-05-19,1,SURNAME_DROPPED,SAME_HOME_LOCATION|DOB_EXACT|SHARED_NEIGHBOURS_1,,PROPOSE_MERGE_REQUIRE_HUMAN_CONFIRMATION
P000337,Kalpesh Vaghela,1978-01-21,P001603,Kalpesh,1978-01-20,1,SURNAME_DROPPED,SAME_HOME_LOCATION|DOB_NEAR|SHARED_NEIGHBOURS_2,,PROPOSE_MERGE_REQUIRE_HUMAN_CONFIRMATION
P000784,Ashfaq Sheikh,2002-12-20,P001604,Ashfaq Shaikh,2002-12-20,1,SURNAME_TRANSLITERATION,SAME_HOME_LOCATION|DOB_EXACT|SHARED_NEIGHBOURS_2|SHARED_PHONE,7537778554,PROPOSE_MERGE_REQUIRE_HUMAN_CONFIRMATION
P000543,Shahnawaz Mansuri,1985-09-18,P001605,S. Mansuri,1985-09-18,1,INITIAL_ONLY,SAME_HOME_LOCATION|DOB_EXACT|SHARED_NEIGHBOURS_3,,PROPOSE_MERGE_REQUIRE_HUMAN_CONFIRMATION
P000292,Wasim Mansuri,1984-04-05,P001606,Mansuri Wasim,1984-04-05,1,NAME_ORDER_SWAPPED,SAME_HOME_LOCATION|SAME_ALIAS|DOB_EXACT|SHARED_NEIGHBOURS_2,,PROPOSE_MERGE_REQUIRE_HUMAN_CONFIRMATION
P000293,Har Prasad Sharma,1978-11-15,P001607,Sharma Har Prasad,1978-11-15,1,NAME_ORDER_SWAPPED,SAME_HOME_LOCATION|DOB_EXACT|SHARED_NEIGHBOURS_2,,PROPOSE_MERGE_REQUIRE_HUMAN_CONFIRMATION
P000792,Nazia Khan,1983-01-27,P001608,Nazia,1983-01-28,1,SURNAME_DROPPED,SAME_HOME_LOCATION|SAME_ALIAS|DOB_NEAR|SHARED_NEIGHBOURS_3,,PROPOSE_MERGE_REQUIRE_HUMAN_CONFIRMATION
P000187,Naresh Jaiswal,1979-09-15,P001609,Naresh,1979-09-15,1,SURNAME_DROPPED,SAME_HOME_LOCATION|DOB_EXACT|SHARED_NEIGHBOURS_1,,PROPOSE_MERGE_REQUIRE_HUMAN_CONFIRMATION
P000853,Rajesh Jaiswal,1984-01-08,P001610,Jaiswal Rajesh,1984-01-08,1,NAME_ORDER_SWAPPED,SAME_HOME_LOCATION|DOB_EXACT|SHARED_NEIGHBOURS_1|SHARED_PHONE,9365901611,PROPOSE_MERGE_REQUIRE_HUMAN_CONFIRMATION
P000335,Wasim Baig,1995-06-12,P001611,Wasim Baig,1999-09-16,0,COINCIDENTAL_NAME_COLLISION,SAME_FULL_NAME,,DO_NOT_MERGE_DIFFERENT_DOB_AND_DISTRICT
P000919,Sreenivasan Achari,1961-11-08,P001612,Sreenivasan Achari,1982-03-05,0,COINCIDENTAL_NAME_COLLISION,SAME_FULL_NAME,,DO_NOT_MERGE_DIFFERENT_DOB_AND_DISTRICT
P000190,Iqbal Khan,1997-07-21,P001613,Iqbal Khan,1981-06-22,0,COINCIDENTAL_NAME_COLLISION,SAME_FULL_NAME,,DO_NOT_MERGE_DIFFERENT_DOB_AND_DISTRICT
P000805,Ranveer Beniwal,1972-03-10,P001614,Ranveer Beniwal,1985-06-06,0,COINCIDENTAL_NAME_COLLISION,SAME_FULL_NAME,,DO_NOT_MERGE_DIFFERENT_DOB_AND_DISTRICT
P000402,Sanjay Dubey,2000-09-24,P001615,Sanjay Dubey,1980-07-15,0,COINCIDENTAL_NAME_COLLISION,SAME_FULL_NAME,,DO_NOT_MERGE_DIFFERENT_DOB_AND_DISTRICT
P000130,Sohan Kumawat,1978-11-07,P001616,Sohan Kumawat,1989-12-01,0,COINCIDENTAL_NAME_COLLISION,SAME_FULL_NAME,,DO_NOT_MERGE_DIFFERENT_DOB_AND_DISTRICT
P000905,Amarjit Kang,1968-12-19,P001617,Amarjit Kang,1999-09-16,0,COINCIDENTAL_NAME_COLLISION,SAME_FULL_NAME,,DO_NOT_MERGE_DIFFERENT_DOB_AND_DISTRICT
P000015,Swapnil Bhoir,1976-08-26,P001618,Swapnil Bhoir,1962-01-11,0,COINCIDENTAL_NAME_COLLISION,SAME_FULL_NAME,,DO_NOT_MERGE_DIFFERENT_DOB_AND_DISTRICT
P000023,Hardik Barot,1995-10-20,P001619,Hardik Barot,1972-05-13,0,COINCIDENTAL_NAME_COLLISION,SAME_FULL_NAME,,DO_NOT_MERGE_DIFFERENT_DOB_AND_DISTRICT
P000188,Sujoy Sarkar,1980-09-04,P001620,Sujoy Sarkar,1999-09-14,0,COINCIDENTAL_NAME_COLLISION,SAME_FULL_NAME,,DO_NOT_MERGE_DIFFERENT_DOB_AND_DISTRICT
P000219,Jagdish Tomar,1993-04-26,P001621,Jagdish Tomar,1992-06-09,0,COINCIDENTAL_NAME_COLLISION,SAME_FULL_NAME,,DO_NOT_MERGE_DIFFERENT_DOB_AND_DISTRICT
P000964,Kiran Waghmare,1970-11-14,P001622,Kiran Waghmare,1998-01-10,0,COINCIDENTAL_NAME_COLLISION,SAME_FULL_NAME,,DO_NOT_MERGE_DIFFERENT_DOB_AND_DISTRICT
P000600,Shabana Qureshi,1964-02-22,P001623,Shabana Qureshi,1986-08-13,0,COINCIDENTAL_NAME_COLLISION,SAME_FULL_NAME,,DO_NOT_MERGE_DIFFERENT_DOB_AND_DISTRICT
P000078,Prashant Deshmukh,1961-12-20,P001624,Prashant Deshmukh,1989-08-23,0,COINCIDENTAL_NAME_COLLISION,SAME_FULL_NAME,,DO_NOT_MERGE_DIFFERENT_DOB_AND_DISTRICT
P000814,Balbir Thakur,1962-01-23,P001625,Balbir Thakur,1961-11-08,0,COINCIDENTAL_NAME_COLLISION,SAME_FULL_NAME,,DO_NOT_MERGE_DIFFERENT_DOB_AND_DISTRICT
P000232,Netrapal Singh,2002-09-25,P001626,Netrapal Singh,1973-03-13,0,COINCIDENTAL_NAME_COLLISION,SAME_FULL_NAME,,DO_NOT_MERGE_DIFFERENT_DOB_AND_DISTRICT
P000634,Srinivas Bandari,1981-02-02,P001627,Srinivas Bandari,1992-12-16,0,COINCIDENTAL_NAME_COLLISION,SAME_FULL_NAME,,DO_NOT_MERGE_DIFFERENT_DOB_AND_DISTRICT
P000531,Ashfaq Rahman,1998-06-10,P001628,Ashfaq Rahman,1989-10-24,0,COINCIDENTAL_NAME_COLLISION,SAME_FULL_NAME,,DO_NOT_MERGE_DIFFERENT_DOB_AND_DISTRICT
P000291,Manoj Menon,1998-08-01,P001629,Manoj Menon,1994-04-03,0,COINCIDENTAL_NAME_COLLISION,SAME_FULL_NAME,,DO_NOT_MERGE_DIFFERENT_DOB_AND_DISTRICT
P000099,Shakeel Pathan,1962-05-01,P001630,Shakeel Pathan,1973-10-23,0,COINCIDENTAL_NAME_COLLISION,SAME_FULL_NAME,,DO_NOT_MERGE_DIFFERENT_DOB_AND_DISTRICT
P000835,Bikramjit Sekhon,1972-03-08,P001631,Bikramjit Sekhon,1967-06-08,0,COINCIDENTAL_NAME_COLLISION,SAME_FULL_NAME,,DO_NOT_MERGE_DIFFERENT_DOB_AND_DISTRICT
P000652,Basanta Sahoo,1975-06-09,P001632,Basanta Sahoo,1994-05-15,0,COINCIDENTAL_NAME_COLLISION,SAME_FULL_NAME,,DO_NOT_MERGE_DIFFERENT_DOB_AND_DISTRICT
P000341,Vipin Panicker,1990-03-08,P001633,Vipin Panicker,1962-05-06,0,COINCIDENTAL_NAME_COLLISION,SAME_FULL_NAME,,DO_NOT_MERGE_DIFFERENT_DOB_AND_DISTRICT
P000876,Krishnaiah Goud,1984-06-27,P001634,Krishnaiah Goud,1977-06-20,0,COINCIDENTAL_NAME_COLLISION,SAME_FULL_NAME,,DO_NOT_MERGE_DIFFERENT_DOB_AND_DISTRICT
P000623,Saravanan Pillai,1980-03-19,P001635,Saravanan Pillai,1997-08-21,0,COINCIDENTAL_NAME_COLLISION,SAME_FULL_NAME,,DO_NOT_MERGE_DIFFERENT_DOB_AND_DISTRICT
P000010,Amol Rane,1990-12-26,P001636,Amol Rane,1975-02-07,0,COINCIDENTAL_NAME_COLLISION,SAME_FULL_NAME,,DO_NOT_MERGE_DIFFERENT_DOB_AND_DISTRICT
P000568,Lakhwinder Singh,1977-10-26,P001637,Lakhwinder Singh,1985-04-13,0,COINCIDENTAL_NAME_COLLISION,SAME_FULL_NAME,,DO_NOT_MERGE_DIFFERENT_DOB_AND_DISTRICT
P000927,Mangesh Salunkhe,1982-12-26,P001638,Mangesh Salunkhe,1968-07-02,0,COINCIDENTAL_NAME_COLLISION,SAME_FULL_NAME,,DO_NOT_MERGE_DIFFERENT_DOB_AND_DISTRICT
P000723,Ketan Prajapati,1999-01-22,P001639,Ketan Prajapati,1972-02-25,0,COINCIDENTAL_NAME_COLLISION,SAME_FULL_NAME,,DO_NOT_MERGE_DIFFERENT_DOB_AND_DISTRICT
P000901,Yogesh Rane,1974-06-07,P001640,Yogesh Rane,1986-08-24,0,COINCIDENTAL_NAME_COLLISION,SAME_FULL_NAME,,DO_NOT_MERGE_DIFFERENT_DOB_AND_DISTRICT
P000201,Balbir Singh,1981-11-10,P001641,Balbir Singh,1976-02-16,0,COINCIDENTAL_NAME_COLLISION,SAME_FULL_NAME,,DO_NOT_MERGE_DIFFERENT_DOB_AND_DISTRICT
P000047,Swapnil Pawar,1991-10-27,P001642,Swapnil Pawar,1986-01-15,0,COINCIDENTAL_NAME_COLLISION,SAME_FULL_NAME,,DO_NOT_MERGE_DIFFERENT_DOB_AND_DISTRICT
P000447,Javed Malik,1997-09-11,P001643,Javed Malik,1988-12-10,0,COINCIDENTAL_NAME_COLLISION,SAME_FULL_NAME,,DO_NOT_MERGE_DIFFERENT_DOB_AND_DISTRICT
P000845,Yogendra Saini,1982-09-24,P001644,Yogendra Saini,2001-03-09,0,COINCIDENTAL_NAME_COLLISION,SAME_FULL_NAME,,DO_NOT_MERGE_DIFFERENT_DOB_AND_DISTRICT
P000506,Urmila Prajapati,1980-07-15,P001645,Urmila Prajapati,1998-11-26,0,COINCIDENTAL_NAME_COLLISION,SAME_FULL_NAME,,DO_NOT_MERGE_DIFFERENT_DOB_AND_DISTRICT
P000867,Lekhraj Bhardwaj,1999-08-05,P001646,Lekhraj Bhardwaj,1964-05-23,0,COINCIDENTAL_NAME_COLLISION,SAME_FULL_NAME,,DO_NOT_MERGE_DIFFERENT_DOB_AND_DISTRICT
P000506,Urmila Prajapati,1980-07-15,P001647,Urmila Prajapati,2000-08-04,0,COINCIDENTAL_NAME_COLLISION,SAME_FULL_NAME,,DO_NOT_MERGE_DIFFERENT_DOB_AND_DISTRICT
P000718,Haroon Pathan,1968-09-05,P001648,Haroon Pathan,1964-02-22,0,COINCIDENTAL_NAME_COLLISION,SAME_FULL_NAME,,DO_NOT_MERGE_DIFFERENT_DOB_AND_DISTRICT
P000861,Balbir Yadav,1960-04-18,P001649,Balbir Yadav,1997-06-15,0,COINCIDENTAL_NAME_COLLISION,SAME_FULL_NAME,,DO_NOT_MERGE_DIFFERENT_DOB_AND_DISTRICT
P000132,Jarnail Sidhu,1992-02-10,P001650,Jarnail Sidhu,1987-02-24,0,COINCIDENTAL_NAME_COLLISION,SAME_FULL_NAME,,DO_NOT_MERGE_DIFFERENT_DOB_AND_DISTRICT
P000058,Alpesh Shah,1961-07-09,P001651,Alpesh Shah,1981-05-23,0,COINCIDENTAL_NAME_COLLISION,SAME_FULL_NAME,,DO_NOT_MERGE_DIFFERENT_DOB_AND_DISTRICT
P000341,Vipin Panicker,1990-03-08,P001652,Vipin Panicker,1968-12-25,0,COINCIDENTAL_NAME_COLLISION,SAME_FULL_NAME,,DO_NOT_MERGE_DIFFERENT_DOB_AND_DISTRICT
P000292,Wasim Mansuri,1984-04-05,P001653,Wasim Mansuri,1988-03-19,0,COINCIDENTAL_NAME_COLLISION,SAME_FULL_NAME,,DO_NOT_MERGE_DIFFERENT_DOB_AND_DISTRICT
P000219,Jagdish Tomar,1993-04-26,P001654,Jagdish Tomar,1982-08-20,0,COINCIDENTAL_NAME_COLLISION,SAME_FULL_NAME,,DO_NOT_MERGE_DIFFERENT_DOB_AND_DISTRICT
P000675,Naresh Shukla,1981-05-23,P001655,Naresh Shukla,1981-04-20,0,COINCIDENTAL_NAME_COLLISION,SAME_FULL_NAME,,DO_NOT_MERGE_DIFFERENT_DOB_AND_DISTRICT
P000968,Ganesh Pawar,1991-04-17,P001656,Ganesh Pawar,1997-07-26,0,COINCIDENTAL_NAME_COLLISION,SAME_FULL_NAME,,DO_NOT_MERGE_DIFFERENT_DOB_AND_DISTRICT
P000145,Nirmal Singh,1990-10-14,P001657,Nirmal Singh,2000-04-23,0,COINCIDENTAL_NAME_COLLISION,SAME_FULL_NAME,,DO_NOT_MERGE_DIFFERENT_DOB_AND_DISTRICT
P000290,Alpesh Shah,1981-10-21,P001658,Alpesh Shah,1977-07-02,0,COINCIDENTAL_NAME_COLLISION,SAME_FULL_NAME,,DO_NOT_MERGE_DIFFERENT_DOB_AND_DISTRICT
P000337,Kalpesh Vaghela,1978-01-21,P001659,Kalpesh Vaghela,1992-12-10,0,COINCIDENTAL_NAME_COLLISION,SAME_FULL_NAME,,DO_NOT_MERGE_DIFFERENT_DOB_AND_DISTRICT
P000917,Gurpreet Mann,1988-03-06,P001660,Gurpreet Mann,1975-06-09,0,COINCIDENTAL_NAME_COLLISION,SAME_FULL_NAME,,DO_NOT_MERGE_DIFFERENT_DOB_AND_DISTRICT
P000683,Sanjib Mistry,1969-08-12,P001661,Sanjib Mistry,1977-03-23,0,COINCIDENTAL_NAME_COLLISION,SAME_FULL_NAME,,DO_NOT_MERGE_DIFFERENT_DOB_AND_DISTRICT
P000222,Prakash Srivastava,1990-02-21,P001662,Prakash Srivastava,1972-04-12,0,COINCIDENTAL_NAME_COLLISION,SAME_FULL_NAME,,DO_NOT_MERGE_DIFFERENT_DOB_AND_DISTRICT
P000755,Nilesh Bhoir,1987-09-04,P001663,Nilesh Bhoir,1987-12-15,0,COINCIDENTAL_NAME_COLLISION,SAME_FULL_NAME,,DO_NOT_MERGE_DIFFERENT_DOB_AND_DISTRICT
P000214,Subhas Dutta,1983-11-23,P001664,Subhas Dutta,1962-01-23,0,COINCIDENTAL_NAME_COLLISION,SAME_FULL_NAME,,DO_NOT_MERGE_DIFFERENT_DOB_AND_DISTRICT
P000809,Sandeep Maurya,2000-03-09,P001665,Sandeep Maurya,1988-04-01,0,COINCIDENTAL_NAME_COLLISION,SAME_FULL_NAME,,DO_NOT_MERGE_DIFFERENT_DOB_AND_DISTRICT
P000655,Karthik Thevar,1970-01-07,P001666,Karthik Thevar,1998-03-04,0,COINCIDENTAL_NAME_COLLISION,SAME_FULL_NAME,,DO_NOT_MERGE_DIFFERENT_DOB_AND_DISTRICT
P000233,Naseer Saifi,1971-09-22,P001667,Naseer Saifi,1985-03-20,0,COINCIDENTAL_NAME_COLLISION,SAME_FULL_NAME,,DO_NOT_MERGE_DIFFERENT_DOB_AND_DISTRICT
P000223,Har Prasad Yadav,1970-10-02,P001668,Har Prasad Yadav,1961-08-24,0,COINCIDENTAL_NAME_COLLISION,SAME_FULL_NAME,,DO_NOT_MERGE_DIFFERENT_DOB_AND_DISTRICT
P000599,Satish Awasthi,1972-05-13,P001669,Satish Awasthi,1986-06-11,0,COINCIDENTAL_NAME_COLLISION,SAME_FULL_NAME,,DO_NOT_MERGE_DIFFERENT_DOB_AND_DISTRICT
P000333,Ketan Dave,1963-03-02,P001670,Ketan Dave,1994-09-14,0,COINCIDENTAL_NAME_COLLISION,SAME_FULL_NAME,,DO_NOT_MERGE_DIFFERENT_DOB_AND_DISTRICT
P000899,Pradeep Pandey,1963-12-26,P001671,Pradeep Pandey,1978-08-01,0,COINCIDENTAL_NAME_COLLISION,SAME_FULL_NAME,,DO_NOT_MERGE_DIFFERENT_DOB_AND_DISTRICT
P000122,Karni Bishnoi,1972-02-13,P001672,Karni Bishnoi,1985-06-11,0,COINCIDENTAL_NAME_COLLISION,SAME_FULL_NAME,,DO_NOT_MERGE_DIFFERENT_DOB_AND_DISTRICT
P000840,Sukhwinder Kang,1999-07-05,P001673,Sukhwinder Kang,1964-02-13,0,COINCIDENTAL_NAME_COLLISION,SAME_FULL_NAME,,DO_NOT_MERGE_DIFFERENT_DOB_AND_DISTRICT
P000399,Netrapal Bhardwaj,1988-03-09,P001674,Netrapal Bhardwaj,2001-03-22,0,COINCIDENTAL_NAME_COLLISION,SAME_FULL_NAME,,DO_NOT_MERGE_DIFFERENT_DOB_AND_DISTRICT
P000942,Rambabu Yadav,1990-01-24,P001675,Rambabu Yadav,1995-06-12,0,COINCIDENTAL_NAME_COLLISION,SAME_FULL_NAME,,DO_NOT_MERGE_DIFFERENT_DOB_AND_DISTRICT
P000168,Sukhdev Bhullar,1995-06-12,P001676,Sukhdev Bhullar,2003-09-05,0,COINCIDENTAL_NAME_COLLISION,SAME_FULL_NAME,,DO_NOT_MERGE_DIFFERENT_DOB_AND_DISTRICT
P000421,Yusuf Hussain,1998-05-02,P001677,Yusuf Hussain,2000-03-09,0,COINCIDENTAL_NAME_COLLISION,SAME_FULL_NAME,,DO_NOT_MERGE_DIFFERENT_DOB_AND_DISTRICT
P000818,Gopal Saini,1971-05-23,P001678,Gopal Saini,1973-11-26,0,COINCIDENTAL_NAME_COLLISION,SAME_FULL_NAME,,DO_NOT_MERGE_DIFFERENT_DOB_AND_DISTRICT
P000987,Karni Gurjar,1992-02-03,P001679,Karni Gurjar,1989-03-16,0,COINCIDENTAL_NAME_COLLISION,SAME_FULL_NAME,,DO_NOT_MERGE_DIFFERENT_DOB_AND_DISTRICT
P000112,Rafiq Ansari,1977-04-25,P001680,Rafiq Ansari,1971-11-03,0,COINCIDENTAL_NAME_COLLISION,SAME_FULL_NAME,,DO_NOT_MERGE_DIFFERENT_DOB_AND_DISTRICT
P000288,Gautam Ghosh,1972-05-06,P001681,Gautam Ghosh,1999-08-20,0,COINCIDENTAL_NAME_COLLISION,SAME_FULL_NAME,,DO_NOT_MERGE_DIFFERENT_DOB_AND_DISTRICT
P000190,Iqbal Khan,1997-07-21,P001682,Iqbal Khan,2003-06-11,0,COINCIDENTAL_NAME_COLLISION,SAME_FULL_NAME,,DO_NOT_MERGE_DIFFERENT_DOB_AND_DISTRICT
P000763,Randhir Tiwari,1989-05-07,P001683,Randhir Tiwari,1981-06-25,0,COINCIDENTAL_NAME_COLLISION,SAME_FULL_NAME,,DO_NOT_MERGE_DIFFERENT_DOB_AND_DISTRICT
P000569,Rizwan Qureshi,1976-11-20,P001684,Rizwan Qureshi,1969-09-11,0,COINCIDENTAL_NAME_COLLISION,SAME_FULL_NAME,,DO_NOT_MERGE_DIFFERENT_DOB_AND_DISTRICT
P000531,Ashfaq Rahman,1998-06-10,P001685,Ashfaq Rahman,1985-05-15,0,COINCIDENTAL_NAME_COLLISION,SAME_FULL_NAME,,DO_NOT_MERGE_DIFFERENT_DOB_AND_DISTRICT
P000666,Hariom Bhardwaj,1965-10-23,P001686,Hariom Bhardwaj,1995-08-20,0,COINCIDENTAL_NAME_COLLISION,SAME_FULL_NAME,,DO_NOT_MERGE_DIFFERENT_DOB_AND_DISTRICT
P000875,Yumnam Rabha,1970-08-14,P001687,Yumnam Rabha,1995-03-20,0,COINCIDENTAL_NAME_COLLISION,SAME_FULL_NAME,,DO_NOT_MERGE_DIFFERENT_DOB_AND_DISTRICT
P000461,Palash Sarkar,1961-08-24,P001688,Palash Sarkar,1970-09-11,0,COINCIDENTAL_NAME_COLLISION,SAME_FULL_NAME,,DO_NOT_MERGE_DIFFERENT_DOB_AND_DISTRICT
P000338,Bharat Rabari,2000-01-27,P001689,Bharat Rabari,1999-08-20,0,COINCIDENTAL_NAME_COLLISION,SAME_FULL_NAME,,DO_NOT_MERGE_DIFFERENT_DOB_AND_DISTRICT
P000199,Imran Hussain,1984-07-11,P001690,Imran Hussain,1995-09-04,0,COINCIDENTAL_NAME_COLLISION,SAME_FULL_NAME,,DO_NOT_MERGE_DIFFERENT_DOB_AND_DISTRICT
P000752,Mitesh Shah,1995-06-16,P001691,Mitesh Shah,1970-09-11,0,COINCIDENTAL_NAME_COLLISION,SAME_FULL_NAME,,DO_NOT_MERGE_DIFFERENT_DOB_AND_DISTRICT
P000207,Mahesh Sharma,1978-04-14,P001692,Mahesh Sharma,1997-08-12,0,COINCIDENTAL_NAME_COLLISION,SAME_FULL_NAME,,DO_NOT_MERGE_DIFFERENT_DOB_AND_DISTRICT
P000362,Suresh Jaiswal,1965-12-23,P001693,Suresh Jaiswal,1969-04-19,0,COINCIDENTAL_NAME_COLLISION,SAME_FULL_NAME,,DO_NOT_MERGE_DIFFERENT_DOB_AND_DISTRICT
P000461,Palash Sarkar,1961-08-24,P001694,Palash Sarkar,1967-02-20,0,COINCIDENTAL_NAME_COLLISION,SAME_FULL_NAME,,DO_NOT_MERGE_DIFFERENT_DOB_AND_DISTRICT
P000676,Kartik Sardar,1960-03-14,P001695,Kartik Sardar,1962-01-11,0,COINCIDENTAL_NAME_COLLISION,SAME_FULL_NAME,,DO_NOT_MERGE_DIFFERENT_DOB_AND_DISTRICT
P000544,Iqbal Malik,1991-04-25,P001696,Iqbal Malik,1960-10-20,0,COINCIDENTAL_NAME_COLLISION,SAME_FULL_NAME,,DO_NOT_MERGE_DIFFERENT_DOB_AND_DISTRICT
