latent_id,person_a,person_a_name,person_b,person_b_name,syndicate_a,syndicate_b,mechanism,evidence_id,note,detect_with
LAT000001,P000537,Harbhajan Bhullar,P000423,Sikha Halder,SYN-VEH,SYN-TRF,SHARED_HANDSET_IMEI,863544869354255,Two SIMs subscribed in different names were used in the same handset; no direct edge exists in the intel graph.,Join CDR.imei -> phone -> subscriber; look for IMEIs with >1 distinct subscriber
LAT000002,P000711,Vijay Singh,P000474,Prakash Singh,SYN-PON,SYN-ARM,SHARED_HANDSET_IMEI,865431193454483,Two SIMs subscribed in different names were used in the same handset; no direct edge exists in the intel graph.,Join CDR.imei -> phone -> subscriber; look for IMEIs with >1 distinct subscriber
LAT000003,P000823,Harpreet Brar,P000703,Mahesh Saini,SYN-SHK,SYN-PON,SHARED_HANDSET_IMEI,354145046580311,Two SIMs subscribed in different names were used in the same handset; no direct edge exists in the intel graph.,Join CDR.imei -> phone -> subscriber; look for IMEIs with >1 distinct subscriber
LAT000004,P000838,Chandrabhan Bhadauria,P000542,Paramjit Sarao,SYN-SHK,SYN-VEH,SHARED_HANDSET_IMEI,011220430422475,Two SIMs subscribed in different names were used in the same handset; no direct edge exists in the intel graph.,Join CDR.imei -> phone -> subscriber; look for IMEIs with >1 distinct subscriber
LAT000005,P000411,Kumaraswamy Kulkarni,P000869,Selvam Subramanian,SYN-MIN,SYN-WLD,SHARED_HANDSET_IMEI,018877636240717,Two SIMs subscribed in different names were used in the same handset; no direct edge exists in the intel graph.,Join CDR.imei -> phone -> subscriber; look for IMEIs with >1 distinct subscriber
LAT000006,P000632,Sekar Subramanian,P000867,Lekhraj Bhardwaj,SYN-GAN,SYN-WLD,SHARED_HANDSET_IMEI,350780891961013,Two SIMs subscribed in different names were used in the same handset; no direct edge exists in the intel graph.,Join CDR.imei -> phone -> subscriber; look for IMEIs with >1 distinct subscriber
LAT000007,P000250,Palash Ghosh,P000583,Arindam Biswas,SYN-CYB,SYN-FIC,SHARED_HANDSET_IMEI,016100945702440,Two SIMs subscribed in different names were used in the same handset; no direct edge exists in the intel graph.,Join CDR.imei -> phone -> subscriber; look for IMEIs with >1 distinct subscriber
LAT000008,P000249,Firoz Sheikh,P000788,Rafiq Malik,SYN-CYB,SYN-KDN,SHARED_HANDSET_IMEI,351369051425397,Two SIMs subscribed in different names were used in the same handset; no direct edge exists in the intel graph.,Join CDR.imei -> phone -> subscriber; look for IMEIs with >1 distinct subscriber
LAT000009,P000746,Swapnil Kadam,P000557,Haroon Pathan,SYN-BET,SYN-VEH,SHARED_HANDSET_IMEI,357113939419627,Two SIMs subscribed in different names were used in the same handset; no direct edge exists in the intel graph.,Join CDR.imei -> phone -> subscriber; look for IMEIs with >1 distinct subscriber
LAT000010,P000379,Saravanan Naicker,P000161,Mohan Sisodia,SYN-MIN,SYN-HER,SHARED_HANDSET_IMEI,012708555120614,Two SIMs subscribed in different names were used in the same handset; no direct edge exists in the intel graph.,Join CDR.imei -> phone -> subscriber; look for IMEIs with >1 distinct subscriber
LAT000011,P000126,Haroon Baig,P000268,Deepak Sengar,SYN-HER,SYN-CYB,SHARED_HANDSET_IMEI,356488253224226,Two SIMs subscribed in different names were used in the same handset; no direct edge exists in the intel graph.,Join CDR.imei -> phone -> subscriber; look for IMEIs with >1 distinct subscriber
LAT000012,P000346,Rajeevan Marar,P000868,Satish Maurya,SYN-HAW,SYN-WLD,SHARED_HANDSET_IMEI,491514254787235,Two SIMs subscribed in different names were used in the same handset; no direct edge exists in the intel graph.,Join CDR.imei -> phone -> subscriber; look for IMEIs with >1 distinct subscriber
LAT000013,P000546,Om Prakash Rathore,P000318,Sarfaraz Shaikh,SYN-VEH,SYN-HAW,SHARED_HANDSET_IMEI,354979641749069,Two SIMs subscribed in different names were used in the same handset; no direct edge exists in the intel graph.,Join CDR.imei -> phone -> subscriber; look for IMEIs with >1 distinct subscriber
LAT000014,P000575,Vinod Nagar,P000263,Palash Sen,SYN-FIC,SYN-CYB,SHARED_HANDSET_IMEI,867188374854119,Two SIMs subscribed in different names were used in the same handset; no direct edge exists in the intel graph.,Join CDR.imei -> phone -> subscriber; look for IMEIs with >1 distinct subscriber
LAT000015,P000486,Tanveer Khan,P000303,Balbir Yadav,SYN-ARM,SYN-HAW,SHARED_HANDSET_IMEI,495364987635744,Two SIMs subscribed in different names were used in the same handset; no direct edge exists in the intel graph.,Join CDR.imei -> phone -> subscriber; look for IMEIs with >1 distinct subscriber
LAT000016,P000205,Anup Adhikari,P000636,Lakshmi Sharma,SYN-CYB,SYN-GAN,SHARED_HANDSET_IMEI,867232495134058,Two SIMs subscribed in different names were used in the same handset; no direct edge exists in the intel graph.,Join CDR.imei -> phone -> subscriber; look for IMEIs with >1 distinct subscriber
LAT000017,P000043,Bharat Dave,P000200,Kavita Dubey,SYN-EXT,SYN-CYB,SHARED_HANDSET_IMEI,017390776065982,Two SIMs subscribed in different names were used in the same handset; no direct edge exists in the intel graph.,Join CDR.imei -> phone -> subscriber; look for IMEIs with >1 distinct subscriber
LAT000018,P000512,Firoz Saifi,P000751,Devendra Maurya,SYN-ARM,SYN-BET,SHARED_HANDSET_IMEI,017350294175286,Two SIMs subscribed in different names were used in the same handset; no direct edge exists in the intel graph.,Join CDR.imei -> phone -> subscriber; look for IMEIs with >1 distinct subscriber
LAT000019,P000378,Malathi Raja,P000123,Bhoma Poonia,SYN-MIN,SYN-HER,SHARED_HANDSET_IMEI,352777313946965,Two SIMs subscribed in different names were used in the same handset; no direct edge exists in the intel graph.,Join CDR.imei -> phone -> subscriber; look for IMEIs with >1 distinct subscriber
LAT000020,P000847,Yumnam Marak,P000539,Sandeep Awasthi,SYN-WLD,SYN-VEH,SHARED_HANDSET_IMEI,869887212532978,Two SIMs subscribed in different names were used in the same handset; no direct edge exists in the intel graph.,Join CDR.imei -> phone -> subscriber; look for IMEIs with >1 distinct subscriber
LAT000021,P000740,Faizan Baig,P000115,Nirmal Singh,SYN-BET,SYN-HER,SHARED_HANDSET_IMEI,352231424299785,Two SIMs subscribed in different names were used in the same handset; no direct edge exists in the intel graph.,Join CDR.imei -> phone -> subscriber; look for IMEIs with >1 distinct subscriber
LAT000022,P000082,Swapnil Jadhav,P000152,Bhoma Poonia,SYN-EXT,SYN-HER,SHARED_HANDSET_IMEI,016979752410030,Two SIMs subscribed in different names were used in the same handset; no direct edge exists in the intel graph.,Join CDR.imei -> phone -> subscriber; look for IMEIs with >1 distinct subscriber
LAT000023,P000565,Devendra Tiwari,P000497,Prakash Thakur,SYN-VEH,SYN-ARM,SHARED_HANDSET_IMEI,013571715410786,Two SIMs subscribed in different names were used in the same handset; no direct edge exists in the intel graph.,Join CDR.imei -> phone -> subscriber; look for IMEIs with >1 distinct subscriber
LAT000024,P000376,Hanumanthappa Acharya,P000755,Nilesh Bhoir,SYN-MIN,SYN-BET,SHARED_HANDSET_IMEI,863731894840454,Two SIMs subscribed in different names were used in the same handset; no direct edge exists in the intel graph.,Join CDR.imei -> phone -> subscriber; look for IMEIs with >1 distinct subscriber
LAT000025,P000081,Sandip Salunkhe,P000242,Pradeep Maurya,SYN-EXT,SYN-CYB,SHARED_HANDSET_IMEI,355290886086541,Two SIMs subscribed in different names were used in the same handset; no direct edge exists in the intel graph.,Join CDR.imei -> phone -> subscriber; look for IMEIs with >1 distinct subscriber
LAT000026,P000737,Sachin Patil,P000783,Firoz Siddiqui,SYN-BET,SYN-KDN,SHARED_HANDSET_IMEI,018863550274378,Two SIMs subscribed in different names were used in the same handset; no direct edge exists in the intel graph.,Join CDR.imei -> phone -> subscriber; look for IMEIs with >1 distinct subscriber
LAT000027,P000303,Balbir Yadav,P000449,Sanjib Bhattacharya,SYN-HAW,SYN-TRF,SHARED_HANDSET_IMEI,862750639573052,Two SIMs subscribed in different names were used in the same handset; no direct edge exists in the intel graph.,Join CDR.imei -> phone -> subscriber; look for IMEIs with >1 distinct subscriber
LAT000028,P000855,Alemba Momin,P000725,Altaf Khan,SYN-WLD,SYN-BET,SHARED_HANDSET_IMEI,862287112084358,Two SIMs subscribed in different names were used in the same handset; no direct edge exists in the intel graph.,Join CDR.imei -> phone -> subscriber; look for IMEIs with >1 distinct subscriber
LAT000029,P000458,Zubair Ahmed,P000781,Prakash Maurya,SYN-TRF,SYN-KDN,SHARED_HANDSET_IMEI,013589347234274,Two SIMs subscribed in different names were used in the same handset; no direct edge exists in the intel graph.,Join CDR.imei -> phone -> subscriber; look for IMEIs with >1 distinct subscriber
LAT000030,P000191,Firoz Sheikh,P000834,Jasbir Brar,SYN-CYB,SYN-SHK,SHARED_HANDSET_IMEI,017877700839131,Two SIMs subscribed in different names were used in the same handset; no direct edge exists in the intel graph.,Join CDR.imei -> phone -> subscriber; look for IMEIs with >1 distinct subscriber
LAT000031,P000829,Devendra Srivastava,P000022,Nasreen Sheikh,SYN-SHK,SYN-EXT,SHARED_HANDSET_IMEI,019898505850139,Two SIMs subscribed in different names were used in the same handset; no direct edge exists in the intel graph.,Join CDR.imei -> phone -> subscriber; look for IMEIs with >1 distinct subscriber
LAT000032,P000485,Pramod Kushwaha,P000661,Rajendran Thevar,SYN-ARM,SYN-GAN,SHARED_HANDSET_IMEI,013452668178168,Two SIMs subscribed in different names were used in the same handset; no direct edge exists in the intel graph.,Join CDR.imei -> phone -> subscriber; look for IMEIs with >1 distinct subscriber
LAT000033,P000612,Sudhakar Prasad,P000600,Shabana Qureshi,SYN-GAN,SYN-FIC,SHARED_HANDSET_IMEI,359669698308459,Two SIMs subscribed in different names were used in the same handset; no direct edge exists in the intel graph.,Join CDR.imei -> phone -> subscriber; look for IMEIs with >1 distinct subscriber
LAT000034,P000202,Sujoy Das,P000098,Haroon Rahman,SYN-CYB,SYN-HER,SHARED_HANDSET_IMEI,355285173689276,Two SIMs subscribed in different names were used in the same handset; no direct edge exists in the intel graph.,Join CDR.imei -> phone -> subscriber; look for IMEIs with >1 distinct subscriber
LAT000035,P000458,Zubair Ahmed,P000652,Basanta Sahoo,SYN-TRF,SYN-GAN,SHARED_HANDSET_IMEI,862668286359213,Two SIMs subscribed in different names were used in the same handset; no direct edge exists in the intel graph.,Join CDR.imei -> phone -> subscriber; look for IMEIs with >1 distinct subscriber
LAT000036,P000758,Ibrahim Shaikh,P000370,Yallappa Angadi,SYN-BET,SYN-MIN,SHARED_VEHICLE,MP04 PG 1561,Vehicle MP04 PG 1561 appears at incidents in Telangana and Uttar Pradesh.,Two-hop path person->incident->vehicle->incident->person
LAT000037,P000800,Haroon Mansuri,P000440,Swapan Gayen,SYN-KDN,SYN-TRF,SHARED_VEHICLE,DL07 DT 9658,Vehicle DL07 DT 9658 appears at incidents in Jharkhand and Haryana.,Two-hop path person->incident->vehicle->incident->person
LAT000038,P000851,Ilango Subramanian,P000405,Om Prakash Chauhan,SYN-WLD,SYN-MIN,SHARED_VEHICLE,DL10 VS 0588,Vehicle DL10 VS 0588 appears at incidents in Assam and Uttar Pradesh.,Two-hop path person->incident->vehicle->incident->person
LAT000039,P000409,Sanjay Nagar,P000080,Kalpesh Zala,SYN-MIN,SYN-EXT,SHARED_VEHICLE,HR26 VF 0854,Vehicle HR26 VF 0854 appears at incidents in Karnataka and Gujarat.,Two-hop path person->incident->vehicle->incident->person
LAT000040,P000169,Rukhsana Ahmed,P000475,Tanveer Pathan,SYN-HER,SYN-ARM,SHARED_VEHICLE,TN67 UE 3304,Vehicle TN67 UE 3304 appears at incidents in Delhi and Uttar Pradesh.,Two-hop path person->incident->vehicle->incident->person
LAT000041,P000747,Jitendra Bhardwaj,P000119,Faizan Alam,SYN-BET,SYN-HER,SHARED_VEHICLE,MP30 UW 1527,Vehicle MP30 UW 1527 appears at incidents in Maharashtra and Jammu and Kashmir.,Two-hop path person->incident->vehicle->incident->person
LAT000042,P000448,Gautam Majumdar,P000467,Firoz Rahman,SYN-TRF,SYN-TRF,SHARED_VEHICLE,BR09 TW 3121,Vehicle BR09 TW 3121 appears at incidents in Assam and Delhi.,Two-hop path person->incident->vehicle->incident->person
LAT000043,P000676,Kartik Sardar,P000607,Udaiveer Prajapati,SYN-PON,SYN-FIC,SHARED_VEHICLE,WB06 ED 2220,Vehicle WB06 ED 2220 appears at incidents in Odisha and Bihar.,Two-hop path person->incident->vehicle->incident->person
LAT000044,P000461,Palash Sarkar,P000921,Reshma Rahman,SYN-TRF,UNAFFILIATED,SHARED_VEHICLE,KA19 PY 2427,Vehicle KA19 PY 2427 appears at incidents in Delhi and Assam.,Two-hop path person->incident->vehicle->incident->person
LAT000045,P000908,Harpreet Sidhu,P000948,Xavier Almeida,UNAFFILIATED,UNAFFILIATED,SHARED_VEHICLE,DL13 RS 3059,Vehicle DL13 RS 3059 appears at incidents in Andhra Pradesh and Kerala.,Two-hop path person->incident->vehicle->incident->person
LAT000046,P000578,Nepal Gayen,P000605,Pradip Chakraborty,SYN-FIC,SYN-FIC,SHARED_VEHICLE,DL08 GP 0063,Vehicle DL08 GP 0063 appears at incidents in Delhi and Uttar Pradesh.,Two-hop path person->incident->vehicle->incident->person
LAT000047,P000887,Anoop Kartha,P000852,Mallesh Kumar,UNAFFILIATED,SYN-WLD,SHARED_VEHICLE,MH04 UY 4436,Vehicle MH04 UY 4436 appears at incidents in Assam and Madhya Pradesh.,Two-hop path person->incident->vehicle->incident->person
LAT000048,P000852,Mallesh Kumar,P000805,Ranveer Beniwal,SYN-WLD,SYN-SHK,SHARED_VEHICLE,KA41 AR 8025,Vehicle KA41 AR 8025 appears at incidents in Manipur and Delhi.,Two-hop path person->incident->vehicle->incident->person
LAT000049,P000736,Sunil Yadav,P000219,Jagdish Tomar,SYN-BET,SYN-CYB,SHARED_VEHICLE,KA41 NQ 4775,Vehicle KA41 NQ 4775 appears at incidents in Maharashtra and Haryana.,Two-hop path person->incident->vehicle->incident->person
LAT000050,P000902,Manjunath Desai,P000789,Wasim Qureshi,UNAFFILIATED,SYN-KDN,SHARED_VEHICLE,DL04 CF 7344,Vehicle DL04 CF 7344 appears at incidents in Uttar Pradesh and West Bengal.,Two-hop path person->incident->vehicle->incident->person
LAT000051,P000946,Rajni Awasthi,P000788,Rafiq Malik,UNAFFILIATED,SYN-KDN,SHARED_VEHICLE,WB57 MC 7726,Vehicle WB57 MC 7726 appears at incidents in Gujarat and Uttar Pradesh.,Two-hop path person->incident->vehicle->incident->person
LAT000052,P000707,Akshaya Sahoo,P000296,Salim Baig,SYN-PON,SYN-HAW,SHARED_VEHICLE,AS15 EL 9511,Vehicle AS15 EL 9511 appears at incidents in Odisha and Delhi.,Two-hop path person->incident->vehicle->incident->person
LAT000053,P000868,Satish Maurya,P000406,Triloki Dubey,SYN-WLD,SYN-MIN,SHARED_VEHICLE,MP04 PG 1561,Vehicle MP04 PG 1561 appears at incidents in Andhra Pradesh and Madhya Pradesh.,Two-hop path person->incident->vehicle->incident->person
LAT000054,P000924,Aarti Waghmare,P000820,Kulwant Toor,UNAFFILIATED,SYN-SHK,SHARED_VEHICLE,BR09 AW 1628,Vehicle BR09 AW 1628 appears at incidents in Rajasthan and Delhi.,Two-hop path person->incident->vehicle->incident->person
LAT000055,P000747,Jitendra Bhardwaj,P000008,Tanveer Idrisi,SYN-BET,SYN-EXT,SHARED_VEHICLE,RJ14 XZ 7142,Vehicle RJ14 XZ 7142 appears at incidents in Maharashtra and Gujarat.,Two-hop path person->incident->vehicle->incident->person
LAT000056,P000449,Sanjib Bhattacharya,P000953,Bibhuti Behera,SYN-TRF,UNAFFILIATED,SHARED_VEHICLE,DL04 QV 6384,Vehicle DL04 QV 6384 appears at incidents in Bihar and West Bengal.,Two-hop path person->incident->vehicle->incident->person
LAT000057,P000873,Bikram Basumatary,P000262,Ibrahim Ansari,SYN-WLD,SYN-CYB,SHARED_VEHICLE,GJ18 PH 0830,Vehicle GJ18 PH 0830 appears at incidents in Tamil Nadu and West Bengal.,Two-hop path person->incident->vehicle->incident->person
LAT000058,P000569,Rizwan Qureshi,P000752,Mitesh Shah,SYN-VEH,SYN-BET,SHARED_VEHICLE,WB57 QA 4708,Vehicle WB57 QA 4708 appears at incidents in Punjab and Delhi.,Two-hop path person->incident->vehicle->incident->person
LAT000059,P000554,Davinder Bhullar,P000885,Nepal Halder,SYN-VEH,UNAFFILIATED,SHARED_VEHICLE,HR26 WT 0692,Vehicle HR26 WT 0692 appears at incidents in Rajasthan and Assam.,Two-hop path person->incident->vehicle->incident->person
LAT000060,P000743,Har Prasad Sharma,P000874,Ramulu Nallamothu,SYN-BET,SYN-WLD,SHARED_VEHICLE,AS10 HB 9626,Vehicle AS10 HB 9626 appears at incidents in Delhi and Manipur.,Two-hop path person->incident->vehicle->incident->person
LAT000061,P001000,Bhagya Angadi,P000060,Rasik Vaghela,UNAFFILIATED,SYN-EXT,SHARED_VEHICLE,WB02 XX 0566,Vehicle WB02 XX 0566 appears at incidents in Bihar and Maharashtra.,Two-hop path person->incident->vehicle->incident->person
LAT000062,P000031,Vipul Desai,P000084,Rafiq Farooqui,SYN-EXT,SYN-EXT,SHARED_VEHICLE,TS09 PP 4949,Vehicle TS09 PP 4949 appears at incidents in Karnataka and Delhi.,Two-hop path person->incident->vehicle->incident->person
LAT000063,P000965,Nabam Konyak,P000679,Bandana Sardar,UNAFFILIATED,SYN-PON,SHARED_VEHICLE,HR38 FT 5019,Vehicle HR38 FT 5019 appears at incidents in Chhattisgarh and Jharkhand.,Two-hop path person->incident->vehicle->incident->person
LAT000064,P000066,Ashfaq Mansuri,P000690,Bimal Majumdar,SYN-EXT,SYN-PON,SHARED_VEHICLE,WB57 WM 4043,Vehicle WB57 WM 4043 appears at incidents in Maharashtra and Odisha.,Two-hop path person->incident->vehicle->incident->person
LAT000065,P000680,Prakash Dubey,P000595,Faizan Pathan,SYN-PON,SYN-FIC,CO_LOCATION,LOC000125,"Both placed at Jwalapur, Haridwar on 2025-06-24 within minutes of each other.",Spatio-temporal join on tower dumps / hotel registers
LAT000066,P000760,Ashfaq Shaikh,P000820,Kulwant Toor,SYN-BET,SYN-SHK,CO_LOCATION,LOC000078,"Both placed at Rau, Indore on 2019-11-22 within minutes of each other.",Spatio-temporal join on tower dumps / hotel registers
LAT000067,P000851,Ilango Subramanian,P000303,Balbir Yadav,SYN-WLD,SYN-HAW,CO_LOCATION,LOC000100,"Both placed at Yeshwanthpur, Bengaluru on 2023-02-22 within minutes of each other.",Spatio-temporal join on tower dumps / hotel registers
LAT000068,P000135,Karni Meena,P000452,Mushtaq Baig,SYN-HER,SYN-TRF,CO_LOCATION,LOC000095,"Both placed at Melur, Madurai on 2019-03-03 within minutes of each other.",Spatio-temporal join on tower dumps / hotel registers
LAT000069,P000496,Har Prasad Rajput,P000212,Mousumi Sen,SYN-ARM,SYN-CYB,CO_LOCATION,LOC000025,"Both placed at Lisari Gate, Meerut on 2020-09-12 within minutes of each other.",Spatio-temporal join on tower dumps / hotel registers
LAT000070,P000397,Selvam Gounder,P000525,Naseer Ahmed,SYN-MIN,SYN-VEH,CO_LOCATION,LOC000125,"Both placed at Jwalapur, Haridwar on 2019-09-21 within minutes of each other.",Spatio-temporal join on tower dumps / hotel registers
LAT000071,P000387,Selvam Naicker,P000623,Saravanan Pillai,SYN-MIN,SYN-GAN,CO_LOCATION,LOC000091,"Both placed at Nandyal, Kurnool on 2019-07-18 within minutes of each other.",Spatio-temporal join on tower dumps / hotel registers
LAT000072,P000657,Bhagaban Mohanty,P000397,Selvam Gounder,SYN-GAN,SYN-MIN,CO_LOCATION,LOC000045,"Both placed at Hatia, Ranchi on 2024-07-11 within minutes of each other.",Spatio-temporal join on tower dumps / hotel registers
LAT000073,P000364,Jitendra Prajapati,P000854,Bikram Devi,SYN-MIN,SYN-WLD,CO_LOCATION,LOC000105,"Both placed at Tirur, Malappuram on 2020-07-10 within minutes of each other.",Spatio-temporal join on tower dumps / hotel registers
LAT000074,P000399,Netrapal Bhardwaj,P000721,Munna Kushwaha,SYN-MIN,SYN-BET,CO_LOCATION,LOC000069,"Both placed at Ramgarh, Alwar on 2019-09-16 within minutes of each other.",Spatio-temporal join on tower dumps / hotel registers
LAT000075,P000795,Zubair Chaudhary,P000834,Jasbir Brar,SYN-KDN,SYN-SHK,CO_LOCATION,LOC000101,"Both placed at Ullal, Mangaluru on 2020-06-09 within minutes of each other.",Spatio-temporal join on tower dumps / hotel registers
LAT000076,P000825,Jitendra Rajput,P000083,Mitesh Joshi,SYN-SHK,SYN-EXT,CO_LOCATION,LOC000053,"Both placed at Karimpur, Nadia on 2018-04-08 within minutes of each other.",Spatio-temporal join on tower dumps / hotel registers
LAT000077,P000600,Shabana Qureshi,P000855,Alemba Momin,SYN-FIC,SYN-WLD,CO_LOCATION,LOC000057,"Both placed at Mamdot, Ferozepur on 2020-09-12 within minutes of each other.",Spatio-temporal join on tower dumps / hotel registers
LAT000078,P000712,Basanta Panda,P000779,Shakeel Ansari,SYN-PON,SYN-KDN,CO_LOCATION,LOC000089,"Both placed at Gunadala, Vijayawada on 2019-10-20 within minutes of each other.",Spatio-temporal join on tower dumps / hotel registers
LAT000079,P000257,Sarfaraz Zaidi,P000856,Bala Gounder,SYN-CYB,SYN-WLD,CO_LOCATION,LOC000108,"Both placed at Thalassery, Kannur on 2026-03-11 within minutes of each other.",Spatio-temporal join on tower dumps / hotel registers
LAT000080,P000749,Shyamlal Bhardwaj,P000532,Shakeel Rahman,SYN-BET,SYN-VEH,CO_LOCATION,LOC000079,"Both placed at Sanawad, Khargone on 2018-10-26 within minutes of each other.",Spatio-temporal join on tower dumps / hotel registers
LAT000081,P000248,Afsana Ansari,P000813,Mukesh Baghel,SYN-CYB,SYN-SHK,CO_LOCATION,LOC000102,"Both placed at Afzalpur, Kalaburagi on 2023-01-13 within minutes of each other.",Spatio-temporal join on tower dumps / hotel registers
LAT000082,P000574,Ashim Mondal,P000853,Rajesh Jaiswal,SYN-FIC,SYN-WLD,CO_LOCATION,LOC000045,"Both placed at Hatia, Ranchi on 2020-04-26 within minutes of each other.",Spatio-temporal join on tower dumps / hotel registers
LAT000083,P000385,Ilango Palanivel,P000428,Sajid Farooqui,SYN-MIN,SYN-TRF,CO_LOCATION,LOC000094,"Both placed at Kodungaiyur, Chennai on 2025-10-22 within minutes of each other.",Spatio-temporal join on tower dumps / hotel registers
LAT000084,P000739,Har Prasad Gupta,P000471,Swapan Dutta,SYN-BET,SYN-TRF,CO_LOCATION,LOC000021,"Both placed at Sangam Vihar, New Delhi on 2022-08-04 within minutes of each other.",Spatio-temporal join on tower dumps / hotel registers
LAT000085,P000232,Netrapal Singh,P000626,Murugan Muthusamy,SYN-CYB,SYN-GAN,CO_LOCATION,LOC000115,"Both placed at Sutarkandi, Karimganj on 2021-11-01 within minutes of each other.",Spatio-temporal join on tower dumps / hotel registers
LAT000086,P000834,Jasbir Brar,P000371,Manoj Yadav,SYN-SHK,SYN-MIN,CO_LOCATION,LOC000001,"Both placed at Dongri, Mumbai on 2020-04-11 within minutes of each other.",Spatio-temporal join on tower dumps / hotel registers
LAT000087,P000230,Tapan Sarkar,P000795,Zubair Chaudhary,SYN-CYB,SYN-KDN,CO_LOCATION,LOC000010,"Both placed at Kondhwa, Pune on 2023-04-20 within minutes of each other.",Spatio-temporal join on tower dumps / hotel registers
LAT000088,P000134,Tanveer Sheikh,P000214,Subhas Dutta,SYN-HER,SYN-CYB,CO_LOCATION,LOC000046,"Both placed at Bengabad, Giridih on 2022-12-25 within minutes of each other.",Spatio-temporal join on tower dumps / hotel registers
LAT000089,P000009,Sandip Rane,P000779,Shakeel Ansari,SYN-EXT,SYN-KDN,CO_LOCATION,LOC000028,"Both placed at Chetganj, Varanasi on 2018-01-27 within minutes of each other.",Spatio-temporal join on tower dumps / hotel registers
LAT000090,P000343,Hardik Zala,P000790,Deepak Bhardwaj,SYN-HAW,SYN-KDN,CO_LOCATION,LOC000096,"Both placed at Ukkadam, Coimbatore on 2021-05-02 within minutes of each other.",Spatio-temporal join on tower dumps / hotel registers
LAT000091,P000228,Rupa Roy,P000526,Vinod Singh,SYN-CYB,SYN-VEH,CO_LOCATION,LOC000014,"Both placed at Barshi, Solapur on 2025-04-14 within minutes of each other.",Spatio-temporal join on tower dumps / hotel registers
LAT000092,P000369,Ravichandran Nadar,P000815,Kuldeep Srivastava,SYN-MIN,SYN-SHK,CO_LOCATION,LOC000003,"Both placed at Kurla, Mumbai on 2020-06-07 within minutes of each other.",Spatio-temporal join on tower dumps / hotel registers
LAT000093,P000745,Paresh Rabari,P000310,Anwar Alam,SYN-BET,SYN-HAW,CO_LOCATION,LOC000048,"Both placed at Rajabazar, Kolkata on 2023-12-16 within minutes of each other.",Spatio-temporal join on tower dumps / hotel registers
LAT000094,P000745,Paresh Rabari,P000376,Hanumanthappa Acharya,SYN-BET,SYN-MIN,CO_LOCATION,LOC000082,"Both placed at Gorakhpur, Jabalpur on 2025-12-12 within minutes of each other.",Spatio-temporal join on tower dumps / hotel registers
LAT000095,P000753,Chandrabhan Shukla,P000625,Perumal Sundaram,SYN-BET,SYN-GAN,CO_LOCATION,LOC000079,"Both placed at Sanawad, Khargone on 2020-06-23 within minutes of each other.",Spatio-temporal join on tower dumps / hotel registers
LAT000096,P000283,Shakeel Sheikh,P000822,Harjinder Sarao,SYN-CYB,SYN-SHK,CO_LOCATION,LOC000004,"Both placed at Bhendi Bazaar, Mumbai on 2026-02-09 within minutes of each other.",Spatio-temporal join on tower dumps / hotel registers
LAT000097,P000700,Mahesh Yadav,P000477,Tanveer Farooqui,SYN-PON,SYN-ARM,CO_LOCATION,LOC000084,"Both placed at Kukatpally, Hyderabad on 2020-12-28 within minutes of each other.",Spatio-temporal join on tower dumps / hotel registers
LAT000098,P000374,Murugan Annadurai,P000861,Balbir Yadav,SYN-MIN,SYN-WLD,CO_LOCATION,LOC000088,"Both placed at Gajuwaka, Visakhapatnam on 2020-09-08 within minutes of each other.",Spatio-temporal join on tower dumps / hotel registers
LAT000099,P000691,Arun Gupta,P000178,Udaiveer Saini,SYN-PON,SYN-CYB,CO_LOCATION,LOC000040,"Both placed at Barauni, Begusarai on 2022-07-17 within minutes of each other.",Spatio-temporal join on tower dumps / hotel registers
LAT000100,P000648,Saravanan Mudaliar,P000420,Shahnawaz Hussain,SYN-GAN,SYN-TRF,CO_LOCATION,LOC000027,"Both placed at Sector 63, Noida on 2022-06-17 within minutes of each other.",Spatio-temporal join on tower dumps / hotel registers
LAT000101,P000735,Vipul Parmar,P000083,Mitesh Joshi,SYN-BET,SYN-EXT,CO_LOCATION,LOC000007,"Both placed at Mumbra, Thane on 2021-06-07 within minutes of each other.",Spatio-temporal join on tower dumps / hotel registers
LAT000102,P000780,Pradeep Prajapati,P000293,Har Prasad Sharma,SYN-KDN,SYN-HAW,CO_LOCATION,LOC000061,"Both placed at Sohna, Gurugram on 2026-06-09 within minutes of each other.",Spatio-temporal join on tower dumps / hotel registers
LAT000103,P000483,Ibrahim Pathan,P000854,Bikram Devi,SYN-ARM,SYN-WLD,CO_LOCATION,LOC000117,"Both placed at Tuibong, Churachandpur on 2023-07-05 within minutes of each other.",Spatio-temporal join on tower dumps / hotel registers
LAT000104,P000669,Tapan Naskar,P000190,Iqbal Khan,SYN-PON,SYN-CYB,CO_LOCATION,LOC000080,"Both placed at Morar, Gwalior on 2026-06-13 within minutes of each other.",Spatio-temporal join on tower dumps / hotel registers
LAT000105,P000097,Manpreet Sekhon,P000702,Basanta Jena,SYN-HER,SYN-PON,CO_LOCATION,LOC000102,"Both placed at Afzalpur, Kalaburagi on 2024-05-12 within minutes of each other.",Spatio-temporal join on tower dumps / hotel registers
LAT000106,P000039,Sagar Rane,P000754,Dharmesh Makwana,SYN-EXT,SYN-BET,CO_LOCATION,LOC000099,"Both placed at KG Halli, Bengaluru on 2025-05-09 within minutes of each other.",Spatio-temporal join on tower dumps / hotel registers
LAT000107,P000851,Ilango Subramanian,P000421,Yusuf Hussain,SYN-WLD,SYN-TRF,CO_LOCATION,LOC000019,"Both placed at Najafgarh, New Delhi on 2024-07-19 within minutes of each other.",Spatio-temporal join on tower dumps / hotel registers
LAT000108,P000792,Nazia Khan,P000628,Vetrivel Gounder,SYN-KDN,SYN-GAN,CO_LOCATION,LOC000098,"Both placed at Srirangam, Trichy on 2024-10-21 within minutes of each other.",Spatio-temporal join on tower dumps / hotel registers
LAT000109,P000506,Urmila Prajapati,P000801,Nathu Ranawat,SYN-ARM,SYN-SHK,CO_LOCATION,LOC000005,"Both placed at Andheri, Mumbai on 2019-02-21 within minutes of each other.",Spatio-temporal join on tower dumps / hotel registers
LAT000110,P000114,Gayatri Jat,P000309,Jignesh Thakor,SYN-HER,SYN-HAW,CO_LOCATION,LOC000031,"Both placed at Kutba, Muzaffarnagar on 2020-02-08 within minutes of each other.",Spatio-temporal join on tower dumps / hotel registers
LAT000111,P000223,Har Prasad Yadav,P000049,Bhavesh Thakor,SYN-CYB,SYN-EXT,CO_LOCATION,LOC000071,"Both placed at Juhapura, Ahmedabad on 2019-11-06 within minutes of each other.",Spatio-temporal join on tower dumps / hotel registers
LAT000112,P000830,Harpreet Sandhu,P000534,Pushpa Awasthi,SYN-SHK,SYN-VEH,CO_LOCATION,LOC000114,"Both placed at Golakganj, Dhubri on 2021-06-27 within minutes of each other.",Spatio-temporal join on tower dumps / hotel registers
LAT000113,P000532,Shakeel Rahman,P000422,Debashish Biswas,SYN-VEH,SYN-TRF,CO_LOCATION,LOC000085,"Both placed at Chandrayangutta, Hyderabad on 2026-03-22 within minutes of each other.",Spatio-temporal join on tower dumps / hotel registers
LAT000114,P000332,Shibu Thomas,P000580,Nepal Mondal,SYN-HAW,SYN-FIC,CO_LOCATION,LOC000102,"Both placed at Afzalpur, Kalaburagi on 2023-10-24 within minutes of each other.",Spatio-temporal join on tower dumps / hotel registers
LAT000115,P000350,Vipul Chauhan,P000386,Thangaraj Naicker,SYN-HAW,SYN-MIN,CO_LOCATION,LOC000041,"Both placed at Khajanchi Hat, Purnia on 2020-04-23 within minutes of each other.",Spatio-temporal join on tower dumps / hotel registers
LAT000116,P000120,Harbhajan Sekhon,P000189,Pradip Roy,SYN-HER,SYN-CYB,CO_LOCATION,LOC000010,"Both placed at Kondhwa, Pune on 2019-06-22 within minutes of each other.",Spatio-temporal join on tower dumps / hotel registers
LAT000117,P000403,Saravanan Mudaliar,P000159,Lakhwinder Brar,SYN-MIN,SYN-HER,CO_LOCATION,LOC000017,"Both placed at Jamia Nagar, New Delhi on 2024-04-03 within minutes of each other.",Spatio-temporal join on tower dumps / hotel registers
LAT000118,P000494,Yogendra Pandey,P000555,Dinesh Gupta,SYN-ARM,SYN-VEH,CO_LOCATION,LOC000077,"Both placed at Bairagarh, Bhopal on 2025-06-11 within minutes of each other.",Spatio-temporal join on tower dumps / hotel registers
LAT000119,P000306,Nadeem Idrisi,P000750,Nadeem Khan,SYN-HAW,SYN-BET,CO_LOCATION,LOC000101,"Both placed at Ullal, Mangaluru on 2025-04-10 within minutes of each other.",Spatio-temporal join on tower dumps / hotel registers
LAT000120,P000720,Manisha Patil,P000368,Dinesh Rathore,SYN-BET,SYN-MIN,CO_LOCATION,LOC000081,"Both placed at Mehgaon, Bhind on 2021-06-04 within minutes of each other.",Spatio-temporal join on tower dumps / hotel registers
LAT000121,P000283,Shakeel Sheikh,P000715,Imran Farooqui,SYN-CYB,SYN-BET,CO_LOCATION,LOC000075,"Both placed at Gondal, Rajkot on 2018-01-24 within minutes of each other.",Spatio-temporal join on tower dumps / hotel registers
LAT000122,P000777,Hariom Chauhan,P000742,Smita Sawant,SYN-KDN,SYN-BET,CO_LOCATION,LOC000047,"Both placed at Metiabruz, Kolkata on 2018-04-29 within minutes of each other.",Spatio-temporal join on tower dumps / hotel registers
LAT000123,P000696,Jagabandhu Sahoo,P000023,Hardik Barot,SYN-PON,SYN-EXT,CO_LOCATION,LOC000017,"Both placed at Jamia Nagar, New Delhi on 2024-08-19 within minutes of each other.",Spatio-temporal join on tower dumps / hotel registers
LAT000124,P000295,Imran Saifi,P000599,Satish Awasthi,SYN-HAW,SYN-FIC,CO_LOCATION,LOC000095,"Both placed at Melur, Madurai on 2019-11-12 within minutes of each other.",Spatio-temporal join on tower dumps / hotel registers
LAT000125,P000503,Kavita Nishad,P000374,Murugan Annadurai,SYN-ARM,SYN-MIN,CO_LOCATION,LOC000076,"Both placed at Karelibaug, Vadodara on 2018-01-17 within minutes of each other.",Spatio-temporal join on tower dumps / hotel registers
LAT000126,P000735,Vipul Parmar,P000601,Sarfaraz Chaudhary,SYN-BET,SYN-FIC,CO_LOCATION,LOC000004,"Both placed at Bhendi Bazaar, Mumbai on 2024-06-18 within minutes of each other.",Spatio-temporal join on tower dumps / hotel registers
LAT000127,P000621,Revathi Mudaliar,P000601,Sarfaraz Chaudhary,SYN-GAN,SYN-FIC,CO_LOCATION,LOC000025,"Both placed at Lisari Gate, Meerut on 2018-10-18 within minutes of each other.",Spatio-temporal join on tower dumps / hotel registers
LAT000128,P000395,Kannan Annadurai,P000310,Anwar Alam,SYN-MIN,SYN-HAW,CO_LOCATION,LOC000043,"Both placed at Sarwan, Deoghar on 2022-06-29 within minutes of each other.",Spatio-temporal join on tower dumps / hotel registers
LAT000129,P000461,Palash Sarkar,P000326,Jignesh Patel,SYN-TRF,SYN-HAW,CO_LOCATION,LOC000041,"Both placed at Khajanchi Hat, Purnia on 2023-10-25 within minutes of each other.",Spatio-temporal join on tower dumps / hotel registers
LAT000130,P000602,Kuldeep Sengar,P000380,Rajendran Gounder,SYN-FIC,SYN-MIN,CO_LOCATION,LOC000036,"Both placed at Kasim Bazaar, Munger on 2020-02-22 within minutes of each other.",Spatio-temporal join on tower dumps / hotel registers
LAT000131,P000387,Selvam Naicker,P000593,Ashim Pal,SYN-MIN,SYN-FIC,CO_LOCATION,LOC000088,"Both placed at Gajuwaka, Visakhapatnam on 2019-12-06 within minutes of each other.",Spatio-temporal join on tower dumps / hotel registers
LAT000132,P000863,Lalthanga Momin,P000597,Anup Roy,SYN-WLD,SYN-FIC,CO_LOCATION,LOC000020,"Both placed at Nangloi, New Delhi on 2018-02-08 within minutes of each other.",Spatio-temporal join on tower dumps / hotel registers
LAT000133,P000201,Balbir Singh,P000070,Ashwin Trivedi,SYN-CYB,SYN-EXT,CO_LOCATION,LOC000093,"Both placed at Vyasarpadi, Chennai on 2019-10-01 within minutes of each other.",Spatio-temporal join on tower dumps / hotel registers
LAT000134,P000659,Jagabandhu Munda,P000581,Shahnawaz Ansari,SYN-GAN,SYN-FIC,CO_LOCATION,LOC000076,"Both placed at Karelibaug, Vadodara on 2024-06-02 within minutes of each other.",Spatio-temporal join on tower dumps / hotel registers
LAT000135,P000745,Paresh Rabari,P000099,Shakeel Pathan,SYN-BET,SYN-HER,CO_LOCATION,LOC000060,"Both placed at Punhana, Nuh on 2018-05-23 within minutes of each other.",Spatio-temporal join on tower dumps / hotel registers
LAT000136,P000747,Jitendra Bhardwaj,P000828,Harjinder Kang,SYN-BET,SYN-SHK,CO_LOCATION,LOC000028,"Both placed at Chetganj, Varanasi on 2018-06-17 within minutes of each other.",Spatio-temporal join on tower dumps / hotel registers
LAT000137,P000483,Ibrahim Pathan,P000031,Vipul Desai,SYN-ARM,SYN-EXT,CO_LOCATION,LOC000093,"Both placed at Vyasarpadi, Chennai on 2021-10-13 within minutes of each other.",Spatio-temporal join on tower dumps / hotel registers
LAT000138,P000330,Wasim Rahman,P000758,Ibrahim Shaikh,SYN-HAW,SYN-BET,CO_LOCATION,LOC000068,"Both placed at Kaman, Bharatpur on 2018-09-23 within minutes of each other.",Spatio-temporal join on tower dumps / hotel registers
LAT000139,P000754,Dharmesh Makwana,P000228,Rupa Roy,SYN-BET,SYN-CYB,CO_LOCATION,LOC000120,"Both placed at Maisuma, Srinagar on 2018-10-24 within minutes of each other.",Spatio-temporal join on tower dumps / hotel registers
LAT000140,P000519,Pramod Jaiswal,P000571,Salim Ahmed,SYN-VEH,SYN-FIC,CO_LOCATION,LOC000105,"Both placed at Tirur, Malappuram on 2020-02-28 within minutes of each other.",Spatio-temporal join on tower dumps / hotel registers
LAT000141,P000588,Tapan Roy,P000343,Hardik Zala,SYN-FIC,SYN-HAW,CO_LOCATION,LOC000050,"Both placed at Jalangi, Murshidabad on 2022-11-02 within minutes of each other.",Spatio-temporal join on tower dumps / hotel registers
LAT000142,P000685,Balbir Mishra,P000634,Srinivas Bandari,SYN-PON,SYN-GAN,CO_LOCATION,LOC000053,"Both placed at Karimpur, Nadia on 2024-01-14 within minutes of each other.",Spatio-temporal join on tower dumps / hotel registers
LAT000143,P000768,Prakash Gupta,P000705,Arindam Mondal,SYN-KDN,SYN-PON,CO_LOCATION,LOC000103,"Both placed at Sandur, Ballari on 2019-01-01 within minutes of each other.",Spatio-temporal join on tower dumps / hotel registers
LAT000144,P000859,Thangaraj Naicker,P000597,Anup Roy,SYN-WLD,SYN-FIC,CO_LOCATION,LOC000086,"Both placed at Hanamkonda, Warangal on 2023-06-04 within minutes of each other.",Spatio-temporal join on tower dumps / hotel registers
LAT000145,P000198,Pradip Barman,P000602,Kuldeep Sengar,SYN-CYB,SYN-FIC,CO_LOCATION,LOC000013,"Both placed at Cidco, Aurangabad on 2025-08-06 within minutes of each other.",Spatio-temporal join on tower dumps / hotel registers
LAT000146,P000775,Shakeel Idrisi,P000852,Mallesh Kumar,SYN-KDN,SYN-WLD,CO_LOCATION,LOC000038,"Both placed at Chandauti, Gaya on 2024-11-10 within minutes of each other.",Spatio-temporal join on tower dumps / hotel registers
LAT000147,P000133,Gurmeet Bajwa,P000376,Hanumanthappa Acharya,SYN-HER,SYN-MIN,CO_LOCATION,LOC000100,"Both placed at Yeshwanthpur, Bengaluru on 2020-11-25 within minutes of each other.",Spatio-temporal join on tower dumps / hotel registers
LAT000148,P000838,Chandrabhan Bhadauria,P000473,Arun Kashyap,SYN-SHK,SYN-ARM,CO_LOCATION,LOC000027,"Both placed at Sector 63, Noida on 2023-01-14 within minutes of each other.",Spatio-temporal join on tower dumps / hotel registers
LAT000149,P000817,Rachhpal Sandhu,P000718,Haroon Pathan,SYN-SHK,SYN-BET,CO_LOCATION,LOC000043,"Both placed at Sarwan, Deoghar on 2019-12-28 within minutes of each other.",Spatio-temporal join on tower dumps / hotel registers
LAT000150,P000748,Divyesh Desai,P000232,Netrapal Singh,SYN-BET,SYN-CYB,CO_LOCATION,LOC000124,"Both placed at Clement Town, Dehradun on 2023-09-06 within minutes of each other.",Spatio-temporal join on tower dumps / hotel registers
LAT000151,P000070,Ashwin Trivedi,P000327,Javed Chaudhary,SYN-EXT,SYN-HAW,CO_LOCATION,LOC000103,"Both placed at Sandur, Ballari on 2024-11-23 within minutes of each other.",Spatio-temporal join on tower dumps / hotel registers
LAT000152,P000810,Kishan Choudhary,P000785,Girdhari Saini,SYN-SHK,SYN-KDN,CO_LOCATION,LOC000085,"Both placed at Chandrayangutta, Hyderabad on 2023-03-22 within minutes of each other.",Spatio-temporal join on tower dumps / hotel registers
LAT000153,P000664,Mallesh Naidu,P000500,Wasim Rahman,SYN-GAN,SYN-ARM,CO_LOCATION,LOC000080,"Both placed at Morar, Gwalior on 2018-08-06 within minutes of each other.",Spatio-temporal join on tower dumps / hotel registers
LAT000154,P000550,Anwar Qureshi,P000756,Shakeel Malik,SYN-VEH,SYN-BET,CO_LOCATION,LOC000105,"Both placed at Tirur, Malappuram on 2024-03-22 within minutes of each other.",Spatio-temporal join on tower dumps / hotel registers
LAT000155,P000323,Wasim Sheikh,P000453,Hariom Shukla,SYN-HAW,SYN-TRF,CO_LOCATION,LOC000096,"Both placed at Ukkadam, Coimbatore on 2020-03-03 within minutes of each other.",Spatio-temporal join on tower dumps / hotel registers
LAT000156,P000693,Arun Chauhan,P000038,Tushar Zala,SYN-PON,SYN-EXT,CO_LOCATION,LOC000116,"Both placed at Moreh, Imphal on 2022-04-17 within minutes of each other.",Spatio-temporal join on tower dumps / hotel registers
LAT000157,P000472,Manoj Kashyap,P000033,Arif Chaudhary,SYN-ARM,SYN-EXT,CO_LOCATION,LOC000074,"Both placed at Kutiyana, Porbandar on 2026-04-27 within minutes of each other.",Spatio-temporal join on tower dumps / hotel registers
LAT000158,P000358,Prakash Rai,P000556,Zubair Saifi,SYN-MIN,SYN-VEH,CO_LOCATION,LOC000024,"Both placed at Chakeri, Kanpur on 2018-04-07 within minutes of each other.",Spatio-temporal join on tower dumps / hotel registers
LAT000159,P000609,Pradeep Shukla,P000777,Hariom Chauhan,SYN-FIC,SYN-KDN,CO_LOCATION,LOC000015,"Both placed at Chandni Chowk, New Delhi on 2025-10-20 within minutes of each other.",Spatio-temporal join on tower dumps / hotel registers
LAT000160,P000049,Bhavesh Thakor,P000766,Balbir Shukla,SYN-EXT,SYN-KDN,CO_LOCATION,LOC000053,"Both placed at Karimpur, Nadia on 2018-11-10 within minutes of each other.",Spatio-temporal join on tower dumps / hotel registers
LAT000161,P000657,Bhagaban Mohanty,P000790,Deepak Bhardwaj,SYN-GAN,SYN-KDN,CO_LOCATION,LOC000039,"Both placed at Mahadeva, Siwan on 2018-07-14 within minutes of each other.",Spatio-temporal join on tower dumps / hotel registers
LAT000162,P000502,Ramesh Nagar,P000713,Aarti More,SYN-ARM,SYN-BET,CO_LOCATION,LOC000071,"Both placed at Juhapura, Ahmedabad on 2019-01-21 within minutes of each other.",Spatio-temporal join on tower dumps / hotel registers
LAT000163,P000582,Arindam Bhattacharya,P000191,Firoz Sheikh,SYN-FIC,SYN-CYB,CO_LOCATION,LOC000036,"Both placed at Kasim Bazaar, Munger on 2019-02-01 within minutes of each other.",Spatio-temporal join on tower dumps / hotel registers
LAT000164,P000818,Gopal Saini,P000787,Shabana Mirza,SYN-SHK,SYN-KDN,CO_LOCATION,LOC000033,"Both placed at Sarai Mir, Azamgarh on 2021-05-12 within minutes of each other.",Spatio-temporal join on tower dumps / hotel registers
LAT000165,P000566,Ajay Dubey,P000469,Mohammed Baig,SYN-VEH,SYN-TRF,CO_LOCATION,LOC000013,"Both placed at Cidco, Aurangabad on 2022-07-17 within minutes of each other.",Spatio-temporal join on tower dumps / hotel registers
LAT000166,P000548,Anil Prajapati,P000641,Palanisamy Palanivel,SYN-VEH,SYN-GAN,CO_LOCATION,LOC000086,"Both placed at Hanamkonda, Warangal on 2023-04-24 within minutes of each other.",Spatio-temporal join on tower dumps / hotel registers
LAT000167,P000866,Chinnadurai Annadurai,P000737,Sachin Patil,SYN-WLD,SYN-BET,CO_LOCATION,LOC000099,"Both placed at KG Halli, Bengaluru on 2022-06-30 within minutes of each other.",Spatio-temporal join on tower dumps / hotel registers
LAT000168,P000842,Madan Bishnoi,P000205,Anup Adhikari,SYN-SHK,SYN-CYB,CO_LOCATION,LOC000043,"Both placed at Sarwan, Deoghar on 2025-10-07 within minutes of each other.",Spatio-temporal join on tower dumps / hotel registers
LAT000169,P000433,Subhas Naskar,P000058,Alpesh Shah,SYN-TRF,SYN-EXT,CO_LOCATION,LOC000107,"Both placed at Chavakkad, Thrissur on 2019-07-12 within minutes of each other.",Spatio-temporal join on tower dumps / hotel registers
LAT000170,P000108,Ranveer Kumawat,P000610,Nirmal Bose,SYN-HER,SYN-FIC,CO_LOCATION,LOC000024,"Both placed at Chakeri, Kanpur on 2023-04-03 within minutes of each other.",Spatio-temporal join on tower dumps / hotel registers
LAT000171,P000857,Narsimha Vemula,P000475,Tanveer Pathan,SYN-WLD,SYN-ARM,CO_LOCATION,LOC000085,"Both placed at Chandrayangutta, Hyderabad on 2024-05-26 within minutes of each other.",Spatio-temporal join on tower dumps / hotel registers
LAT000172,P000591,Anup Roy,P000778,Shakeel Malik,SYN-FIC,SYN-KDN,CO_LOCATION,LOC000123,"Both placed at Bhairamgarh, Bijapur on 2019-08-03 within minutes of each other.",Spatio-temporal join on tower dumps / hotel registers
LAT000173,P000371,Manoj Yadav,P000847,Yumnam Marak,SYN-MIN,SYN-WLD,CO_LOCATION,LOC000032,"Both placed at Baradari, Bareilly on 2022-07-14 within minutes of each other.",Spatio-temporal join on tower dumps / hotel registers
LAT000174,P000610,Nirmal Bose,P000457,Naseer Malik,SYN-FIC,SYN-TRF,CO_LOCATION,LOC000046,"Both placed at Bengabad, Giridih on 2024-04-03 within minutes of each other.",Spatio-temporal join on tower dumps / hotel registers
LAT000175,P000834,Jasbir Brar,P000066,Ashfaq Mansuri,SYN-SHK,SYN-EXT,CO_LOCATION,LOC000009,"Both placed at Yerwada, Pune on 2025-11-23 within minutes of each other.",Spatio-temporal join on tower dumps / hotel registers
LAT000176,P000866,Chinnadurai Annadurai,P000704,Udaiveer Srivastava,SYN-WLD,SYN-PON,CO_LOCATION,LOC000124,"Both placed at Clement Town, Dehradun on 2020-12-16 within minutes of each other.",Spatio-temporal join on tower dumps / hotel registers
LAT000177,P000475,Tanveer Pathan,P000860,Chandra Shekar Choudary,SYN-ARM,SYN-WLD,CO_LOCATION,LOC000044,"Both placed at Jharia, Dhanbad on 2022-05-24 within minutes of each other.",Spatio-temporal join on tower dumps / hotel registers
LAT000178,P000534,Pushpa Awasthi,P000695,Basanta Mallick,SYN-VEH,SYN-PON,CO_LOCATION,LOC000117,"Both placed at Tuibong, Churachandpur on 2019-01-25 within minutes of each other.",Spatio-temporal join on tower dumps / hotel registers
LAT000179,P000615,Mallesh Yadav,P000698,Sunil Pandey,SYN-GAN,SYN-PON,CO_LOCATION,LOC000056,"Both placed at Jamalpur, Ludhiana on 2020-04-06 within minutes of each other.",Spatio-temporal join on tower dumps / hotel registers
LAT000180,P000301,Jayan Joseph,P000037,Ganesh Dalvi,SYN-HAW,SYN-EXT,CO_LOCATION,LOC000088,"Both placed at Gajuwaka, Visakhapatnam on 2023-04-04 within minutes of each other.",Spatio-temporal join on tower dumps / hotel registers
LAT000181,P000602,Kuldeep Sengar,P000029,Ashwin Zala,SYN-FIC,SYN-EXT,CO_LOCATION,LOC000083,"Both placed at Charminar, Hyderabad on 2021-05-29 within minutes of each other.",Spatio-temporal join on tower dumps / hotel registers
LAT000182,P000249,Firoz Sheikh,P000802,Kishan Jat,SYN-CYB,SYN-SHK,CO_LOCATION,LOC000025,"Both placed at Lisari Gate, Meerut on 2019-08-18 within minutes of each other.",Spatio-temporal join on tower dumps / hotel registers
LAT000183,P000420,Shahnawaz Hussain,P000259,Rizwan Baig,SYN-TRF,SYN-CYB,CO_LOCATION,LOC000104,"Both placed at Mattancherry, Kochi on 2020-10-09 within minutes of each other.",Spatio-temporal join on tower dumps / hotel registers
LAT000184,P000870,Mariappan Pandian,P000438,Kartik Bose,SYN-WLD,SYN-TRF,CO_LOCATION,LOC000019,"Both placed at Najafgarh, New Delhi on 2024-01-18 within minutes of each other.",Spatio-temporal join on tower dumps / hotel registers
LAT000185,P000033,Arif Chaudhary,P000396,Netrapal Nishad,SYN-EXT,SYN-MIN,SHARED_BANK_ACCOUNT,AC000055,Account held by one and operated by the other under a mandate.,person_account fan-in: accounts with >1 controlling person
LAT000186,P000454,Gautam Halder,P000534,Pushpa Awasthi,SYN-TRF,SYN-VEH,SHARED_BANK_ACCOUNT,AC000821,Account held by one and operated by the other under a mandate.,person_account fan-in: accounts with >1 controlling person
LAT000187,P000472,Manoj Kashyap,P000608,Shailendra Sengar,SYN-ARM,SYN-FIC,SHARED_BANK_ACCOUNT,AC000856,Account held by one and operated by the other under a mandate.,person_account fan-in: accounts with >1 controlling person
LAT000188,P000695,Basanta Mallick,P000860,Chandra Shekar Choudary,SYN-PON,SYN-WLD,SHARED_BANK_ACCOUNT,AC001237,Account held by one and operated by the other under a mandate.,person_account fan-in: accounts with >1 controlling person
LAT000189,P000302,Biju Thomas,P000403,Saravanan Mudaliar,SYN-HAW,SYN-MIN,SHARED_BANK_ACCOUNT,AC000540,Account held by one and operated by the other under a mandate.,person_account fan-in: accounts with >1 controlling person
LAT000190,P000269,Sajid Farooqui,P000649,Srinivas Choudary,SYN-CYB,SYN-GAN,SHARED_BANK_ACCOUNT,AC000476,Account held by one and operated by the other under a mandate.,person_account fan-in: accounts with >1 controlling person
LAT000191,P000525,Naseer Ahmed,P000702,Basanta Jena,SYN-VEH,SYN-PON,SHARED_BANK_ACCOUNT,AC000938,Account held by one and operated by the other under a mandate.,person_account fan-in: accounts with >1 controlling person
LAT000192,P000656,Niranjan Dash,P000291,Manoj Menon,SYN-GAN,SYN-HAW,SHARED_BANK_ACCOUNT,AC001164,Account held by one and operated by the other under a mandate.,person_account fan-in: accounts with >1 controlling person
LAT000193,P000804,Yogendra Srivastava,P000404,Elango Annadurai,SYN-SHK,SYN-MIN,SHARED_BANK_ACCOUNT,AC001411,Account held by one and operated by the other under a mandate.,person_account fan-in: accounts with >1 controlling person
LAT000194,P000035,Sachin Bhosale,P000539,Sandeep Awasthi,SYN-EXT,SYN-VEH,SHARED_BANK_ACCOUNT,AC000061,Account held by one and operated by the other under a mandate.,person_account fan-in: accounts with >1 controlling person
LAT000195,P000737,Sachin Patil,P000165,Nadeem Chaudhary,SYN-BET,SYN-HER,SHARED_BANK_ACCOUNT,AC001302,Account held by one and operated by the other under a mandate.,person_account fan-in: accounts with >1 controlling person
LAT000196,P000361,Ramesh Dixit,P000796,Abdul Malik,SYN-MIN,SYN-KDN,SHARED_BANK_ACCOUNT,AC000668,Account held by one and operated by the other under a mandate.,person_account fan-in: accounts with >1 controlling person
LAT000197,P000582,Arindam Bhattacharya,P000868,Satish Maurya,SYN-FIC,SYN-WLD,SHARED_BANK_ACCOUNT,AC001042,Account held by one and operated by the other under a mandate.,person_account fan-in: accounts with >1 controlling person
LAT000198,P000009,Sandip Rane,P000405,Om Prakash Chauhan,SYN-EXT,SYN-MIN,SHARED_BANK_ACCOUNT,AC000013,Account held by one and operated by the other under a mandate.,person_account fan-in: accounts with >1 controlling person
LAT000199,P000395,Kannan Annadurai,P000686,Arindam Halder,SYN-MIN,SYN-PON,SHARED_BANK_ACCOUNT,AC000724,Account held by one and operated by the other under a mandate.,person_account fan-in: accounts with >1 controlling person
LAT000200,P000427,Naseer Baig,P000662,Akshaya Jena,SYN-TRF,SYN-GAN,SHARED_BANK_ACCOUNT,AC000779,Account held by one and operated by the other under a mandate.,person_account fan-in: accounts with >1 controlling person
LAT000201,P000007,Bhaskar Kamble,P000331,Shakeel Ansari,SYN-EXT,SYN-HAW,SHARED_BANK_ACCOUNT,AC000009,Account held by one and operated by the other under a mandate.,person_account fan-in: accounts with >1 controlling person
LAT000202,P000507,Suresh Nishad,P000330,Wasim Rahman,SYN-ARM,SYN-HAW,SHARED_BANK_ACCOUNT,AC000910,Account held by one and operated by the other under a mandate.,person_account fan-in: accounts with >1 controlling person
LAT000203,P000785,Girdhari Saini,P000264,Girdhari Prajapati,SYN-KDN,SYN-CYB,SHARED_BANK_ACCOUNT,AC001384,Account held by one and operated by the other under a mandate.,person_account fan-in: accounts with >1 controlling person
LAT000204,P000378,Malathi Raja,P000139,Chhagan Saini,SYN-MIN,SYN-HER,SHARED_BANK_ACCOUNT,AC000697,Account held by one and operated by the other under a mandate.,person_account fan-in: accounts with >1 controlling person
LAT000205,P000569,Rizwan Qureshi,P000614,Rajendran Muthusamy,SYN-VEH,SYN-GAN,SHARED_BANK_ACCOUNT,AC001023,Account held by one and operated by the other under a mandate.,person_account fan-in: accounts with >1 controlling person
LAT000206,P000410,Arun Maurya,P000512,Firoz Saifi,SYN-MIN,SYN-ARM,SHARED_BANK_ACCOUNT,AC000746,Account held by one and operated by the other under a mandate.,person_account fan-in: accounts with >1 controlling person
LAT000207,P000198,Pradip Barman,P000519,Pramod Jaiswal,SYN-CYB,SYN-VEH,SHARED_BANK_ACCOUNT,AC000349,Account held by one and operated by the other under a mandate.,person_account fan-in: accounts with >1 controlling person
LAT000208,P000578,Nepal Gayen,P000425,Nirmal Chakraborty,SYN-FIC,SYN-TRF,SHARED_BANK_ACCOUNT,AC001038,Account held by one and operated by the other under a mandate.,person_account fan-in: accounts with >1 controlling person
LAT000209,P000468,Gopal Naskar,P000504,Jitendra Solanki,SYN-TRF,SYN-ARM,SHARED_BANK_ACCOUNT,AC000850,Account held by one and operated by the other under a mandate.,person_account fan-in: accounts with >1 controlling person
LAT000210,P000733,Kalpesh Solanki,P000402,Sanjay Dubey,SYN-BET,SYN-MIN,SHARED_BANK_ACCOUNT,AC001292,Account held by one and operated by the other under a mandate.,person_account fan-in: accounts with >1 controlling person
LAT000211,P000592,Sudha Singh,P000457,Naseer Malik,SYN-FIC,SYN-TRF,SHARED_BANK_ACCOUNT,AC001057,Account held by one and operated by the other under a mandate.,person_account fan-in: accounts with >1 controlling person
LAT000212,P000270,Bhupendra Awasthi,P000463,Ashim Pal,SYN-CYB,SYN-TRF,SHARED_BANK_ACCOUNT,AC000477,Account held by one and operated by the other under a mandate.,person_account fan-in: accounts with >1 controlling person
