person_id,name,syndicate_id,syndicate_code,role
P000001,Anwar Ahmed,ORG000001,SYN-EXT,MULE
P000002,Shabana Baig,ORG000001,SYN-EXT,FENCE
P000003,Dattatray Waghmare,ORG000001,SYN-EXT,MULE
P000004,Nilesh Vaghela,ORG000001,SYN-EXT,RECRUITER
P000005,Aslam Ahmed,ORG000001,SYN-EXT,FIELD_OPERATIVE
P000006,Zubair Sheikh,ORG000001,SYN-EXT,MULE
P000007,Bhaskar Kamble,ORG000001,SYN-EXT,LOGISTICS
P000008,Tanveer Idrisi,ORG000001,SYN-EXT,SHOOTER
P000009,Sandip Rane,ORG000001,SYN-EXT,MULE
P000010,Amol Rane,ORG000001,SYN-EXT,FENCE
P000011,Hitesh Zala,ORG000001,SYN-EXT,TECH_HANDLER
P000012,Vishal Shinde,ORG000001,SYN-EXT,LIEUTENANT
P000013,Mushtaq Baig,ORG000001,SYN-EXT,LIEUTENANT
P000014,Jayesh Barot,ORG000001,SYN-EXT,COURIER
P000015,Swapnil Bhoir,ORG000001,SYN-EXT,LIEUTENANT
P000016,Hardik Barot,ORG000001,SYN-EXT,FIELD_OPERATIVE
P000017,Swapnil Tandel,ORG000001,SYN-EXT,FIELD_OPERATIVE
P000018,Salim Saifi,ORG000001,SYN-EXT,LIEUTENANT
P000019,Bhaskar Bhosale,ORG000001,SYN-EXT,MULE
P000020,Nitin Bhoir,ORG000001,SYN-EXT,FIXER
P000021,Kishor Makwana,ORG000001,SYN-EXT,LOGISTICS
P000022,Nasreen Sheikh,ORG000001,SYN-EXT,FENCE
P000023,Hardik Barot,ORG000001,SYN-EXT,FIELD_OPERATIVE
P000024,Bharat Gohil,ORG000001,SYN-EXT,MULE
P000025,Ganesh Chavan,ORG000001,SYN-EXT,MULE
P000026,Hitesh Trivedi,ORG000001,SYN-EXT,MULE
P000027,Vishal Gaikwad,ORG000001,SYN-EXT,FIELD_OPERATIVE
P000028,Alpesh Thakor,ORG000001,SYN-EXT,FINANCIER
P000029,Ashwin Zala,ORG000001,SYN-EXT,FINANCIER
P000030,Rahul Jadhav,ORG000001,SYN-EXT,SHOOTER
P000031,Vipul Desai,ORG000001,SYN-EXT,FIELD_OPERATIVE
P000032,Rasik Joshi,ORG000001,SYN-EXT,LOGISTICS
P000033,Arif Chaudhary,ORG000001,SYN-EXT,MULE
P000034,Mohammed Idrisi,ORG000001,SYN-EXT,FIELD_OPERATIVE
P000035,Sachin Bhosale,ORG000001,SYN-EXT,KINGPIN
P000036,Shahnaz Alam,ORG000001,SYN-EXT,MULE
P000037,Ganesh Dalvi,ORG000001,SYN-EXT,FIELD_OPERATIVE
P000038,Tushar Zala,ORG000001,SYN-EXT,MULE
P000039,Sagar Rane,ORG000001,SYN-EXT,MULE
P000040,Shahnawaz Pathan,ORG000001,SYN-EXT,FINANCIER
P000041,Pandurang Bhoir,ORG000001,SYN-EXT,RECRUITER
P000042,Trupti Rabari,ORG000001,SYN-EXT,LOGISTICS
P000043,Bharat Dave,ORG000001,SYN-EXT,FIELD_OPERATIVE
P000044,Hitesh Solanki,ORG000001,SYN-EXT,SHOOTER
P000045,Dharmesh Zala,ORG000001,SYN-EXT,COURIER
P000046,Sandip Kamble,ORG000001,SYN-EXT,FIELD_OPERATIVE
P000047,Swapnil Pawar,ORG000001,SYN-EXT,MULE
P000048,Tanaji Tandel,ORG000001,SYN-EXT,FIELD_OPERATIVE
P000049,Bhavesh Thakor,ORG000001,SYN-EXT,MULE
P000050,Pandurang Deshmukh,ORG000001,SYN-EXT,FIELD_OPERATIVE
P000051,Bhaskar Gaikwad,ORG000001,SYN-EXT,FINANCIER
P000052,Vishal Jadhav,ORG000001,SYN-EXT,FINANCIER
P000053,Mangesh Shinde,ORG000001,SYN-EXT,FIELD_OPERATIVE
P000054,Dharmesh Shah,ORG000001,SYN-EXT,FIELD_OPERATIVE
P000055,Ibrahim Mirza,ORG000001,SYN-EXT,SHOOTER
P000056,Swapnil Salunkhe,ORG000001,SYN-EXT,FINANCIER
P000057,Sagar Bhoir,ORG000001,SYN-EXT,FIELD_OPERATIVE
P000058,Alpesh Shah,ORG000001,SYN-EXT,FIELD_OPERATIVE
P000059,Bharat Bhatt,ORG000001,SYN-EXT,MULE
P000060,Rasik Vaghela,ORG000001,SYN-EXT,FIXER
P000061,Amol Tandel,ORG000001,SYN-EXT,FIELD_OPERATIVE
P000062,Dattatray Tandel,ORG000001,SYN-EXT,FIELD_OPERATIVE
P000063,Dattatray Tandel,ORG000001,SYN-EXT,LOGISTICS
P000064,Rafiq Ahmed,ORG000001,SYN-EXT,RECRUITER
P000065,Shahnawaz Mansuri,ORG000001,SYN-EXT,MULE
P000066,Ashfaq Mansuri,ORG000001,SYN-EXT,LOGISTICS
P000067,Pandurang Mhatre,ORG000001,SYN-EXT,MULE
P000068,Reshma Saifi,ORG000001,SYN-EXT,COURIER
P000069,Sarfaraz Qureshi,ORG000001,SYN-EXT,FIXER
P000070,Ashwin Trivedi,ORG000001,SYN-EXT,LOGISTICS
P000071,Chirag Desai,ORG000001,SYN-EXT,MULE
P000072,Jayesh Desai,ORG000001,SYN-EXT,MULE
P000073,Iqbal Mansuri,ORG000001,SYN-EXT,COURIER
P000074,Ashwin Parmar,ORG000001,SYN-EXT,INFORMANT
P000075,Nisha Zala,ORG000001,SYN-EXT,FIXER
P000076,Divyesh Shah,ORG000001,SYN-EXT,FIELD_OPERATIVE
P000077,Dharmesh Thakor,ORG000001,SYN-EXT,COURIER
P000078,Prashant Deshmukh,ORG000001,SYN-EXT,INFORMANT
P000079,Rasik Trivedi,ORG000001,SYN-EXT,FIELD_OPERATIVE
P000080,Kalpesh Zala,ORG000001,SYN-EXT,FINANCIER
P000081,Sandip Salunkhe,ORG000001,SYN-EXT,KINGPIN
P000082,Swapnil Jadhav,ORG000001,SYN-EXT,HAWALA_OPERATOR
P000083,Mitesh Joshi,ORG000001,SYN-EXT,FIELD_OPERATIVE
P000084,Rafiq Farooqui,ORG000001,SYN-EXT,RECRUITER
P000085,Ibrahim Ansari,ORG000001,SYN-EXT,FIELD_OPERATIVE
P000086,Chirag Dave,ORG000001,SYN-EXT,FIXER
P000087,Ibrahim Siddiqui,ORG000001,SYN-EXT,LOGISTICS
P000088,Sagar Salunkhe,ORG000001,SYN-EXT,SHOOTER
P000089,Tushar Parmar,ORG000001,SYN-EXT,FIELD_OPERATIVE
P000090,Mangesh Tandel,ORG000001,SYN-EXT,FIELD_OPERATIVE
P000091,Shahnawaz Hussain,ORG000001,SYN-EXT,LIEUTENANT
P000092,Ibrahim Qureshi,ORG000001,SYN-EXT,MULE
P000093,Wasim Baig,ORG000002,SYN-HER,COURIER
P000094,Malkiat Grewal,ORG000002,SYN-HER,COURIER
P000095,Satnam Bains,ORG000002,SYN-HER,SHOOTER
P000096,Navneet Bajwa,ORG000002,SYN-HER,MULE
P000097,Manpreet Sekhon,ORG000002,SYN-HER,HAWALA_OPERATOR
P000098,Haroon Rahman,ORG000002,SYN-HER,INFORMANT
P000099,Shakeel Pathan,ORG000002,SYN-HER,COURIER
P000100,Ranveer Choudhary,ORG000002,SYN-HER,FINANCIER
P000101,Ratan Saini,ORG000002,SYN-HER,LOGISTICS
P000102,Abdul Shaikh,ORG000002,SYN-HER,FIELD_OPERATIVE
P000103,Hanuman Beniwal,ORG000002,SYN-HER,RECRUITER
P000104,Devi Lal Vyas,ORG000002,SYN-HER,RECRUITER
P000105,Mohan Sisodia,ORG000002,SYN-HER,INFORMANT
P000106,Amarjit Sidhu,ORG000002,SYN-HER,FIELD_OPERATIVE
P000107,Mohammed Shaikh,ORG000002,SYN-HER,TECH_HANDLER
P000108,Ranveer Kumawat,ORG000002,SYN-HER,LOGISTICS
P000109,Firoz Chaudhary,ORG000002,SYN-HER,FIELD_OPERATIVE
P000110,Iqbal Pathan,ORG000002,SYN-HER,TECH_HANDLER
P000111,Nirmal Bains,ORG000002,SYN-HER,MULE
P000112,Rafiq Ansari,ORG000002,SYN-HER,FIXER
P000113,Mushtaq Khan,ORG000002,SYN-HER,FIELD_OPERATIVE
P000114,Gayatri Jat,ORG000002,SYN-HER,LOGISTICS
P000115,Nirmal Singh,ORG000002,SYN-HER,COURIER
P000116,Kishan Godara,ORG000002,SYN-HER,FIXER
P000117,Nathu Choudhary,ORG000002,SYN-HER,HAWALA_OPERATOR
P000118,Bikramjit Sidhu,ORG000002,SYN-HER,FIELD_OPERATIVE
P000119,Faizan Alam,ORG000002,SYN-HER,COURIER
P000120,Harbhajan Sekhon,ORG000002,SYN-HER,LOGISTICS
P000121,Ashfaq Saifi,ORG000002,SYN-HER,LIEUTENANT
P000122,Karni Bishnoi,ORG000002,SYN-HER,FIELD_OPERATIVE
P000123,Bhoma Poonia,ORG000002,SYN-HER,RECRUITER
P000124,Rafiq Baig,ORG000002,SYN-HER,MULE
P000125,Sarfaraz Idrisi,ORG000002,SYN-HER,SHOOTER
P000126,Haroon Baig,ORG000002,SYN-HER,LOGISTICS
P000127,Nadeem Mirza,ORG000002,SYN-HER,LIEUTENANT
P000128,Jasbir Kang,ORG000002,SYN-HER,LIEUTENANT
P000129,Kulwant Aulakh,ORG000002,SYN-HER,FINANCIER
P000130,Sohan Kumawat,ORG000002,SYN-HER,FIXER
P000131,Imran Siddiqui,ORG000002,SYN-HER,MULE
P000132,Jarnail Sidhu,ORG000002,SYN-HER,SHOOTER
P000133,Gurmeet Bajwa,ORG000002,SYN-HER,LOGISTICS
P000134,Tanveer Sheikh,ORG000002,SYN-HER,SHOOTER
P000135,Karni Meena,ORG000002,SYN-HER,COURIER
P000136,Amarjit Grewal,ORG000002,SYN-HER,FIELD_OPERATIVE
P000137,Paramjit Gill,ORG000002,SYN-HER,COURIER
P000138,Rajwinder Sarao,ORG000002,SYN-HER,FIELD_OPERATIVE
P000139,Chhagan Saini,ORG000002,SYN-HER,FIELD_OPERATIVE
P000140,Bhanwari Jat,ORG000002,SYN-HER,KINGPIN
P000141,Paramjit Grewal,ORG000002,SYN-HER,CORRUPT_OFFICIAL
P000142,Karamjit Bajwa,ORG000002,SYN-HER,COURIER
P000143,Nadeem Khan,ORG000002,SYN-HER,FIELD_OPERATIVE
P000144,Yusuf Baig,ORG000002,SYN-HER,FIXER
P000145,Nirmal Singh,ORG000002,SYN-HER,RECRUITER
P000146,Paramjit Sarao,ORG000002,SYN-HER,FINANCIER
P000147,Devi Lal Sisodia,ORG000002,SYN-HER,FENCE
P000148,Bhanwar Saini,ORG000002,SYN-HER,RECRUITER
P000149,Satnam Sandhu,ORG000002,SYN-HER,LOGISTICS
P000150,Sarfaraz Mansuri,ORG000002,SYN-HER,LOGISTICS
P000151,Baljinder Mann,ORG000002,SYN-HER,COURIER
P000152,Bhoma Poonia,ORG000002,SYN-HER,FIELD_OPERATIVE
P000153,Shahnawaz Mansuri,ORG000002,SYN-HER,LOGISTICS
P000154,Nadeem Farooqui,ORG000002,SYN-HER,RECRUITER
P000155,Ashfaq Shaikh,ORG000002,SYN-HER,FIELD_OPERATIVE
P000156,Paramjit Gill,ORG000002,SYN-HER,LIEUTENANT
P000157,Devi Lal Godara,ORG000002,SYN-HER,MULE
P000158,Sarfaraz Siddiqui,ORG000002,SYN-HER,FIELD_OPERATIVE
P000159,Lakhwinder Brar,ORG000002,SYN-HER,FIELD_OPERATIVE
P000160,Rachhpal Singh,ORG000002,SYN-HER,LOGISTICS
P000161,Mohan Sisodia,ORG000002,SYN-HER,CORRUPT_OFFICIAL
P000162,Amarjit Dhillon,ORG000002,SYN-HER,MULE
P000163,Shahnaz Siddiqui,ORG000002,SYN-HER,COURIER
P000164,Gurmeet Aulakh,ORG000002,SYN-HER,RECRUITER
P000165,Nadeem Chaudhary,ORG000002,SYN-HER,COURIER
P000166,Faizan Hussain,ORG000002,SYN-HER,MULE
P000167,Sukhwinder Dhillon,ORG000002,SYN-HER,MULE
P000168,Sukhdev Bhullar,ORG000002,SYN-HER,FENCE
P000169,Rukhsana Ahmed,ORG000002,SYN-HER,COURIER
P000170,Gopal Poonia,ORG000002,SYN-HER,TECH_HANDLER
P000171,Mohammed Shaikh,ORG000002,SYN-HER,MULE
P000172,Kanta Choudhary,ORG000002,SYN-HER,SHOOTER
P000173,Ibrahim Ahmed,ORG000002,SYN-HER,MULE
P000174,Ranveer Gurjar,ORG000002,SYN-HER,TECH_HANDLER
P000175,Rajesh Prajapati,ORG000003,SYN-CYB,FIELD_OPERATIVE
P000176,Sanjib Gayen,ORG000003,SYN-CYB,MULE
P000177,Palash Sardar,ORG000003,SYN-CYB,COURIER
P000178,Udaiveer Saini,ORG000003,SYN-CYB,FIXER
P000179,Nepal Mistry,ORG000003,SYN-CYB,MULE
P000180,Sukumar Biswas,ORG000003,SYN-CYB,FIELD_OPERATIVE
P000181,Satish Rajput,ORG000003,SYN-CYB,KINGPIN
P000182,Iqbal Pathan,ORG000003,SYN-CYB,COURIER
P000183,Ranjan Mondal,ORG000003,SYN-CYB,LOGISTICS
P000184,Ramesh Srivastava,ORG000003,SYN-CYB,RECRUITER
P000185,Ashok Bhadauria,ORG000003,SYN-CYB,FIELD_OPERATIVE
P000186,Netrapal Rathore,ORG000003,SYN-CYB,LOGISTICS
P000187,Naresh Jaiswal,ORG000003,SYN-CYB,MULE
P000188,Sujoy Sarkar,ORG000003,SYN-CYB,TECH_HANDLER
P000189,Pradip Roy,ORG000003,SYN-CYB,MULE
P000190,Iqbal Khan,ORG000003,SYN-CYB,FINANCIER
P000191,Firoz Sheikh,ORG000003,SYN-CYB,MULE
P000192,Faizan Malik,ORG000003,SYN-CYB,FIELD_OPERATIVE
P000193,Nirmal Barman,ORG000003,SYN-CYB,FIELD_OPERATIVE
P000194,Bandana Das,ORG000003,SYN-CYB,FINANCIER
P000195,Anil Thakur,ORG000003,SYN-CYB,MULE
P000196,Sujoy Chakraborty,ORG000003,SYN-CYB,MULE
P000197,Gopal Roy,ORG000003,SYN-CYB,FIELD_OPERATIVE
P000198,Pradip Barman,ORG000003,SYN-CYB,MULE
P000199,Imran Hussain,ORG000003,SYN-CYB,FIELD_OPERATIVE
P000200,Kavita Dubey,ORG000003,SYN-CYB,COURIER
P000201,Balbir Singh,ORG000003,SYN-CYB,TECH_HANDLER
P000202,Sujoy Das,ORG000003,SYN-CYB,FIELD_OPERATIVE
P000203,Palash Gayen,ORG000003,SYN-CYB,MULE
P000204,Jagdish Rajput,ORG000003,SYN-CYB,TECH_HANDLER
P000205,Anup Adhikari,ORG000003,SYN-CYB,LIEUTENANT
P000206,Mahesh Shukla,ORG000003,SYN-CYB,FIELD_OPERATIVE
P000207,Mahesh Sharma,ORG000003,SYN-CYB,MULE
P000208,Mushtaq Rahman,ORG000003,SYN-CYB,RECRUITER
P000209,Nadeem Rahman,ORG000003,SYN-CYB,TECH_HANDLER
P000210,Haroon Idrisi,ORG000003,SYN-CYB,FIELD_OPERATIVE
P000211,Imran Baig,ORG000003,SYN-CYB,TECH_HANDLER
P000212,Mousumi Sen,ORG000003,SYN-CYB,LOGISTICS
P000213,Ajay Tiwari,ORG000003,SYN-CYB,MULE
P000214,Subhas Dutta,ORG000003,SYN-CYB,MULE
P000215,Udaiveer Yadav,ORG000003,SYN-CYB,MULE
P000216,Firoz Ahmed,ORG000003,SYN-CYB,RECRUITER
P000217,Vinod Sharma,ORG000003,SYN-CYB,MULE
P000218,Haroon Baig,ORG000003,SYN-CYB,TECH_HANDLER
P000219,Jagdish Tomar,ORG000003,SYN-CYB,LIEUTENANT
P000220,Yogendra Gupta,ORG000003,SYN-CYB,MULE
P000221,Triloki Solanki,ORG000003,SYN-CYB,MULE
P000222,Prakash Srivastava,ORG000003,SYN-CYB,COURIER
P000223,Har Prasad Yadav,ORG000003,SYN-CYB,TECH_HANDLER
P000224,Sunil Bhardwaj,ORG000003,SYN-CYB,FIELD_OPERATIVE
P000225,Arindam Gayen,ORG000003,SYN-CYB,COURIER
P000226,Debashish Roy,ORG000003,SYN-CYB,MULE
P000227,Pradip Biswas,ORG000003,SYN-CYB,RECRUITER
P000228,Rupa Roy,ORG000003,SYN-CYB,INFORMANT
P000229,Abdul Sheikh,ORG000003,SYN-CYB,LIEUTENANT
P000230,Tapan Sarkar,ORG000003,SYN-CYB,MULE
P000231,Swapan Bose,ORG000003,SYN-CYB,TECH_HANDLER
P000232,Netrapal Singh,ORG000003,SYN-CYB,TECH_HANDLER
P000233,Naseer Saifi,ORG000003,SYN-CYB,FIELD_OPERATIVE
P000234,Faizan Shaikh,ORG000003,SYN-CYB,FIELD_OPERATIVE
P000235,Dinesh Baghel,ORG000003,SYN-CYB,MULE
P000236,Shyamlal Rajput,ORG000003,SYN-CYB,MULE
P000237,Tapan Sardar,ORG000003,SYN-CYB,MULE
P000238,Girdhari Baghel,ORG000003,SYN-CYB,COURIER
P000239,Kuldeep Rathore,ORG000003,SYN-CYB,MULE
P000240,Javed Ansari,ORG000003,SYN-CYB,MULE
P000241,Shakeel Zaidi,ORG000003,SYN-CYB,FIELD_OPERATIVE
P000242,Pradeep Maurya,ORG000003,SYN-CYB,RECRUITER
P000243,Reshma Hussain,ORG000003,SYN-CYB,LIEUTENANT
P000244,Altaf Baig,ORG000003,SYN-CYB,TECH_HANDLER
P000245,Kartik Adhikari,ORG000003,SYN-CYB,TECH_HANDLER
P000246,Sunil Sharma,ORG000003,SYN-CYB,RECRUITER
P000247,Deepak Nagar,ORG000003,SYN-CYB,FIELD_OPERATIVE
P000248,Afsana Ansari,ORG000003,SYN-CYB,TECH_HANDLER
P000249,Firoz Sheikh,ORG000003,SYN-CYB,MULE
P000250,Palash Ghosh,ORG000003,SYN-CYB,FIELD_OPERATIVE
P000251,Javed Chaudhary,ORG000003,SYN-CYB,MULE
P000252,Anil Yadav,ORG000003,SYN-CYB,FENCE
P000253,Ibrahim Shaikh,ORG000003,SYN-CYB,HAWALA_OPERATOR
P000254,Wasim Sheikh,ORG000003,SYN-CYB,FIELD_OPERATIVE
P000255,Lekhraj Dixit,ORG000003,SYN-CYB,TECH_HANDLER
P000256,Mahesh Verma,ORG000003,SYN-CYB,FENCE
P000257,Sarfaraz Zaidi,ORG000003,SYN-CYB,LIEUTENANT
P000258,Subhas Roy,ORG000003,SYN-CYB,TECH_HANDLER
P000259,Rizwan Baig,ORG000003,SYN-CYB,TECH_HANDLER
P000260,Gautam Adhikari,ORG000003,SYN-CYB,FIELD_OPERATIVE
P000261,Sunil Shukla,ORG000003,SYN-CYB,TECH_HANDLER
P000262,Ibrahim Ansari,ORG000003,SYN-CYB,COURIER
P000263,Palash Sen,ORG000003,SYN-CYB,FIELD_OPERATIVE
P000264,Girdhari Prajapati,ORG000003,SYN-CYB,MULE
P000265,Mushtaq Siddiqui,ORG000003,SYN-CYB,INFORMANT
P000266,Nepal Adhikari,ORG000003,SYN-CYB,RECRUITER
P000267,Sanjib Dutta,ORG000003,SYN-CYB,FIELD_OPERATIVE
P000268,Deepak Sengar,ORG000003,SYN-CYB,LIEUTENANT
P000269,Sajid Farooqui,ORG000003,SYN-CYB,LOGISTICS
P000270,Bhupendra Awasthi,ORG000003,SYN-CYB,MULE
P000271,Ranjan Gayen,ORG000003,SYN-CYB,FIELD_OPERATIVE
P000272,Abdul Saifi,ORG000003,SYN-CYB,RECRUITER
P000273,Sukumar Chakraborty,ORG000003,SYN-CYB,MULE
P000274,Anwar Sheikh,ORG000003,SYN-CYB,MULE
P000275,Arif Shaikh,ORG000003,SYN-CYB,MULE
P000276,Sunil Rajput,ORG000003,SYN-CYB,MULE
P000277,Rupa Naskar,ORG000003,SYN-CYB,FIELD_OPERATIVE
P000278,Ramesh Shukla,ORG000003,SYN-CYB,TECH_HANDLER
P000279,Bhupendra Awasthi,ORG000003,SYN-CYB,FINANCIER
P000280,Ashim Sardar,ORG000003,SYN-CYB,MULE
P000281,Subhas Adhikari,ORG000003,SYN-CYB,FIXER
P000282,Farida Rahman,ORG000003,SYN-CYB,MULE
P000283,Shakeel Sheikh,ORG000003,SYN-CYB,TECH_HANDLER
P000284,Deepak Baghel,ORG000003,SYN-CYB,RECRUITER
P000285,Vijay Dixit,ORG000003,SYN-CYB,FINANCIER
P000286,Gautam Mondal,ORG000003,SYN-CYB,MULE
P000287,Mahesh Maurya,ORG000003,SYN-CYB,FIELD_OPERATIVE
P000288,Gautam Ghosh,ORG000003,SYN-CYB,KINGPIN
P000289,Netrapal Dixit,ORG000003,SYN-CYB,MULE
P000290,Alpesh Shah,ORG000004,SYN-HAW,COURIER
P000291,Manoj Menon,ORG000004,SYN-HAW,FIELD_OPERATIVE
P000292,Wasim Mansuri,ORG000004,SYN-HAW,MULE
P000293,Har Prasad Sharma,ORG000004,SYN-HAW,FIELD_OPERATIVE
P000294,Sarfaraz Pathan,ORG000004,SYN-HAW,RECRUITER
P000295,Imran Saifi,ORG000004,SYN-HAW,LIEUTENANT
P000296,Salim Baig,ORG000004,SYN-HAW,LIEUTENANT
P000297,Divyesh Patel,ORG000004,SYN-HAW,MULE
P000298,Baiju Marar,ORG000004,SYN-HAW,TECH_HANDLER
P000299,Vinayakan Joseph,ORG000004,SYN-HAW,COURIER
P000300,Haroon Idrisi,ORG000004,SYN-HAW,FENCE
P000301,Jayan Joseph,ORG000004,SYN-HAW,FIXER
P000302,Biju Thomas,ORG000004,SYN-HAW,MULE
P000303,Balbir Yadav,ORG000004,SYN-HAW,MULE
P000304,Afsana Malik,ORG000004,SYN-HAW,HAWALA_OPERATOR
P000305,Manoj Chauhan,ORG000004,SYN-HAW,LIEUTENANT
P000306,Nadeem Idrisi,ORG000004,SYN-HAW,FIELD_OPERATIVE
P000307,Ibrahim Idrisi,ORG000004,SYN-HAW,MULE
P000308,Netrapal Singh,ORG000004,SYN-HAW,FIELD_OPERATIVE
P000309,Jignesh Thakor,ORG000004,SYN-HAW,RECRUITER
P000310,Anwar Alam,ORG000004,SYN-HAW,MULE
P000311,Naresh Nagar,ORG000004,SYN-HAW,FIELD_OPERATIVE
P000312,Anoop Kurup,ORG000004,SYN-HAW,HAWALA_OPERATOR
P000313,Sanjay Rathore,ORG000004,SYN-HAW,FIELD_OPERATIVE
P000314,Praveen Kurup,ORG000004,SYN-HAW,HAWALA_OPERATOR
P000315,Paresh Vaghela,ORG000004,SYN-HAW,MULE
P000316,Jitendra Solanki,ORG000004,SYN-HAW,CORRUPT_OFFICIAL
P000317,Nishad Panicker,ORG000004,SYN-HAW,FINANCIER
P000318,Sarfaraz Shaikh,ORG000004,SYN-HAW,LIEUTENANT
P000319,Sarfaraz Baig,ORG000004,SYN-HAW,MULE
P000320,Anoop Mathew,ORG000004,SYN-HAW,FINANCIER
P000321,Vipul Chauhan,ORG000004,SYN-HAW,HAWALA_OPERATOR
P000322,Mushtaq Idrisi,ORG000004,SYN-HAW,FINANCIER
P000323,Wasim Sheikh,ORG000004,SYN-HAW,FIELD_OPERATIVE
P000324,Nilesh Parmar,ORG000004,SYN-HAW,MULE
P000325,Chirag Dave,ORG000004,SYN-HAW,FIELD_OPERATIVE
P000326,Jignesh Patel,ORG000004,SYN-HAW,FINANCIER
P000327,Javed Chaudhary,ORG000004,SYN-HAW,FENCE
P000328,Prakash Awasthi,ORG000004,SYN-HAW,FIELD_OPERATIVE
P000329,Rambabu Yadav,ORG000004,SYN-HAW,FIELD_OPERATIVE
P000330,Wasim Rahman,ORG000004,SYN-HAW,LOGISTICS
P000331,Shakeel Ansari,ORG000004,SYN-HAW,HAWALA_OPERATOR
P000332,Shibu Thomas,ORG000004,SYN-HAW,FINANCIER
P000333,Ketan Dave,ORG000004,SYN-HAW,LOGISTICS
P000334,Sreenivasan Jacob,ORG000004,SYN-HAW,HAWALA_OPERATOR
P000335,Wasim Baig,ORG000004,SYN-HAW,HAWALA_OPERATOR
P000336,Munna Baghel,ORG000004,SYN-HAW,COURIER
P000337,Kalpesh Vaghela,ORG000004,SYN-HAW,CORRUPT_OFFICIAL
P000338,Bharat Rabari,ORG000004,SYN-HAW,LOGISTICS
P000339,Nishad Jacob,ORG000004,SYN-HAW,MULE
P000340,Girdhari Tiwari,ORG000004,SYN-HAW,FIELD_OPERATIVE
P000341,Vipin Panicker,ORG000004,SYN-HAW,FIELD_OPERATIVE
P000342,Rasik Mehta,ORG000004,SYN-HAW,FIELD_OPERATIVE
P000343,Hardik Zala,ORG000004,SYN-HAW,KINGPIN
P000344,Jignesh Dave,ORG000004,SYN-HAW,MULE
P000345,Praveen Jacob,ORG000004,SYN-HAW,RECRUITER
P000346,Rajeevan Marar,ORG000004,SYN-HAW,FIELD_OPERATIVE
P000347,Satish Kushwaha,ORG000004,SYN-HAW,COURIER
P000348,Firoz Mirza,ORG000004,SYN-HAW,FIELD_OPERATIVE
P000349,Rinku Parmar,ORG000004,SYN-HAW,LOGISTICS
P000350,Vipul Chauhan,ORG000004,SYN-HAW,TECH_HANDLER
P000351,Shakeel Mirza,ORG000004,SYN-HAW,FINANCIER
P000352,Ramesh Tiwari,ORG000004,SYN-HAW,FIELD_OPERATIVE
P000353,Ratheesh Menon,ORG000004,SYN-HAW,FIELD_OPERATIVE
P000354,Shailendra Baghel,ORG000004,SYN-HAW,TECH_HANDLER
P000355,Randhir Sharma,ORG000004,SYN-HAW,FIELD_OPERATIVE
P000356,Sudha Kushwaha,ORG000004,SYN-HAW,TECH_HANDLER
P000357,Om Prakash Rajput,ORG000004,SYN-HAW,FIELD_OPERATIVE
P000358,Prakash Rai,ORG000005,SYN-MIN,LOGISTICS
P000359,Shivanna Kamath,ORG000005,SYN-MIN,LIEUTENANT
P000360,Jagdish Singh,ORG000005,SYN-MIN,FIELD_OPERATIVE
P000361,Ramesh Dixit,ORG000005,SYN-MIN,RECRUITER
P000362,Suresh Jaiswal,ORG000005,SYN-MIN,LOGISTICS
P000363,Perumal Kurup,ORG000005,SYN-MIN,FIELD_OPERATIVE
P000364,Jitendra Prajapati,ORG000005,SYN-MIN,COURIER
P000365,Velu Nadar,ORG000005,SYN-MIN,COURIER
P000366,Har Prasad Yadav,ORG000005,SYN-MIN,LOGISTICS
P000367,Ilango Annadurai,ORG000005,SYN-MIN,LOGISTICS
P000368,Dinesh Rathore,ORG000005,SYN-MIN,FINANCIER
P000369,Ravichandran Nadar,ORG000005,SYN-MIN,FIXER
P000370,Yallappa Angadi,ORG000005,SYN-MIN,LIEUTENANT
P000371,Manoj Yadav,ORG000005,SYN-MIN,MULE
P000372,Rajendran Pillai,ORG000005,SYN-MIN,HAWALA_OPERATOR
P000373,Saravanan Mudaliar,ORG000005,SYN-MIN,MULE
P000374,Murugan Annadurai,ORG000005,SYN-MIN,FIELD_OPERATIVE
P000375,Satish Kushwaha,ORG000005,SYN-MIN,MULE
P000376,Hanumanthappa Acharya,ORG000005,SYN-MIN,FIELD_OPERATIVE
P000377,Veeresh Acharya,ORG000005,SYN-MIN,RECRUITER
P000378,Malathi Raja,ORG000005,SYN-MIN,SHOOTER
P000379,Saravanan Naicker,ORG000005,SYN-MIN,TECH_HANDLER
P000380,Rajendran Gounder,ORG000005,SYN-MIN,MULE
P000381,Perumal Subramanian,ORG000005,SYN-MIN,CORRUPT_OFFICIAL
P000382,Mallikarjun Rai,ORG000005,SYN-MIN,MULE
P000383,Balbir Yadav,ORG000005,SYN-MIN,FIELD_OPERATIVE
P000384,Deepak Gupta,ORG000005,SYN-MIN,LIEUTENANT
P000385,Ilango Palanivel,ORG000005,SYN-MIN,MULE
P000386,Thangaraj Naicker,ORG000005,SYN-MIN,FIELD_OPERATIVE
P000387,Selvam Naicker,ORG000005,SYN-MIN,TECH_HANDLER
P000388,Manjunath Hegde,ORG000005,SYN-MIN,FIELD_OPERATIVE
P000389,Shivanna Angadi,ORG000005,SYN-MIN,FENCE
P000390,Chitra Mudaliar,ORG000005,SYN-MIN,FIELD_OPERATIVE
P000391,Mallikarjun Desai,ORG000005,SYN-MIN,RECRUITER
P000392,Palanisamy Raja,ORG000005,SYN-MIN,MULE
P000393,Anbu Muthusamy,ORG000005,SYN-MIN,FIELD_OPERATIVE
P000394,Pramod Shukla,ORG000005,SYN-MIN,FIELD_OPERATIVE
P000395,Kannan Annadurai,ORG000005,SYN-MIN,FIXER
P000396,Netrapal Nishad,ORG000005,SYN-MIN,INFORMANT
P000397,Selvam Gounder,ORG000005,SYN-MIN,KINGPIN
P000398,Girish Hiremath,ORG000005,SYN-MIN,FIELD_OPERATIVE
P000399,Netrapal Bhardwaj,ORG000005,SYN-MIN,MULE
P000400,Mallikarjun Hiremath,ORG000005,SYN-MIN,SHOOTER
P000401,Rajendran Subramanian,ORG000005,SYN-MIN,TECH_HANDLER
P000402,Sanjay Dubey,ORG000005,SYN-MIN,FIELD_OPERATIVE
P000403,Saravanan Mudaliar,ORG000005,SYN-MIN,INFORMANT
P000404,Elango Annadurai,ORG000005,SYN-MIN,FIELD_OPERATIVE
P000405,Om Prakash Chauhan,ORG000005,SYN-MIN,FIXER
P000406,Triloki Dubey,ORG000005,SYN-MIN,SHOOTER
P000407,Ajay Prajapati,ORG000005,SYN-MIN,LOGISTICS
P000408,Manjunath Gowda,ORG000005,SYN-MIN,FIELD_OPERATIVE
P000409,Sanjay Nagar,ORG000005,SYN-MIN,INFORMANT
P000410,Arun Maurya,ORG000005,SYN-MIN,LOGISTICS
P000411,Kumaraswamy Kulkarni,ORG000005,SYN-MIN,FIELD_OPERATIVE
P000412,Lokesh Chikkanna,ORG000005,SYN-MIN,MULE
P000413,Selvam Kurup,ORG000005,SYN-MIN,COURIER
P000414,Thangaraj Rajendran,ORG000005,SYN-MIN,MULE
P000415,Vinod Thakur,ORG000005,SYN-MIN,COURIER
P000416,Manikandan Annadurai,ORG000005,SYN-MIN,MULE
P000417,Yogendra Tomar,ORG000006,SYN-TRF,LOGISTICS
P000418,Gopal Naskar,ORG000006,SYN-TRF,FIXER
P000419,Palash Mistry,ORG000006,SYN-TRF,TECH_HANDLER
P000420,Shahnawaz Hussain,ORG000006,SYN-TRF,MULE
P000421,Yusuf Hussain,ORG000006,SYN-TRF,RECRUITER
P000422,Debashish Biswas,ORG000006,SYN-TRF,MULE
P000423,Sikha Halder,ORG000006,SYN-TRF,COURIER
P000424,Shanti Dubey,ORG000006,SYN-TRF,RECRUITER
P000425,Nirmal Chakraborty,ORG000006,SYN-TRF,TECH_HANDLER
P000426,Ibrahim Mirza,ORG000006,SYN-TRF,LIEUTENANT
P000427,Naseer Baig,ORG000006,SYN-TRF,SHOOTER
P000428,Sajid Farooqui,ORG000006,SYN-TRF,SHOOTER
P000429,Tapan Biswas,ORG000006,SYN-TRF,LIEUTENANT
P000430,Kartik Halder,ORG000006,SYN-TRF,LOGISTICS
P000431,Bikash Roy,ORG000006,SYN-TRF,LIEUTENANT
P000432,Mohammed Pathan,ORG000006,SYN-TRF,HAWALA_OPERATOR
P000433,Subhas Naskar,ORG000006,SYN-TRF,MULE
P000434,Ibrahim Khan,ORG000006,SYN-TRF,FIXER
P000435,Naseer Zaidi,ORG000006,SYN-TRF,LOGISTICS
P000436,Shahnawaz Mirza,ORG000006,SYN-TRF,LOGISTICS
P000437,Farida Khan,ORG000006,SYN-TRF,RECRUITER
P000438,Kartik Bose,ORG000006,SYN-TRF,FIELD_OPERATIVE
P000439,Gopal Biswas,ORG000006,SYN-TRF,FIELD_OPERATIVE
P000440,Swapan Gayen,ORG000006,SYN-TRF,SHOOTER
P000441,Tanveer Rahman,ORG000006,SYN-TRF,FIELD_OPERATIVE
P000442,Swapan Gayen,ORG000006,SYN-TRF,LOGISTICS
P000443,Salim Zaidi,ORG000006,SYN-TRF,MULE
P000444,Haroon Ansari,ORG000006,SYN-TRF,LOGISTICS
P000445,Kartik Das,ORG000006,SYN-TRF,COURIER
P000446,Udaiveer Gupta,ORG000006,SYN-TRF,CORRUPT_OFFICIAL
P000447,Javed Malik,ORG000006,SYN-TRF,FIELD_OPERATIVE
P000448,Gautam Majumdar,ORG000006,SYN-TRF,FIELD_OPERATIVE
P000449,Sanjib Bhattacharya,ORG000006,SYN-TRF,COURIER
P000450,Neelam Singh,ORG000006,SYN-TRF,FIXER
P000451,Munna Chauhan,ORG000006,SYN-TRF,FIELD_OPERATIVE
P000452,Mushtaq Baig,ORG000006,SYN-TRF,MULE
P000453,Hariom Shukla,ORG000006,SYN-TRF,LOGISTICS
P000454,Gautam Halder,ORG000006,SYN-TRF,RECRUITER
P000455,Kartik Majumdar,ORG000006,SYN-TRF,FIELD_OPERATIVE
P000456,Manju Prajapati,ORG000006,SYN-TRF,MULE
P000457,Naseer Malik,ORG000006,SYN-TRF,FENCE
P000458,Zubair Ahmed,ORG000006,SYN-TRF,MULE
P000459,Gopal Pal,ORG000006,SYN-TRF,CORRUPT_OFFICIAL
P000460,Anil Pandey,ORG000006,SYN-TRF,FINANCIER
P000461,Palash Sarkar,ORG000006,SYN-TRF,MULE
P000462,Kuldeep Pandey,ORG000006,SYN-TRF,FIELD_OPERATIVE
P000463,Ashim Pal,ORG000006,SYN-TRF,SHOOTER
P000464,Vinod Rajput,ORG000006,SYN-TRF,KINGPIN
P000465,Sanjib Das,ORG000006,SYN-TRF,CORRUPT_OFFICIAL
P000466,Har Prasad Pandey,ORG000006,SYN-TRF,HAWALA_OPERATOR
P000467,Firoz Rahman,ORG000006,SYN-TRF,COURIER
P000468,Gopal Naskar,ORG000006,SYN-TRF,SHOOTER
P000469,Mohammed Baig,ORG000006,SYN-TRF,RECRUITER
P000470,Girdhari Shukla,ORG000006,SYN-TRF,RECRUITER
P000471,Swapan Dutta,ORG000006,SYN-TRF,SHOOTER
P000472,Manoj Kashyap,ORG000007,SYN-ARM,LIEUTENANT
P000473,Arun Kashyap,ORG000007,SYN-ARM,MULE
P000474,Prakash Singh,ORG000007,SYN-ARM,LOGISTICS
P000475,Tanveer Pathan,ORG000007,SYN-ARM,MULE
P000476,Imran Rahman,ORG000007,SYN-ARM,MULE
P000477,Tanveer Farooqui,ORG000007,SYN-ARM,FIELD_OPERATIVE
P000478,Triloki Tiwari,ORG000007,SYN-ARM,FIELD_OPERATIVE
P000479,Balbir Baghel,ORG000007,SYN-ARM,LOGISTICS
P000480,Tanveer Farooqui,ORG000007,SYN-ARM,RECRUITER
P000481,Sajid Mansuri,ORG000007,SYN-ARM,COURIER
P000482,Naresh Mishra,ORG000007,SYN-ARM,COURIER
P000483,Ibrahim Pathan,ORG000007,SYN-ARM,SHOOTER
P000484,Tanveer Shaikh,ORG000007,SYN-ARM,LOGISTICS
P000485,Pramod Kushwaha,ORG000007,SYN-ARM,HAWALA_OPERATOR
P000486,Tanveer Khan,ORG000007,SYN-ARM,MULE
P000487,Ashfaq Zaidi,ORG000007,SYN-ARM,RECRUITER
P000488,Aslam Ahmed,ORG000007,SYN-ARM,MULE
P000489,Jitendra Mishra,ORG000007,SYN-ARM,MULE
P000490,Ashok Verma,ORG000007,SYN-ARM,CORRUPT_OFFICIAL
P000491,Anil Srivastava,ORG000007,SYN-ARM,SHOOTER
P000492,Sunil Nagar,ORG000007,SYN-ARM,FIELD_OPERATIVE
P000493,Yusuf Saifi,ORG000007,SYN-ARM,FIELD_OPERATIVE
P000494,Yogendra Pandey,ORG000007,SYN-ARM,INFORMANT
P000495,Firoz Mansuri,ORG000007,SYN-ARM,FENCE
P000496,Har Prasad Rajput,ORG000007,SYN-ARM,FIELD_OPERATIVE
P000497,Prakash Thakur,ORG000007,SYN-ARM,KINGPIN
P000498,Chandrabhan Srivastava,ORG000007,SYN-ARM,LIEUTENANT
P000499,Chandrabhan Pandey,ORG000007,SYN-ARM,FIELD_OPERATIVE
P000500,Wasim Rahman,ORG000007,SYN-ARM,RECRUITER
P000501,Rafiq Siddiqui,ORG000007,SYN-ARM,MULE
P000502,Ramesh Nagar,ORG000007,SYN-ARM,CORRUPT_OFFICIAL
P000503,Kavita Nishad,ORG000007,SYN-ARM,FIELD_OPERATIVE
P000504,Jitendra Solanki,ORG000007,SYN-ARM,SHOOTER
P000505,Nazia Khan,ORG000007,SYN-ARM,MULE
P000506,Urmila Prajapati,ORG000007,SYN-ARM,LOGISTICS
P000507,Suresh Nishad,ORG000007,SYN-ARM,FENCE
P000508,Rizwan Ahmed,ORG000007,SYN-ARM,FIELD_OPERATIVE
P000509,Shakeel Mirza,ORG000007,SYN-ARM,RECRUITER
P000510,Nazia Saifi,ORG000007,SYN-ARM,LOGISTICS
P000511,Rafiq Zaidi,ORG000007,SYN-ARM,FENCE
P000512,Firoz Saifi,ORG000007,SYN-ARM,SHOOTER
P000513,Devendra Bhardwaj,ORG000007,SYN-ARM,FIXER
P000514,Rafiq Sheikh,ORG000007,SYN-ARM,LOGISTICS
P000515,Mahesh Chauhan,ORG000007,SYN-ARM,MULE
P000516,Altaf Pathan,ORG000007,SYN-ARM,SHOOTER
P000517,Hariom Sengar,ORG000007,SYN-ARM,MULE
P000518,Rukhsana Rahman,ORG000007,SYN-ARM,LOGISTICS
P000519,Pramod Jaiswal,ORG000008,SYN-VEH,FIXER
P000520,Simranjit Bains,ORG000008,SYN-VEH,LOGISTICS
P000521,Vijay Bhadauria,ORG000008,SYN-VEH,FENCE
P000522,Wasim Malik,ORG000008,SYN-VEH,LOGISTICS
P000523,Triloki Shukla,ORG000008,SYN-VEH,RECRUITER
P000524,Aslam Saifi,ORG000008,SYN-VEH,HAWALA_OPERATOR
P000525,Naseer Ahmed,ORG000008,SYN-VEH,MULE
P000526,Vinod Singh,ORG000008,SYN-VEH,MULE
P000527,Harbhajan Sarao,ORG000008,SYN-VEH,FENCE
P000528,Satnam Sidhu,ORG000008,SYN-VEH,LOGISTICS
P000529,Pramod Baghel,ORG000008,SYN-VEH,RECRUITER
P000530,Ranjit Bajwa,ORG000008,SYN-VEH,FIXER
P000531,Ashfaq Rahman,ORG000008,SYN-VEH,RECRUITER
P000532,Shakeel Rahman,ORG000008,SYN-VEH,SHOOTER
P000533,Jaswant Brar,ORG000008,SYN-VEH,MULE
P000534,Pushpa Awasthi,ORG000008,SYN-VEH,TECH_HANDLER
P000535,Om Prakash Bhardwaj,ORG000008,SYN-VEH,LOGISTICS
P000536,Javed Shaikh,ORG000008,SYN-VEH,FIELD_OPERATIVE
P000537,Harbhajan Bhullar,ORG000008,SYN-VEH,SHOOTER
P000538,Balwinder Gill,ORG000008,SYN-VEH,TECH_HANDLER
P000539,Sandeep Awasthi,ORG000008,SYN-VEH,FENCE
P000540,Tarsem Gill,ORG000008,SYN-VEH,CORRUPT_OFFICIAL
P000541,Javed Alam,ORG000008,SYN-VEH,MULE
P000542,Paramjit Sarao,ORG000008,SYN-VEH,FIELD_OPERATIVE
P000543,Shahnawaz Mansuri,ORG000008,SYN-VEH,HAWALA_OPERATOR
P000544,Iqbal Malik,ORG000008,SYN-VEH,FENCE
P000545,Abdul Alam,ORG000008,SYN-VEH,INFORMANT
P000546,Om Prakash Rathore,ORG000008,SYN-VEH,MULE
P000547,Jarnail Sarao,ORG000008,SYN-VEH,FIELD_OPERATIVE
P000548,Anil Prajapati,ORG000008,SYN-VEH,FIELD_OPERATIVE
P000549,Tanveer Rahman,ORG000008,SYN-VEH,FIELD_OPERATIVE
P000550,Anwar Qureshi,ORG000008,SYN-VEH,COURIER
P000551,Abdul Idrisi,ORG000008,SYN-VEH,LIEUTENANT
P000552,Manju Yadav,ORG000008,SYN-VEH,FIELD_OPERATIVE
P000553,Vijay Rajput,ORG000008,SYN-VEH,LOGISTICS
P000554,Davinder Bhullar,ORG000008,SYN-VEH,FINANCIER
P000555,Dinesh Gupta,ORG000008,SYN-VEH,LIEUTENANT
P000556,Zubair Saifi,ORG000008,SYN-VEH,KINGPIN
P000557,Haroon Pathan,ORG000008,SYN-VEH,TECH_HANDLER
P000558,Mahesh Kushwaha,ORG000008,SYN-VEH,FINANCIER
P000559,Tarsem Singh,ORG000008,SYN-VEH,SHOOTER
P000560,Devendra Bhardwaj,ORG000008,SYN-VEH,FINANCIER
P000561,Nirmal Gill,ORG000008,SYN-VEH,LIEUTENANT
P000562,Yusuf Pathan,ORG000008,SYN-VEH,HAWALA_OPERATOR
P000563,Malkiat Bains,ORG000008,SYN-VEH,CORRUPT_OFFICIAL
P000564,Wasim Khan,ORG000008,SYN-VEH,FINANCIER
P000565,Devendra Tiwari,ORG000008,SYN-VEH,FIELD_OPERATIVE
P000566,Ajay Dubey,ORG000008,SYN-VEH,FIELD_OPERATIVE
P000567,Triloki Yadav,ORG000008,SYN-VEH,FENCE
P000568,Lakhwinder Singh,ORG000008,SYN-VEH,TECH_HANDLER
P000569,Rizwan Qureshi,ORG000008,SYN-VEH,HAWALA_OPERATOR
P000570,Dinesh Dubey,ORG000009,SYN-FIC,COURIER
P000571,Salim Ahmed,ORG000009,SYN-FIC,FIELD_OPERATIVE
P000572,Mohammed Sheikh,ORG000009,SYN-FIC,FIXER
P000573,Sandeep Dixit,ORG000009,SYN-FIC,FENCE
P000574,Ashim Mondal,ORG000009,SYN-FIC,SHOOTER
P000575,Vinod Nagar,ORG000009,SYN-FIC,FENCE
P000576,Anup Chakraborty,ORG000009,SYN-FIC,FIXER
P000577,Nirmal Naskar,ORG000009,SYN-FIC,COURIER
P000578,Nepal Gayen,ORG000009,SYN-FIC,INFORMANT
P000579,Shanti Kushwaha,ORG000009,SYN-FIC,LIEUTENANT
P000580,Nepal Mondal,ORG000009,SYN-FIC,LIEUTENANT
P000581,Shahnawaz Ansari,ORG000009,SYN-FIC,RECRUITER
P000582,Arindam Bhattacharya,ORG000009,SYN-FIC,COURIER
P000583,Arindam Biswas,ORG000009,SYN-FIC,COURIER
P000584,Pradip Sen,ORG000009,SYN-FIC,MULE
P000585,Iqbal Hussain,ORG000009,SYN-FIC,FIXER
P000586,Nirmal Mistry,ORG000009,SYN-FIC,FIELD_OPERATIVE
P000587,Shabana Ahmed,ORG000009,SYN-FIC,FIELD_OPERATIVE
P000588,Tapan Roy,ORG000009,SYN-FIC,RECRUITER
P000589,Ramesh Awasthi,ORG000009,SYN-FIC,LOGISTICS
P000590,Shailendra Kashyap,ORG000009,SYN-FIC,FIELD_OPERATIVE
P000591,Anup Roy,ORG000009,SYN-FIC,FINANCIER
P000592,Sudha Singh,ORG000009,SYN-FIC,FIELD_OPERATIVE
P000593,Ashim Pal,ORG000009,SYN-FIC,FENCE
P000594,Sanjib Majumdar,ORG000009,SYN-FIC,CORRUPT_OFFICIAL
P000595,Faizan Pathan,ORG000009,SYN-FIC,RECRUITER
P000596,Afsana Ahmed,ORG000009,SYN-FIC,SHOOTER
P000597,Anup Roy,ORG000009,SYN-FIC,MULE
P000598,Tanveer Siddiqui,ORG000009,SYN-FIC,LOGISTICS
P000599,Satish Awasthi,ORG000009,SYN-FIC,COURIER
P000600,Shabana Qureshi,ORG000009,SYN-FIC,MULE
P000601,Sarfaraz Chaudhary,ORG000009,SYN-FIC,CORRUPT_OFFICIAL
P000602,Kuldeep Sengar,ORG000009,SYN-FIC,SHOOTER
P000603,Firoz Rahman,ORG000009,SYN-FIC,FIELD_OPERATIVE
P000604,Faizan Malik,ORG000009,SYN-FIC,FIELD_OPERATIVE
P000605,Pradip Chakraborty,ORG000009,SYN-FIC,FIELD_OPERATIVE
P000606,Tanveer Rahman,ORG000009,SYN-FIC,FIELD_OPERATIVE
P000607,Udaiveer Prajapati,ORG000009,SYN-FIC,FIXER
P000608,Shailendra Sengar,ORG000009,SYN-FIC,COURIER
P000609,Pradeep Shukla,ORG000009,SYN-FIC,SHOOTER
P000610,Nirmal Bose,ORG000009,SYN-FIC,KINGPIN
P000611,Rambabu Kumar,ORG000010,SYN-GAN,SHOOTER
P000612,Sudhakar Prasad,ORG000010,SYN-GAN,LIEUTENANT
P000613,Sasmita Behera,ORG000010,SYN-GAN,FIELD_OPERATIVE
P000614,Rajendran Muthusamy,ORG000010,SYN-GAN,FIXER
P000615,Mallesh Yadav,ORG000010,SYN-GAN,LIEUTENANT
P000616,Sudarshan Mallick,ORG000010,SYN-GAN,MULE
P000617,Chandra Shekar Setty,ORG000010,SYN-GAN,MULE
P000618,Basanta Behera,ORG000010,SYN-GAN,FIELD_OPERATIVE
P000619,Prasanna Mallick,ORG000010,SYN-GAN,COURIER
P000620,Saravanan Rajendran,ORG000010,SYN-GAN,FIELD_OPERATIVE
P000621,Revathi Mudaliar,ORG000010,SYN-GAN,SHOOTER
P000622,Trilochan Mohanty,ORG000010,SYN-GAN,FIELD_OPERATIVE
P000623,Saravanan Pillai,ORG000010,SYN-GAN,LOGISTICS
P000624,Balaraju Nallamothu,ORG000010,SYN-GAN,INFORMANT
P000625,Perumal Sundaram,ORG000010,SYN-GAN,KINGPIN
P000626,Murugan Muthusamy,ORG000010,SYN-GAN,COURIER
P000627,Amutha Rajendran,ORG000010,SYN-GAN,RECRUITER
P000628,Vetrivel Gounder,ORG000010,SYN-GAN,LOGISTICS
P000629,Ramulu Reddy,ORG000010,SYN-GAN,MULE
P000630,Bibhuti Mohanty,ORG000010,SYN-GAN,COURIER
P000631,Narsimha Prasad,ORG000010,SYN-GAN,FINANCIER
P000632,Sekar Subramanian,ORG000010,SYN-GAN,FIELD_OPERATIVE
P000633,Arivazhagan Mudaliar,ORG000010,SYN-GAN,LIEUTENANT
P000634,Srinivas Bandari,ORG000010,SYN-GAN,MULE
P000635,Manikandan Annadurai,ORG000010,SYN-GAN,MULE
P000636,Lakshmi Sharma,ORG000010,SYN-GAN,MULE
P000637,Chitra Naicker,ORG000010,SYN-GAN,MULE
P000638,Mallesh Choudary,ORG000010,SYN-GAN,MULE
P000639,Sasmita Behera,ORG000010,SYN-GAN,MULE
P000640,Perumal Palanivel,ORG000010,SYN-GAN,MULE
P000641,Palanisamy Palanivel,ORG000010,SYN-GAN,COURIER
P000642,Bhagaban Panda,ORG000010,SYN-GAN,MULE
P000643,Niranjan Panda,ORG000010,SYN-GAN,FIELD_OPERATIVE
P000644,Nagaraju Rao,ORG000010,SYN-GAN,FIELD_OPERATIVE
P000645,Prasanna Mohanty,ORG000010,SYN-GAN,RECRUITER
P000646,Jagabandhu Sahoo,ORG000010,SYN-GAN,HAWALA_OPERATOR
P000647,Trilochan Rout,ORG000010,SYN-GAN,FIELD_OPERATIVE
P000648,Saravanan Mudaliar,ORG000010,SYN-GAN,FIELD_OPERATIVE
P000649,Srinivas Choudary,ORG000010,SYN-GAN,FIELD_OPERATIVE
P000650,Kumaresan Muthusamy,ORG000010,SYN-GAN,TECH_HANDLER
P000651,Yellaiah Kondapalli,ORG000010,SYN-GAN,MULE
P000652,Basanta Sahoo,ORG000010,SYN-GAN,TECH_HANDLER
P000653,Sudarshan Behera,ORG000010,SYN-GAN,FIELD_OPERATIVE
P000654,Manikandan Rajendran,ORG000010,SYN-GAN,MULE
P000655,Karthik Thevar,ORG000010,SYN-GAN,HAWALA_OPERATOR
P000656,Niranjan Dash,ORG000010,SYN-GAN,COURIER
P000657,Bhagaban Mohanty,ORG000010,SYN-GAN,FIELD_OPERATIVE
P000658,Karthik Annadurai,ORG000010,SYN-GAN,LOGISTICS
P000659,Jagabandhu Munda,ORG000010,SYN-GAN,COURIER
P000660,Srinivas Kondapalli,ORG000010,SYN-GAN,FIELD_OPERATIVE
P000661,Rajendran Thevar,ORG000010,SYN-GAN,FINANCIER
P000662,Akshaya Jena,ORG000010,SYN-GAN,LOGISTICS
P000663,Sabita Sahoo,ORG000010,SYN-GAN,RECRUITER
P000664,Mallesh Naidu,ORG000010,SYN-GAN,MULE
P000665,Pramila Dash,ORG000010,SYN-GAN,FIELD_OPERATIVE
P000666,Hariom Bhardwaj,ORG000011,SYN-PON,FIELD_OPERATIVE
P000667,Pramod Singh,ORG000011,SYN-PON,MULE
P000668,Sarat Rout,ORG000011,SYN-PON,MULE
P000669,Tapan Naskar,ORG000011,SYN-PON,MULE
P000670,Bhagaban Sahoo,ORG000011,SYN-PON,COURIER
P000671,Basanta Jena,ORG000011,SYN-PON,FIELD_OPERATIVE
P000672,Sasmita Mallick,ORG000011,SYN-PON,MULE
P000673,Vijay Dubey,ORG000011,SYN-PON,FIELD_OPERATIVE
P000674,Basanta Pradhan,ORG000011,SYN-PON,FIELD_OPERATIVE
P000675,Naresh Shukla,ORG000011,SYN-PON,MULE
P000676,Kartik Sardar,ORG000011,SYN-PON,MULE
P000677,Bhagaban Dash,ORG000011,SYN-PON,FIELD_OPERATIVE
P000678,Bibhuti Munda,ORG000011,SYN-PON,FIELD_OPERATIVE
P000679,Bandana Sardar,ORG000011,SYN-PON,CORRUPT_OFFICIAL
P000680,Prakash Dubey,ORG000011,SYN-PON,MULE
P000681,Ashim Biswas,ORG000011,SYN-PON,FIELD_OPERATIVE
P000682,Rupa Das,ORG000011,SYN-PON,RECRUITER
P000683,Sanjib Mistry,ORG000011,SYN-PON,FINANCIER
P000684,Sunil Verma,ORG000011,SYN-PON,RECRUITER
P000685,Balbir Mishra,ORG000011,SYN-PON,FENCE
P000686,Arindam Halder,ORG000011,SYN-PON,FIELD_OPERATIVE
P000687,Dinesh Prajapati,ORG000011,SYN-PON,MULE
P000688,Pradip Ghosh,ORG000011,SYN-PON,FIELD_OPERATIVE
P000689,Jagdish Verma,ORG000011,SYN-PON,FINANCIER
P000690,Bimal Majumdar,ORG000011,SYN-PON,MULE
P000691,Arun Gupta,ORG000011,SYN-PON,FINANCIER
P000692,Bimal Halder,ORG000011,SYN-PON,MULE
P000693,Arun Chauhan,ORG000011,SYN-PON,LIEUTENANT
P000694,Gautam Sen,ORG000011,SYN-PON,COURIER
P000695,Basanta Mallick,ORG000011,SYN-PON,KINGPIN
P000696,Jagabandhu Sahoo,ORG000011,SYN-PON,FIELD_OPERATIVE
P000697,Kartik Dutta,ORG000011,SYN-PON,FIELD_OPERATIVE
P000698,Sunil Pandey,ORG000011,SYN-PON,FIELD_OPERATIVE
P000699,Prasanna Jena,ORG000011,SYN-PON,RECRUITER
P000700,Mahesh Yadav,ORG000011,SYN-PON,MULE
P000701,Pradip Naskar,ORG000011,SYN-PON,MULE
P000702,Basanta Jena,ORG000011,SYN-PON,MULE
P000703,Mahesh Saini,ORG000011,SYN-PON,FIELD_OPERATIVE
P000704,Udaiveer Srivastava,ORG000011,SYN-PON,COURIER
P000705,Arindam Mondal,ORG000011,SYN-PON,TECH_HANDLER
P000706,Balbir Baghel,ORG000011,SYN-PON,FIELD_OPERATIVE
P000707,Akshaya Sahoo,ORG000011,SYN-PON,LIEUTENANT
P000708,Rabindra Nayak,ORG000011,SYN-PON,RECRUITER
P000709,Akshaya Sahoo,ORG000011,SYN-PON,RECRUITER
P000710,Sujoy Bhattacharya,ORG000011,SYN-PON,CORRUPT_OFFICIAL
P000711,Vijay Singh,ORG000011,SYN-PON,INFORMANT
P000712,Basanta Panda,ORG000011,SYN-PON,FIELD_OPERATIVE
P000713,Aarti More,ORG000012,SYN-BET,RECRUITER
P000714,Divyesh Vaghela,ORG000012,SYN-BET,MULE
P000715,Imran Farooqui,ORG000012,SYN-BET,FIELD_OPERATIVE
P000716,Vaishnavi Kadam,ORG000012,SYN-BET,FIELD_OPERATIVE
P000717,Hitesh Zala,ORG000012,SYN-BET,CORRUPT_OFFICIAL
P000718,Haroon Pathan,ORG000012,SYN-BET,FIELD_OPERATIVE
P000719,Yusuf Khan,ORG000012,SYN-BET,MULE
P000720,Manisha Patil,ORG000012,SYN-BET,FIELD_OPERATIVE
P000721,Munna Kushwaha,ORG000012,SYN-BET,FIELD_OPERATIVE
P000722,Ashwin Shah,ORG000012,SYN-BET,LIEUTENANT
P000723,Ketan Prajapati,ORG000012,SYN-BET,FINANCIER
P000724,Pandurang Naik,ORG000012,SYN-BET,FINANCIER
P000725,Altaf Khan,ORG000012,SYN-BET,LIEUTENANT
P000726,Rahul Rane,ORG000012,SYN-BET,COURIER
P000727,Vishal More,ORG000012,SYN-BET,MULE
P000728,Netrapal Saini,ORG000012,SYN-BET,RECRUITER
P000729,Vinod Bhadauria,ORG000012,SYN-BET,LIEUTENANT
P000730,Arif Mansuri,ORG000012,SYN-BET,FINANCIER
P000731,Aarti Shinde,ORG000012,SYN-BET,CORRUPT_OFFICIAL
P000732,Bhaskar Shinde,ORG000012,SYN-BET,FIELD_OPERATIVE
P000733,Kalpesh Solanki,ORG000012,SYN-BET,MULE
P000734,Bhaskar Kadam,ORG000012,SYN-BET,MULE
P000735,Vipul Parmar,ORG000012,SYN-BET,TECH_HANDLER
P000736,Sunil Yadav,ORG000012,SYN-BET,FIELD_OPERATIVE
P000737,Sachin Patil,ORG000012,SYN-BET,KINGPIN
P000738,Dharmesh Joshi,ORG000012,SYN-BET,FINANCIER
P000739,Har Prasad Gupta,ORG000012,SYN-BET,RECRUITER
P000740,Faizan Baig,ORG000012,SYN-BET,FIELD_OPERATIVE
P000741,Trupti Parmar,ORG000012,SYN-BET,HAWALA_OPERATOR
P000742,Smita Sawant,ORG000012,SYN-BET,FIELD_OPERATIVE
P000743,Har Prasad Sharma,ORG000012,SYN-BET,FIELD_OPERATIVE
P000744,Hardik Thakor,ORG000012,SYN-BET,COURIER
P000745,Paresh Rabari,ORG000012,SYN-BET,FIELD_OPERATIVE
P000746,Swapnil Kadam,ORG000012,SYN-BET,FIELD_OPERATIVE
P000747,Jitendra Bhardwaj,ORG000012,SYN-BET,FENCE
P000748,Divyesh Desai,ORG000012,SYN-BET,FINANCIER
P000749,Shyamlal Bhardwaj,ORG000012,SYN-BET,FIELD_OPERATIVE
P000750,Nadeem Khan,ORG000012,SYN-BET,RECRUITER
P000751,Devendra Maurya,ORG000012,SYN-BET,FIELD_OPERATIVE
P000752,Mitesh Shah,ORG000012,SYN-BET,FIELD_OPERATIVE
P000753,Chandrabhan Shukla,ORG000012,SYN-BET,FIELD_OPERATIVE
P000754,Dharmesh Makwana,ORG000012,SYN-BET,FIELD_OPERATIVE
P000755,Nilesh Bhoir,ORG000012,SYN-BET,MULE
P000756,Shakeel Malik,ORG000012,SYN-BET,TECH_HANDLER
P000757,Ashfaq Rahman,ORG000012,SYN-BET,RECRUITER
P000758,Ibrahim Shaikh,ORG000012,SYN-BET,FIELD_OPERATIVE
P000759,Devendra Chauhan,ORG000012,SYN-BET,MULE
P000760,Ashfaq Shaikh,ORG000012,SYN-BET,FIELD_OPERATIVE
P000761,Mahesh Pandey,ORG000012,SYN-BET,LOGISTICS
P000762,Nilesh Shinde,ORG000012,SYN-BET,FIELD_OPERATIVE
P000763,Randhir Tiwari,ORG000012,SYN-BET,MULE
P000764,Om Prakash Maurya,ORG000013,SYN-KDN,FIELD_OPERATIVE
P000765,Salim Shaikh,ORG000013,SYN-KDN,HAWALA_OPERATOR
P000766,Balbir Shukla,ORG000013,SYN-KDN,FIELD_OPERATIVE
P000767,Balbir Dixit,ORG000013,SYN-KDN,FIELD_OPERATIVE
P000768,Prakash Gupta,ORG000013,SYN-KDN,FIELD_OPERATIVE
P000769,Shakeel Siddiqui,ORG000013,SYN-KDN,INFORMANT
P000770,Pradeep Bhardwaj,ORG000013,SYN-KDN,FIELD_OPERATIVE
P000771,Chandrabhan Bhardwaj,ORG000013,SYN-KDN,FIELD_OPERATIVE
P000772,Abdul Chaudhary,ORG000013,SYN-KDN,FIELD_OPERATIVE
P000773,Shakuntala Nishad,ORG000013,SYN-KDN,FINANCIER
P000774,Naseer Farooqui,ORG000013,SYN-KDN,SHOOTER
P000775,Shakeel Idrisi,ORG000013,SYN-KDN,FIELD_OPERATIVE
P000776,Ibrahim Alam,ORG000013,SYN-KDN,FINANCIER
P000777,Hariom Chauhan,ORG000013,SYN-KDN,FIELD_OPERATIVE
P000778,Shakeel Malik,ORG000013,SYN-KDN,FINANCIER
P000779,Shakeel Ansari,ORG000013,SYN-KDN,FIELD_OPERATIVE
P000780,Pradeep Prajapati,ORG000013,SYN-KDN,SHOOTER
P000781,Prakash Maurya,ORG000013,SYN-KDN,SHOOTER
P000782,Sarfaraz Siddiqui,ORG000013,SYN-KDN,FIELD_OPERATIVE
P000783,Firoz Siddiqui,ORG000013,SYN-KDN,FINANCIER
P000784,Ashfaq Sheikh,ORG000013,SYN-KDN,FIELD_OPERATIVE
P000785,Girdhari Saini,ORG000013,SYN-KDN,LOGISTICS
P000786,Shailendra Sharma,ORG000013,SYN-KDN,SHOOTER
P000787,Shabana Mirza,ORG000013,SYN-KDN,COURIER
P000788,Rafiq Malik,ORG000013,SYN-KDN,FIELD_OPERATIVE
P000789,Wasim Qureshi,ORG000013,SYN-KDN,FINANCIER
P000790,Deepak Bhardwaj,ORG000013,SYN-KDN,FIXER
P000791,Sarfaraz Saifi,ORG000013,SYN-KDN,FIELD_OPERATIVE
P000792,Nazia Khan,ORG000013,SYN-KDN,LIEUTENANT
P000793,Jitendra Baghel,ORG000013,SYN-KDN,FIELD_OPERATIVE
P000794,Wasim Hussain,ORG000013,SYN-KDN,LIEUTENANT
P000795,Zubair Chaudhary,ORG000013,SYN-KDN,INFORMANT
P000796,Abdul Malik,ORG000013,SYN-KDN,TECH_HANDLER
P000797,Imran Ahmed,ORG000013,SYN-KDN,KINGPIN
P000798,Firoz Mansuri,ORG000013,SYN-KDN,MULE
P000799,Shakeel Pathan,ORG000013,SYN-KDN,TECH_HANDLER
P000800,Haroon Mansuri,ORG000013,SYN-KDN,COURIER
P000801,Nathu Ranawat,ORG000014,SYN-SHK,FIELD_OPERATIVE
P000802,Kishan Jat,ORG000014,SYN-SHK,LOGISTICS
P000803,Malkiat Virk,ORG000014,SYN-SHK,CORRUPT_OFFICIAL
P000804,Yogendra Srivastava,ORG000014,SYN-SHK,COURIER
P000805,Ranveer Beniwal,ORG000014,SYN-SHK,COURIER
P000806,Hanuman Shekhawat,ORG000014,SYN-SHK,FIELD_OPERATIVE
P000807,Bikramjit Brar,ORG000014,SYN-SHK,TECH_HANDLER
P000808,Sunil Sengar,ORG000014,SYN-SHK,FIELD_OPERATIVE
P000809,Sandeep Maurya,ORG000014,SYN-SHK,SHOOTER
P000810,Kishan Choudhary,ORG000014,SYN-SHK,RECRUITER
P000811,Sohan Purohit,ORG000014,SYN-SHK,LOGISTICS
P000812,Udaiveer Baghel,ORG000014,SYN-SHK,RECRUITER
P000813,Mukesh Baghel,ORG000014,SYN-SHK,HAWALA_OPERATOR
P000814,Balbir Thakur,ORG000014,SYN-SHK,FIELD_OPERATIVE
P000815,Kuldeep Srivastava,ORG000014,SYN-SHK,SHOOTER
P000816,Tarsem Virk,ORG000014,SYN-SHK,MULE
P000817,Rachhpal Sandhu,ORG000014,SYN-SHK,LOGISTICS
P000818,Gopal Saini,ORG000014,SYN-SHK,SHOOTER
P000819,Bhanwar Meena,ORG000014,SYN-SHK,SHOOTER
P000820,Kulwant Toor,ORG000014,SYN-SHK,HAWALA_OPERATOR
P000821,Girdhari Rathore,ORG000014,SYN-SHK,SHOOTER
P000822,Harjinder Sarao,ORG000014,SYN-SHK,SHOOTER
P000823,Harpreet Brar,ORG000014,SYN-SHK,FENCE
P000824,Gopal Beniwal,ORG000014,SYN-SHK,COURIER
P000825,Jitendra Rajput,ORG000014,SYN-SHK,COURIER
P000826,Jarnail Singh,ORG000014,SYN-SHK,SHOOTER
P000827,Prakash Shukla,ORG000014,SYN-SHK,SHOOTER
P000828,Harjinder Kang,ORG000014,SYN-SHK,SHOOTER
P000829,Devendra Srivastava,ORG000014,SYN-SHK,FINANCIER
P000830,Harpreet Sandhu,ORG000014,SYN-SHK,KINGPIN
P000831,Bheru Ranawat,ORG000014,SYN-SHK,FENCE
P000832,Kuldeep Virk,ORG000014,SYN-SHK,FIELD_OPERATIVE
P000833,Sukhdev Singh,ORG000014,SYN-SHK,LIEUTENANT
P000834,Jasbir Brar,ORG000014,SYN-SHK,TECH_HANDLER
P000835,Bikramjit Sekhon,ORG000014,SYN-SHK,SHOOTER
P000836,Lakhwinder Bains,ORG000014,SYN-SHK,FIELD_OPERATIVE
P000837,Ratan Kumawat,ORG000014,SYN-SHK,SHOOTER
P000838,Chandrabhan Bhadauria,ORG000014,SYN-SHK,LOGISTICS
P000839,Ratan Jat,ORG000014,SYN-SHK,FIELD_OPERATIVE
P000840,Sukhwinder Kang,ORG000014,SYN-SHK,FINANCIER
P000841,Paramjit Virk,ORG000014,SYN-SHK,COURIER
P000842,Madan Bishnoi,ORG000014,SYN-SHK,RECRUITER
P000843,Ranveer Kumawat,ORG000014,SYN-SHK,LIEUTENANT
P000844,Gurpreet Toor,ORG000014,SYN-SHK,FIXER
P000845,Yogendra Saini,ORG000014,SYN-SHK,FENCE
P000846,Mahesh Shukla,ORG000015,SYN-WLD,MULE
P000847,Yumnam Marak,ORG000015,SYN-WLD,INFORMANT
P000848,Nagaraju Gupta,ORG000015,SYN-WLD,LIEUTENANT
P000849,Bikram Sangma,ORG000015,SYN-WLD,COURIER
P000850,Nagaraju Nallamothu,ORG000015,SYN-WLD,FENCE
P000851,Ilango Subramanian,ORG000015,SYN-WLD,FENCE
P000852,Mallesh Kumar,ORG000015,SYN-WLD,COURIER
P000853,Rajesh Jaiswal,ORG000015,SYN-WLD,LOGISTICS
P000854,Bikram Devi,ORG000015,SYN-WLD,FINANCIER
P000855,Alemba Momin,ORG000015,SYN-WLD,MULE
P000856,Bala Gounder,ORG000015,SYN-WLD,FINANCIER
P000857,Narsimha Vemula,ORG000015,SYN-WLD,FIELD_OPERATIVE
P000858,Randhir Nishad,ORG000015,SYN-WLD,FENCE
P000859,Thangaraj Naicker,ORG000015,SYN-WLD,KINGPIN
P000860,Chandra Shekar Choudary,ORG000015,SYN-WLD,FINANCIER
P000861,Balbir Yadav,ORG000015,SYN-WLD,RECRUITER
P000862,Ngangbam Brahma,ORG000015,SYN-WLD,FIXER
P000863,Lalthanga Momin,ORG000015,SYN-WLD,FIELD_OPERATIVE
P000864,Rambabu Goud,ORG000015,SYN-WLD,FIELD_OPERATIVE
P000865,Padma Yadav,ORG000015,SYN-WLD,FINANCIER
P000866,Chinnadurai Annadurai,ORG000015,SYN-WLD,FINANCIER
P000867,Lekhraj Bhardwaj,ORG000015,SYN-WLD,MULE
P000868,Satish Maurya,ORG000015,SYN-WLD,HAWALA_OPERATOR
P000869,Selvam Subramanian,ORG000015,SYN-WLD,MULE
P000870,Mariappan Pandian,ORG000015,SYN-WLD,COURIER
P000871,Temjen Momin,ORG000015,SYN-WLD,MULE
P000872,Bikram Jamir,ORG000015,SYN-WLD,FIXER
P000873,Bikram Basumatary,ORG000015,SYN-WLD,LIEUTENANT
P000874,Ramulu Nallamothu,ORG000015,SYN-WLD,FIXER
P000875,Yumnam Rabha,ORG000015,SYN-WLD,FENCE
P000876,Krishnaiah Goud,ORG000015,SYN-WLD,RECRUITER
P000877,Palanisamy Annadurai,ORG000015,SYN-WLD,FIELD_OPERATIVE
P000878,Srinivas Bandari,ORG000015,SYN-WLD,FIELD_OPERATIVE
P000879,Velu Annadurai,ORG000015,SYN-WLD,SHOOTER
P000880,Murugan Annadurai,ORG000015,SYN-WLD,LOGISTICS
P000881,Rajitha Naidu,,UNAFFILIATED,FENCE
P000882,Lekhraj Baghel,,UNAFFILIATED,FIELD_OPERATIVE
P000883,Ravi Poojary,,UNAFFILIATED,SHOOTER
P000884,Wasim Mansuri,,UNAFFILIATED,FENCE
P000885,Nepal Halder,,UNAFFILIATED,FENCE
P000886,Rachhpal Grewal,,UNAFFILIATED,FIELD_OPERATIVE
P000887,Anoop Kartha,,UNAFFILIATED,FIXER
P000888,Balwinder Dhaliwal,,UNAFFILIATED,FIELD_OPERATIVE
P000889,Shubhangi Naik,,UNAFFILIATED,SHOOTER
P000890,Vishal Bhosale,,UNAFFILIATED,FIELD_OPERATIVE
P000891,Hariom Nishad,,UNAFFILIATED,MULE
P000892,Rakesh Solanki,,UNAFFILIATED,COURIER
P000893,Imran Qureshi,,UNAFFILIATED,COURIER
P000894,Aslam Baig,,UNAFFILIATED,FIELD_OPERATIVE
P000895,Palash Ghosh,,UNAFFILIATED,FENCE
P000896,Aslam Khan,,UNAFFILIATED,MULE
P000897,Pramod Baghel,,UNAFFILIATED,COURIER
P000898,Ashok Kashyap,,UNAFFILIATED,FIELD_OPERATIVE
P000899,Pradeep Pandey,,UNAFFILIATED,FIELD_OPERATIVE
P000900,Sagar Bhosale,,UNAFFILIATED,COURIER
P000901,Yogesh Rane,,UNAFFILIATED,SHOOTER
P000902,Manjunath Desai,,UNAFFILIATED,MULE
P000903,Lekhraj Srivastava,,UNAFFILIATED,FIELD_OPERATIVE
P000904,Bhagaban Patra,,UNAFFILIATED,FIELD_OPERATIVE
P000905,Amarjit Kang,,UNAFFILIATED,FENCE
P000906,Palanisamy Gounder,,UNAFFILIATED,MULE
P000907,Ashim Gayen,,UNAFFILIATED,COURIER
P000908,Harpreet Sidhu,,UNAFFILIATED,MULE
P000909,Balwinder Sidhu,,UNAFFILIATED,FIELD_OPERATIVE
P000910,Ranjan Sardar,,UNAFFILIATED,FIELD_OPERATIVE
P000911,Pradeep Maurya,,UNAFFILIATED,FIXER
P000912,Ajay Jaiswal,,UNAFFILIATED,FIELD_OPERATIVE
P000913,Sandip Bhoir,,UNAFFILIATED,MULE
P000914,Shivanna Angadi,,UNAFFILIATED,FIELD_OPERATIVE
P000915,Ibrahim Qureshi,,UNAFFILIATED,COURIER
P000916,Anil Gupta,,UNAFFILIATED,FIELD_OPERATIVE
P000917,Gurpreet Mann,,UNAFFILIATED,FIXER
P000918,Deepak Awasthi,,UNAFFILIATED,FIXER
P000919,Sreenivasan Achari,,UNAFFILIATED,FIELD_OPERATIVE
P000920,Aruna Yadav,,UNAFFILIATED,MULE
P000921,Reshma Rahman,,UNAFFILIATED,FENCE
P000922,Jignesh Parmar,,UNAFFILIATED,FIELD_OPERATIVE
P000923,Sarfaraz Farooqui,,UNAFFILIATED,FIELD_OPERATIVE
P000924,Aarti Waghmare,,UNAFFILIATED,FIELD_OPERATIVE
P000925,Sachin Naik,,UNAFFILIATED,FIELD_OPERATIVE
P000926,Mariappan Annadurai,,UNAFFILIATED,FIELD_OPERATIVE
P000927,Mangesh Salunkhe,,UNAFFILIATED,SHOOTER
P000928,Vijay Sengar,,UNAFFILIATED,FIELD_OPERATIVE
P000929,Nitin Patil,,UNAFFILIATED,FIELD_OPERATIVE
P000930,Yallappa Acharya,,UNAFFILIATED,FENCE
P000931,Jagdish Sengar,,UNAFFILIATED,FIELD_OPERATIVE
P000932,Chandrabhan Baghel,,UNAFFILIATED,FIELD_OPERATIVE
P000933,Sajid Zaidi,,UNAFFILIATED,FENCE
P000934,Bikash Mistry,,UNAFFILIATED,FIELD_OPERATIVE
P000935,Bhanwar Charan,,UNAFFILIATED,FIELD_OPERATIVE
P000936,Rajesh Awasthi,,UNAFFILIATED,MULE
P000937,Vipul Rabari,,UNAFFILIATED,FIXER
P000938,Shanti Tomar,,UNAFFILIATED,FIELD_OPERATIVE
P000939,Chandru Shetty,,UNAFFILIATED,FIELD_OPERATIVE
P000940,Mitesh Solanki,,UNAFFILIATED,FIELD_OPERATIVE
P000941,Bhagaban Mallick,,UNAFFILIATED,MULE
P000942,Rambabu Yadav,,UNAFFILIATED,COURIER
P000943,Ashfaq Farooqui,,UNAFFILIATED,FIELD_OPERATIVE
P000944,Siddaraju Patil,,UNAFFILIATED,FIELD_OPERATIVE
P000945,Bhaskar Dalvi,,UNAFFILIATED,FIELD_OPERATIVE
P000946,Rajni Awasthi,,UNAFFILIATED,COURIER
P000947,Ratheesh Kurup,,UNAFFILIATED,FIXER
P000948,Xavier Almeida,,UNAFFILIATED,FENCE
P000949,Sudha Singh,,UNAFFILIATED,SHOOTER
P000950,Nirmal Sardar,,UNAFFILIATED,FIELD_OPERATIVE
P000951,Nathu Ranawat,,UNAFFILIATED,FIELD_OPERATIVE
P000952,Paresh Shah,,UNAFFILIATED,FENCE
P000953,Bibhuti Behera,,UNAFFILIATED,FIXER
P000954,Rekha Sengar,,UNAFFILIATED,COURIER
P000955,Balaraju Nallamothu,,UNAFFILIATED,FENCE
P000956,Bhaskar Kadam,,UNAFFILIATED,FIXER
P000957,Harjinder Sekhon,,UNAFFILIATED,FIELD_OPERATIVE
P000958,Bhupendra Srivastava,,UNAFFILIATED,COURIER
P000959,Mitesh Rabari,,UNAFFILIATED,MULE
P000960,Sushila Jat,,UNAFFILIATED,MULE
P000961,Rambabu Tomar,,UNAFFILIATED,FIELD_OPERATIVE
P000962,Divyesh Bhatt,,UNAFFILIATED,COURIER
P000963,Sandip Bhoir,,UNAFFILIATED,FIXER
P000964,Kiran Waghmare,,UNAFFILIATED,FENCE
P000965,Nabam Konyak,,UNAFFILIATED,FIELD_OPERATIVE
P000966,Sarita Tiwari,,UNAFFILIATED,MULE
P000967,Jagmal Saini,,UNAFFILIATED,MULE
P000968,Ganesh Pawar,,UNAFFILIATED,FIELD_OPERATIVE
P000969,Aslam Ansari,,UNAFFILIATED,MULE
P000970,Ashfaq Saifi,,UNAFFILIATED,FIELD_OPERATIVE
P000971,Bimal Adhikari,,UNAFFILIATED,FIXER
P000972,Prakash Rai,,UNAFFILIATED,FIELD_OPERATIVE
P000973,Shabana Pathan,,UNAFFILIATED,FIXER
P000974,Netrapal Tiwari,,UNAFFILIATED,MULE
P000975,Rajwinder Sidhu,,UNAFFILIATED,FIXER
P000976,Snehal Bhosale,,UNAFFILIATED,COURIER
P000977,Rahul More,,UNAFFILIATED,FIELD_OPERATIVE
P000978,Kuldeep Thakur,,UNAFFILIATED,COURIER
P000979,Zubair Khan,,UNAFFILIATED,COURIER
P000980,Manikandan Subramanian,,UNAFFILIATED,COURIER
P000981,Ibrahim Shaikh,,UNAFFILIATED,FIELD_OPERATIVE
P000982,Nirmal Sarkar,,UNAFFILIATED,FIELD_OPERATIVE
P000983,Rodney Fernandes,,UNAFFILIATED,FENCE
P000984,Manju Awasthi,,UNAFFILIATED,FIXER
P000985,Arindam Chakraborty,,UNAFFILIATED,COURIER
P000986,Venkatesh Setty,,UNAFFILIATED,MULE
P000987,Karni Gurjar,,UNAFFILIATED,FIELD_OPERATIVE
P000988,Bikramjit Sandhu,,UNAFFILIATED,FIELD_OPERATIVE
P000989,Basanta Patra,,UNAFFILIATED,FIXER
P000990,Ravi Naik,,UNAFFILIATED,FIXER
P000991,Nathu Beniwal,,UNAFFILIATED,FENCE
P000992,Murugan Annadurai,,UNAFFILIATED,FIELD_OPERATIVE
P000993,Gurpreet Dhillon,,UNAFFILIATED,FENCE
P000994,Jasbir Virk,,UNAFFILIATED,FENCE
P000995,Dinesh Yadav,,UNAFFILIATED,FIXER
P000996,Udaiveer Thakur,,UNAFFILIATED,FIELD_OPERATIVE
P000997,Pradip Majumdar,,UNAFFILIATED,FIELD_OPERATIVE
P000998,Kalpesh Prajapati,,UNAFFILIATED,FIELD_OPERATIVE
P000999,Satish Rathore,,UNAFFILIATED,COURIER
P001000,Bhagya Angadi,,UNAFFILIATED,FENCE
P001501,P. Majumdar,,UNAFFILIATED,FIELD_OPERATIVE
P001502,M. Sisodia,ORG000002,SYN-HER,CORRUPT_OFFICIAL
P001503,Netrapal,ORG000005,SYN-MIN,MULE
P001504,Shukla Balbir,ORG000013,SYN-KDN,FIELD_OPERATIVE
P001505,R. Awasthi,,UNAFFILIATED,MULE
P001506,N. Khan,ORG000002,SYN-HER,FIELD_OPERATIVE
P001507,Balbir,ORG000013,SYN-KDN,FIELD_OPERATIVE
P001508,Pandurang Deshmuk,ORG000001,SYN-EXT,FIELD_OPERATIVE
P001509,Khan Altaf,ORG000012,SYN-BET,LIEUTENANT
P001510,Solanki Mitesh,,UNAFFILIATED,FIELD_OPERATIVE
P001511,Nepal,ORG000009,SYN-FIC,LIEUTENANT
P001512,Goud Rambabu,ORG000015,SYN-WLD,FIELD_OPERATIVE
P001513,Yadav Rambabu,,UNAFFILIATED,COURIER
P001514,Pathan Shakeel,ORG000013,SYN-KDN,TECH_HANDLER
P001515,M. Annadurai,ORG000005,SYN-MIN,FIELD_OPERATIVE
P001516,Subramanian Rajendran,ORG000005,SYN-MIN,TECH_HANDLER
P001517,Rafiq Shaikh,ORG000007,SYN-ARM,LOGISTICS
P001518,Amutha,ORG000010,SYN-GAN,RECRUITER
P001519,Menon Manoj,ORG000004,SYN-HAW,FIELD_OPERATIVE
P001520,Sasmita,ORG000010,SYN-GAN,MULE
P001521,Har Prasad,ORG000007,SYN-ARM,FIELD_OPERATIVE
P001522,P. Rai,,UNAFFILIATED,FIELD_OPERATIVE
P001523,Bhagaban,ORG000010,SYN-GAN,FIELD_OPERATIVE
P001524,Saini Netrapal,ORG000012,SYN-BET,RECRUITER
P001525,D. Vaghela,ORG000012,SYN-BET,MULE
P001526,A. Saifi,,UNAFFILIATED,FIELD_OPERATIVE
P001527,Sahoo Sabita,ORG000010,SYN-GAN,RECRUITER
P001528,N. Parmar,ORG000004,SYN-HAW,MULE
P001529,Ansari Aslam,,UNAFFILIATED,MULE
P001530,Jitendra,ORG000014,SYN-SHK,COURIER
P001531,Sengar Rekha,,UNAFFILIATED,COURIER
P001532,Tanveer,ORG000007,SYN-ARM,MULE
P001533,S. Mudaliar,ORG000005,SYN-MIN,MULE
P001534,Kurup Anoop,ORG000004,SYN-HAW,HAWALA_OPERATOR
P001535,Sarfaraz Kureshi,ORG000001,SYN-EXT,FIXER
P001536,Gill Nirmal,ORG000008,SYN-VEH,LIEUTENANT
P001537,Shabana,ORG000009,SYN-FIC,FIELD_OPERATIVE
P001538,Dinesh,ORG000011,SYN-PON,MULE
P001539,H. Idrisi,ORG000003,SYN-CYB,FIELD_OPERATIVE
P001540,Om Prakash Rathod,ORG000008,SYN-VEH,MULE
P001541,Tandel Swapnil,ORG000001,SYN-EXT,FIELD_OPERATIVE
P001542,Idrisi Shakeel,ORG000013,SYN-KDN,FIELD_OPERATIVE
P001543,Ganesh,,UNAFFILIATED,FIELD_OPERATIVE
P001544,R. Jadhav,ORG000001,SYN-EXT,SHOOTER
P001545,N. Bhoir,ORG000012,SYN-BET,MULE
P001546,J. Parmar,,UNAFFILIATED,FIELD_OPERATIVE
P001547,Sandeep,ORG000008,SYN-VEH,FENCE
P001548,Udaiveer,ORG000009,SYN-FIC,FIXER
P001549,Zaidi Shakeel,ORG000003,SYN-CYB,FIELD_OPERATIVE
P001550,R. Naskar,ORG000003,SYN-CYB,FIELD_OPERATIVE
P001551,D. Makwana,ORG000012,SYN-BET,FIELD_OPERATIVE
P001552,Shah Mitesh,ORG000012,SYN-BET,FIELD_OPERATIVE
P001553,Vipul Chouhan,ORG000004,SYN-HAW,TECH_HANDLER
P001554,Raja Palanisamy,ORG000005,SYN-MIN,MULE
P001555,Bhagaban,,UNAFFILIATED,FIELD_OPERATIVE
P001556,Y. Pandey,ORG000007,SYN-ARM,INFORMANT
P001557,Ketan,ORG000004,SYN-HAW,LOGISTICS
P001558,J. Solanki,ORG000007,SYN-ARM,SHOOTER
P001559,D. Gupta,ORG000005,SYN-MIN,LIEUTENANT
P001560,S. Mudaliar,ORG000005,SYN-MIN,INFORMANT
P001561,Sandhu Rachhpal,ORG000014,SYN-SHK,LOGISTICS
P001562,Shukla Girdhari,ORG000006,SYN-TRF,RECRUITER
P001563,S. Purohit,ORG000014,SYN-SHK,LOGISTICS
P001564,S. Prasad,ORG000010,SYN-GAN,LIEUTENANT
P001565,J. Dave,ORG000004,SYN-HAW,MULE
P001566,G. Pal,ORG000006,SYN-TRF,CORRUPT_OFFICIAL
P001567,A. Dhillon,ORG000002,SYN-HER,MULE
P001568,T. Rabari,ORG000001,SYN-EXT,LOGISTICS
P001569,Manikandan,ORG000010,SYN-GAN,MULE
P001570,V. Kadam,ORG000012,SYN-BET,FIELD_OPERATIVE
P001571,Baghel Jitendra,ORG000013,SYN-KDN,FIELD_OPERATIVE
P001572,Afsana,ORG000003,SYN-CYB,TECH_HANDLER
P001573,Kushwaha Shanti,ORG000009,SYN-FIC,LIEUTENANT
P001574,Alpesh,ORG000001,SYN-EXT,FIELD_OPERATIVE
P001575,Manoj,ORG000007,SYN-ARM,LIEUTENANT
P001576,P. Singh,ORG000007,SYN-ARM,LOGISTICS
P001577,Yumnam,ORG000015,SYN-WLD,FENCE
P001578,H. Sekhon,ORG000002,SYN-HER,LOGISTICS
P001579,Prakash,ORG000004,SYN-HAW,FIELD_OPERATIVE
P001580,Devendra,ORG000014,SYN-SHK,FINANCIER
P001581,Chandra Shekar,ORG000010,SYN-GAN,MULE
P001582,Yadav Balbir,ORG000005,SYN-MIN,FIELD_OPERATIVE
P001583,Nathu Chaudhary,ORG000002,SYN-HER,HAWALA_OPERATOR
P001584,Vaghela Paresh,ORG000004,SYN-HAW,MULE
P001585,Shukla Naresh,ORG000011,SYN-PON,MULE
P001586,A. Tiwari,ORG000003,SYN-CYB,MULE
P001587,Prajapati Rajesh,ORG000003,SYN-CYB,FIELD_OPERATIVE
P001588,D. Baghel,ORG000003,SYN-CYB,RECRUITER
P001589,M. Annadurai,ORG000010,SYN-GAN,MULE
P001590,Yadav Manju,ORG000008,SYN-VEH,FIELD_OPERATIVE
P001591,Rajendran,ORG000005,SYN-MIN,MULE
P001592,Ahmed Aslam,ORG000007,SYN-ARM,MULE
P001593,Shahnawaz,ORG000006,SYN-TRF,MULE
P001594,Swapnil,ORG000001,SYN-EXT,LIEUTENANT
P001595,R. Trivedi,ORG000001,SYN-EXT,FIELD_OPERATIVE
P001596,Vipin,ORG000004,SYN-HAW,FIELD_OPERATIVE
P001597,F. Rahman,ORG000006,SYN-TRF,COURIER
P001598,K. Prajapati,,UNAFFILIATED,FIELD_OPERATIVE
P001599,Ibrahim Kureshi,,UNAFFILIATED,COURIER
P001600,B. Baghel,ORG000011,SYN-PON,FIELD_OPERATIVE
P001601,S. Rahman,ORG000008,SYN-VEH,SHOOTER
P001602,Ibrahim,ORG000006,SYN-TRF,LIEUTENANT
P001603,Mohd. Baig,ORG000006,SYN-TRF,RECRUITER
P001604,Ashfaq Shaikh,ORG000013,SYN-KDN,FIELD_OPERATIVE
P001605,Munna,ORG000004,SYN-HAW,COURIER
P001606,Rajput Om Prakash,ORG000004,SYN-HAW,FIELD_OPERATIVE
P001607,M. Khan,ORG000002,SYN-HER,FIELD_OPERATIVE
P001608,Mansuri Iqbal,ORG000001,SYN-EXT,COURIER
P001609,P. Rai,ORG000005,SYN-MIN,LOGISTICS
P001610,Kulwant,ORG000014,SYN-SHK,HAWALA_OPERATOR
P001611,Sikha Halder,ORG000004,SYN-HAW,RECRUITER
P001612,Palanisamy Gounder,ORG000001,SYN-EXT,FIELD_OPERATIVE
P001613,Ganesh Pawar,ORG000002,SYN-HER,COURIER
P001614,Deepak Sengar,ORG000005,SYN-MIN,FIELD_OPERATIVE
P001615,Rasik Joshi,ORG000013,SYN-KDN,FIELD_OPERATIVE
P001616,Vinod Rajput,ORG000001,SYN-EXT,RECRUITER
P001617,Jasbir Virk,ORG000007,SYN-ARM,LOGISTICS
P001618,Karamjit Bajwa,ORG000011,SYN-PON,FIELD_OPERATIVE
P001619,Kannan Annadurai,,UNAFFILIATED,MULE
P001620,Bikram Basumatary,ORG000001,SYN-EXT,MULE
P001621,Bhavesh Thakor,ORG000003,SYN-CYB,MULE
P001622,Jasbir Virk,ORG000001,SYN-EXT,FINANCIER
P001623,Sachin Naik,ORG000002,SYN-HER,COURIER
P001624,Dharmesh Makwana,ORG000004,SYN-HAW,MULE
P001625,Bharat Gohil,ORG000001,SYN-EXT,FIELD_OPERATIVE
P001626,Rambabu Kumar,ORG000014,SYN-SHK,FENCE
P001627,Basanta Behera,ORG000015,SYN-WLD,LOGISTICS
P001628,Vishal Gaikwad,ORG000006,SYN-TRF,LOGISTICS
P001629,Rajni Awasthi,ORG000008,SYN-VEH,FIELD_OPERATIVE
P001630,Balwinder Dhaliwal,ORG000010,SYN-GAN,KINGPIN
P001631,Rodney Fernandes,ORG000001,SYN-EXT,COURIER
P001632,Manoj Menon,,UNAFFILIATED,COURIER
P001633,Bala Gounder,ORG000010,SYN-GAN,MULE
P001634,Harpreet Sidhu,ORG000003,SYN-CYB,MULE
P001635,Sarfaraz Mansuri,ORG000012,SYN-BET,MULE
P001636,Swapnil Bhoir,ORG000002,SYN-HER,FINANCIER
P001637,Bikram Jamir,ORG000008,SYN-VEH,FIELD_OPERATIVE
P001638,Swapnil Bhoir,ORG000002,SYN-HER,FIXER
P001639,Firoz Mansuri,ORG000013,SYN-KDN,FIELD_OPERATIVE
P001640,Shakeel Malik,ORG000007,SYN-ARM,LOGISTICS
P001641,Tanveer Rahman,ORG000014,SYN-SHK,CORRUPT_OFFICIAL
P001642,Sunil Sharma,ORG000008,SYN-VEH,LOGISTICS
P001643,Malkiat Virk,ORG000007,SYN-ARM,FIELD_OPERATIVE
P001644,Mallesh Naidu,ORG000012,SYN-BET,RECRUITER
P001645,Rupa Das,ORG000008,SYN-VEH,FENCE
P001646,Gopal Naskar,ORG000003,SYN-CYB,FIELD_OPERATIVE
P001647,Shahnawaz Ansari,ORG000006,SYN-TRF,FINANCIER
P001648,Gurmeet Bajwa,ORG000005,SYN-MIN,MULE
P001649,Imran Qureshi,ORG000012,SYN-BET,KINGPIN
P001650,Velu Nadar,ORG000001,SYN-EXT,LOGISTICS
P001651,Ashok Verma,ORG000011,SYN-PON,MULE
P001652,Ratheesh Menon,ORG000001,SYN-EXT,MULE
P001653,Shanti Dubey,ORG000006,SYN-TRF,FIXER
P001654,Pradeep Maurya,ORG000004,SYN-HAW,LIEUTENANT
P001655,Sarfaraz Chaudhary,ORG000011,SYN-PON,FIELD_OPERATIVE
P001656,Netrapal Saini,,UNAFFILIATED,COURIER
P001657,Girdhari Prajapati,ORG000003,SYN-CYB,LIEUTENANT
P001658,Sanjay Nagar,ORG000010,SYN-GAN,LIEUTENANT
P001659,Zubair Sheikh,ORG000008,SYN-VEH,LOGISTICS
P001660,Altaf Khan,ORG000015,SYN-WLD,FIXER
P001661,Subhas Naskar,ORG000004,SYN-HAW,FIELD_OPERATIVE
P001662,Mahesh Pandey,ORG000010,SYN-GAN,LIEUTENANT
P001663,Saravanan Mudaliar,ORG000002,SYN-HER,MULE
P001664,Abdul Shaikh,ORG000001,SYN-EXT,LIEUTENANT
P001665,Anwar Qureshi,ORG000013,SYN-KDN,FIELD_OPERATIVE
P001666,Nirmal Barman,ORG000008,SYN-VEH,RECRUITER
P001667,Sarfaraz Chaudhary,ORG000008,SYN-VEH,TECH_HANDLER
P001668,Shailendra Kashyap,,UNAFFILIATED,FENCE
P001669,Mukesh Baghel,ORG000005,SYN-MIN,FIELD_OPERATIVE
P001670,Mallikarjun Desai,ORG000003,SYN-CYB,FIELD_OPERATIVE
P001671,Bimal Adhikari,,UNAFFILIATED,FIELD_OPERATIVE
P001672,Ajay Tiwari,ORG000006,SYN-TRF,FIELD_OPERATIVE
P001673,Sarfaraz Zaidi,,UNAFFILIATED,COURIER
P001674,Bikramjit Sidhu,ORG000001,SYN-EXT,LIEUTENANT
P001675,Manju Yadav,ORG000003,SYN-CYB,FIELD_OPERATIVE
P001676,Tushar Zala,ORG000012,SYN-BET,TECH_HANDLER
P001677,Aslam Ansari,ORG000001,SYN-EXT,LOGISTICS
P001678,Farida Khan,,UNAFFILIATED,FIELD_OPERATIVE
P001679,Satnam Sandhu,ORG000002,SYN-HER,MULE
P001680,Jignesh Patel,ORG000001,SYN-EXT,RECRUITER
P001681,Manoj Menon,ORG000014,SYN-SHK,SHOOTER
P001682,Pramod Shukla,ORG000005,SYN-MIN,MULE
P001683,Mallikarjun Desai,ORG000007,SYN-ARM,COURIER
P001684,Bhagaban Patra,ORG000007,SYN-ARM,FENCE
P001685,Prakash Srivastava,ORG000002,SYN-HER,LOGISTICS
P001686,Prakash Awasthi,ORG000014,SYN-SHK,LOGISTICS
P001687,Imran Hussain,,UNAFFILIATED,FIELD_OPERATIVE
P001688,Aslam Khan,ORG000003,SYN-CYB,FIELD_OPERATIVE
P001689,Nagaraju Nallamothu,,UNAFFILIATED,FIELD_OPERATIVE
P001690,Ranveer Kumawat,ORG000011,SYN-PON,FIELD_OPERATIVE
P001691,Nathu Ranawat,,UNAFFILIATED,MULE
P001692,Firoz Chaudhary,ORG000014,SYN-SHK,SHOOTER
P001693,Ganesh Dalvi,ORG000010,SYN-GAN,LOGISTICS
P001694,Netrapal Nishad,ORG000011,SYN-PON,LIEUTENANT
