person_id,org_id,role_in_org,from_date,to_date,is_benami
P000081,ORG000016,Authorised Signatory,2011-07-19,,1
P000037,ORG000016,Nominee Director,2011-07-19,,1
P000051,ORG000017,Beneficial Owner,2017-07-25,,0
P000090,ORG000017,Nominee Director,2017-07-25,,1
P000086,ORG000018,Proprietor,2018-11-22,,0
P000065,ORG000018,Nominee Director,2018-11-22,,1
P000028,ORG000019,Beneficial Owner,2024-06-05,,0
P000011,ORG000019,Employee,2024-06-05,,0
P000086,ORG000020,Proprietor,2020-11-09,,0
P000015,ORG000021,Authorised Signatory,2022-04-09,,0
P000091,ORG000022,Proprietor,2012-02-18,,0
P000020,ORG000023,Authorised Signatory,2021-07-04,,1
P000055,ORG000023,Nominee Director,2021-07-04,,1
P000006,ORG000023,Employee,2021-07-04,,1
P000144,ORG000024,Proprietor,2018-06-01,,0
P000118,ORG000024,Nominee Director,2018-06-01,,0
P000109,ORG000024,Employee,2018-06-01,,0
P000100,ORG000025,Beneficial Owner,2018-12-13,,1
P000146,ORG000025,Director,2018-12-13,,0
P000130,ORG000026,Beneficial Owner,2016-10-13,,1
P000145,ORG000026,Director,2016-10-13,,1
P000107,ORG000026,Nominee Director,2016-10-13,,1
P000112,ORG000027,Proprietor,2012-08-31,,0
P000165,ORG000027,Employee,2012-08-31,,0
P000130,ORG000028,Proprietor,2015-08-08,,1
P000117,ORG000029,Director,2020-08-14,,1
P000144,ORG000029,Nominee Director,2020-08-14,,0
P000128,ORG000030,Beneficial Owner,2016-08-15,,0
P000127,ORG000031,Authorised Signatory,2021-09-15,,0
P000172,ORG000031,Nominee Director,2021-09-15,,1
P000281,ORG000032,Director,2016-01-10,,1
P000190,ORG000033,Authorised Signatory,2026-06-27,,1
P000240,ORG000033,Director,2026-06-27,,1
P000263,ORG000033,Director,2026-06-27,,0
P000268,ORG000034,Director,2015-08-22,,1
P000243,ORG000035,Beneficial Owner,2016-04-13,,0
P000184,ORG000035,Director,2016-04-13,,1
P000258,ORG000035,Employee,2016-04-13,,0
P000178,ORG000036,Beneficial Owner,2011-11-06,,0
P000181,ORG000037,Beneficial Owner,2018-07-23,,1
P000206,ORG000037,Employee,2018-07-23,,1
P000181,ORG000037,Employee,2018-07-23,,0
P000181,ORG000038,Proprietor,2023-04-23,,0
P000239,ORG000038,Nominee Director,2023-04-23,,0
P000205,ORG000038,Director,2023-04-23,,0
P000304,ORG000039,Beneficial Owner,2016-09-03,,0
P000307,ORG000039,Nominee Director,2016-09-03,,0
P000326,ORG000040,Beneficial Owner,2014-02-04,,0
P000314,ORG000040,Nominee Director,2014-02-04,,0
P000321,ORG000041,Beneficial Owner,2023-04-27,,1
P000294,ORG000041,Nominee Director,2023-04-27,,1
P000301,ORG000041,Employee,2023-04-27,,0
P000335,ORG000042,Director,2024-05-31,,0
P000301,ORG000042,Director,2024-05-31,,0
P000326,ORG000043,Director,2023-02-25,,0
P000314,ORG000044,Authorised Signatory,2020-01-15,,1
P000317,ORG000045,Director,2020-08-02,,0
P000290,ORG000045,Employee,2020-08-02,,0
P000334,ORG000045,Employee,2020-08-02,,1
P000314,ORG000046,Authorised Signatory,2021-04-06,,1
P000290,ORG000046,Employee,2021-04-06,,0
P000333,ORG000046,Nominee Director,2021-04-06,,0
P000359,ORG000047,Authorised Signatory,2013-04-11,,0
P000366,ORG000047,Employee,2013-04-11,,1
P000359,ORG000048,Authorised Signatory,2019-10-25,,0
P000368,ORG000049,Proprietor,2016-12-07,,0
P000389,ORG000049,Director,2016-12-07,,0
P000376,ORG000049,Nominee Director,2016-12-07,,1
P000359,ORG000050,Proprietor,2024-01-22,,1
P000372,ORG000051,Beneficial Owner,2024-03-25,,0
P000358,ORG000051,Employee,2024-03-25,,1
P000394,ORG000051,Nominee Director,2024-03-25,,1
P000397,ORG000052,Authorised Signatory,2026-05-24,,1
P000382,ORG000052,Director,2026-05-24,,0
P000411,ORG000052,Nominee Director,2026-05-24,,0
P000431,ORG000053,Beneficial Owner,2023-06-30,,0
P000429,ORG000053,Nominee Director,2023-06-30,,1
P000418,ORG000053,Director,2023-06-30,,1
P000466,ORG000054,Director,2022-08-04,,1
P000452,ORG000054,Director,2022-08-04,,0
P000431,ORG000055,Director,2021-03-24,,0
P000467,ORG000055,Nominee Director,2021-03-24,,0
P000469,ORG000055,Nominee Director,2021-03-24,,1
P000431,ORG000056,Proprietor,2019-03-05,,1
P000418,ORG000057,Proprietor,2017-02-16,,1
P000465,ORG000057,Employee,2017-02-16,,1
P000498,ORG000058,Beneficial Owner,2016-04-15,,0
P000491,ORG000058,Nominee Director,2016-04-15,,0
P000485,ORG000059,Director,2013-09-05,,0
P000499,ORG000059,Employee,2013-09-05,,0
P000497,ORG000060,Authorised Signatory,2011-12-27,,0
P000472,ORG000060,Nominee Director,2011-12-27,,1
P000510,ORG000060,Nominee Director,2011-12-27,,1
P000513,ORG000061,Beneficial Owner,2018-05-02,,0
P000496,ORG000061,Director,2018-05-02,,0
P000513,ORG000062,Director,2017-05-30,,1
P000518,ORG000062,Employee,2017-05-30,,0
P000498,ORG000063,Authorised Signatory,2021-07-24,,0
P000516,ORG000063,Nominee Director,2021-07-24,,1
P000504,ORG000063,Employee,2021-07-24,,0
P000562,ORG000064,Authorised Signatory,2025-10-07,,0
P000530,ORG000064,Nominee Director,2025-10-07,,1
P000545,ORG000064,Director,2025-10-07,,0
P000530,ORG000065,Director,2016-02-27,,0
P000530,ORG000065,Employee,2016-02-27,,1
P000569,ORG000066,Proprietor,2018-04-18,,1
P000554,ORG000067,Beneficial Owner,2020-10-28,,0
P000560,ORG000068,Beneficial Owner,2025-10-30,,1
P000530,ORG000068,Nominee Director,2025-10-30,,1
P000585,ORG000069,Beneficial Owner,2015-11-20,,0
P000585,ORG000070,Authorised Signatory,2016-08-18,,1
P000580,ORG000070,Nominee Director,2016-08-18,,1
P000572,ORG000071,Director,2026-02-16,,0
P000580,ORG000072,Authorised Signatory,2019-11-12,,1
P000591,ORG000073,Authorised Signatory,2021-05-01,,1
P000592,ORG000073,Director,2021-05-01,,0
P000574,ORG000073,Nominee Director,2021-05-01,,1
P000572,ORG000074,Director,2019-11-22,,0
P000586,ORG000074,Nominee Director,2019-11-22,,0
P000576,ORG000075,Beneficial Owner,2019-11-17,,1
P000584,ORG000075,Director,2019-11-17,,0
P000615,ORG000076,Director,2017-02-14,,0
P000655,ORG000077,Authorised Signatory,2018-12-01,,0
P000625,ORG000078,Director,2024-01-19,,1
P000655,ORG000078,Employee,2024-01-19,,0
P000621,ORG000078,Nominee Director,2024-01-19,,1
P000661,ORG000079,Authorised Signatory,2014-04-08,,0
P000646,ORG000080,Proprietor,2012-06-08,,1
P000615,ORG000080,Nominee Director,2012-06-08,,1
P000625,ORG000080,Director,2012-06-08,,1
P000633,ORG000081,Beneficial Owner,2016-07-13,,1
P000664,ORG000081,Employee,2016-07-13,,0
P000625,ORG000081,Employee,2016-07-13,,1
P000691,ORG000082,Director,2022-11-18,,1
P000707,ORG000082,Director,2022-11-18,,0
P000695,ORG000083,Director,2026-03-17,,1
P000695,ORG000084,Proprietor,2021-12-30,,0
P000670,ORG000084,Director,2021-12-30,,1
P000696,ORG000084,Employee,2021-12-30,,0
P000689,ORG000085,Authorised Signatory,2023-01-16,,0
P000684,ORG000085,Employee,2023-01-16,,0
P000683,ORG000086,Director,2021-09-11,,0
P000695,ORG000087,Beneficial Owner,2011-04-06,,1
P000695,ORG000088,Director,2020-07-19,,1
P000672,ORG000088,Director,2020-07-19,,1
P000693,ORG000088,Nominee Director,2020-07-19,,1
P000741,ORG000089,Proprietor,2014-09-02,,0
P000748,ORG000090,Beneficial Owner,2012-02-04,,1
P000748,ORG000090,Director,2012-02-04,,1
P000742,ORG000090,Director,2012-02-04,,1
P000729,ORG000091,Director,2021-07-18,,0
P000742,ORG000091,Nominee Director,2021-07-18,,1
P000737,ORG000092,Director,2026-01-12,,1
P000748,ORG000093,Proprietor,2018-03-12,,1
P000723,ORG000093,Nominee Director,2018-03-12,,0
P000719,ORG000093,Nominee Director,2018-03-12,,1
P000790,ORG000094,Director,2020-05-10,,1
P000785,ORG000094,Nominee Director,2020-05-10,,0
P000792,ORG000094,Employee,2020-05-10,,1
P000790,ORG000095,Beneficial Owner,2024-04-26,,0
P000797,ORG000096,Beneficial Owner,2026-05-08,,1
P000778,ORG000096,Nominee Director,2026-05-08,,0
P000767,ORG000096,Director,2026-05-08,,1
P000773,ORG000097,Beneficial Owner,2022-03-20,,1
P000770,ORG000097,Nominee Director,2022-03-20,,1
P000781,ORG000097,Director,2022-03-20,,1
P000792,ORG000098,Director,2012-04-19,,0
P000795,ORG000098,Nominee Director,2012-04-19,,1
P000774,ORG000098,Nominee Director,2012-04-19,,1
P000789,ORG000099,Proprietor,2024-05-11,,0
P000771,ORG000099,Nominee Director,2024-05-11,,0
P000843,ORG000100,Proprietor,2023-09-21,,0
P000805,ORG000100,Director,2023-09-21,,0
P000829,ORG000101,Director,2023-09-05,,0
P000830,ORG000102,Director,2012-06-23,,1
P000832,ORG000102,Employee,2012-06-23,,1
P000844,ORG000103,Beneficial Owner,2013-06-16,,1
P000812,ORG000103,Nominee Director,2013-06-16,,1
P000833,ORG000104,Director,2014-03-12,,1
P000820,ORG000104,Director,2014-03-12,,0
P000830,ORG000105,Beneficial Owner,2021-12-23,,1
P000833,ORG000105,Director,2021-12-23,,0
P000865,ORG000106,Director,2011-11-22,,1
P000866,ORG000107,Beneficial Owner,2020-11-04,,1
P000874,ORG000108,Proprietor,2023-11-01,,0
P000873,ORG000108,Employee,2023-11-01,,0
P000850,ORG000108,Director,2023-11-01,,1
P000001,ORG000001,MULE,,,0
P000002,ORG000001,FENCE,,,0
P000003,ORG000001,MULE,,,0
P000004,ORG000001,RECRUITER,,,0
P000005,ORG000001,FIELD_OPERATIVE,,,0
P000006,ORG000001,MULE,,,0
P000007,ORG000001,LOGISTICS,,,0
P000008,ORG000001,SHOOTER,,,0
P000009,ORG000001,MULE,,,0
P000010,ORG000001,FENCE,,,0
P000011,ORG000001,TECH_HANDLER,,,0
P000012,ORG000001,LIEUTENANT,,,0
P000013,ORG000001,LIEUTENANT,,,0
P000014,ORG000001,COURIER,,,0
P000015,ORG000001,LIEUTENANT,,,0
P000016,ORG000001,FIELD_OPERATIVE,,,0
P000017,ORG000001,FIELD_OPERATIVE,,,0
P000018,ORG000001,LIEUTENANT,,,0
P000019,ORG000001,MULE,,,0
P000020,ORG000001,FIXER,,,0
P000021,ORG000001,LOGISTICS,,,0
P000022,ORG000001,FENCE,,,0
P000023,ORG000001,FIELD_OPERATIVE,,,0
P000024,ORG000001,MULE,,,0
P000025,ORG000001,MULE,,,0
P000026,ORG000001,MULE,,,0
P000027,ORG000001,FIELD_OPERATIVE,,,0
P000028,ORG000001,FINANCIER,,,0
P000029,ORG000001,FINANCIER,,,0
P000030,ORG000001,SHOOTER,,,0
P000031,ORG000001,FIELD_OPERATIVE,,,0
P000032,ORG000001,LOGISTICS,,,0
P000033,ORG000001,MULE,,,0
P000034,ORG000001,FIELD_OPERATIVE,,,0
P000035,ORG000001,KINGPIN,,,0
P000036,ORG000001,MULE,,,0
P000037,ORG000001,FIELD_OPERATIVE,,,0
P000038,ORG000001,MULE,,,0
P000039,ORG000001,MULE,,,0
P000040,ORG000001,FINANCIER,,,0
P000041,ORG000001,RECRUITER,,,0
P000042,ORG000001,LOGISTICS,,,0
P000043,ORG000001,FIELD_OPERATIVE,,,0
P000044,ORG000001,SHOOTER,,,0
P000045,ORG000001,COURIER,,,0
P000046,ORG000001,FIELD_OPERATIVE,,,0
P000047,ORG000001,MULE,,,0
P000048,ORG000001,FIELD_OPERATIVE,,,0
P000049,ORG000001,MULE,,,0
P000050,ORG000001,FIELD_OPERATIVE,,,0
P000051,ORG000001,FINANCIER,,,0
P000052,ORG000001,FINANCIER,,,0
P000053,ORG000001,FIELD_OPERATIVE,,,0
P000054,ORG000001,FIELD_OPERATIVE,,,0
P000055,ORG000001,SHOOTER,,,0
P000056,ORG000001,FINANCIER,,,0
P000057,ORG000001,FIELD_OPERATIVE,,,0
P000058,ORG000001,FIELD_OPERATIVE,,,0
P000059,ORG000001,MULE,,,0
P000060,ORG000001,FIXER,,,0
P000061,ORG000001,FIELD_OPERATIVE,,,0
P000062,ORG000001,FIELD_OPERATIVE,,,0
P000063,ORG000001,LOGISTICS,,,0
P000064,ORG000001,RECRUITER,,,0
P000065,ORG000001,MULE,,,0
P000066,ORG000001,LOGISTICS,,,0
P000067,ORG000001,MULE,,,0
P000068,ORG000001,COURIER,,,0
P000069,ORG000001,FIXER,,,0
P000070,ORG000001,LOGISTICS,,,0
P000071,ORG000001,MULE,,,0
P000072,ORG000001,MULE,,,0
P000073,ORG000001,COURIER,,,0
P000074,ORG000001,INFORMANT,,,0
P000075,ORG000001,FIXER,,,0
P000076,ORG000001,FIELD_OPERATIVE,,,0
P000077,ORG000001,COURIER,,,0
P000078,ORG000001,INFORMANT,,,0
P000079,ORG000001,FIELD_OPERATIVE,,,0
P000080,ORG000001,FINANCIER,,,0
P000081,ORG000001,KINGPIN,,,0
P000082,ORG000001,HAWALA_OPERATOR,,,0
P000083,ORG000001,FIELD_OPERATIVE,,,0
P000084,ORG000001,RECRUITER,,,0
P000085,ORG000001,FIELD_OPERATIVE,,,0
P000086,ORG000001,FIXER,,,0
P000087,ORG000001,LOGISTICS,,,0
P000088,ORG000001,SHOOTER,,,0
P000089,ORG000001,FIELD_OPERATIVE,,,0
P000090,ORG000001,FIELD_OPERATIVE,,,0
P000091,ORG000001,LIEUTENANT,,,0
P000092,ORG000001,MULE,,,0
P000093,ORG000002,COURIER,,,0
P000094,ORG000002,COURIER,,,0
P000095,ORG000002,SHOOTER,,,0
P000096,ORG000002,MULE,,,0
P000097,ORG000002,HAWALA_OPERATOR,,,0
P000098,ORG000002,INFORMANT,,,0
P000099,ORG000002,COURIER,,,0
P000100,ORG000002,FINANCIER,,,0
P000101,ORG000002,LOGISTICS,,,0
P000102,ORG000002,FIELD_OPERATIVE,,,0
P000103,ORG000002,RECRUITER,,,0
P000104,ORG000002,RECRUITER,,,0
P000105,ORG000002,INFORMANT,,,0
P000106,ORG000002,FIELD_OPERATIVE,,,0
P000107,ORG000002,TECH_HANDLER,,,0
P000108,ORG000002,LOGISTICS,,,0
P000109,ORG000002,FIELD_OPERATIVE,,,0
P000110,ORG000002,TECH_HANDLER,,,0
P000111,ORG000002,MULE,,,0
P000112,ORG000002,FIXER,,,0
P000113,ORG000002,FIELD_OPERATIVE,,,0
P000114,ORG000002,LOGISTICS,,,0
P000115,ORG000002,COURIER,,,0
P000116,ORG000002,FIXER,,,0
P000117,ORG000002,HAWALA_OPERATOR,,,0
P000118,ORG000002,FIELD_OPERATIVE,,,0
P000119,ORG000002,COURIER,,,0
P000120,ORG000002,LOGISTICS,,,0
P000121,ORG000002,LIEUTENANT,,,0
P000122,ORG000002,FIELD_OPERATIVE,,,0
P000123,ORG000002,RECRUITER,,,0
P000124,ORG000002,MULE,,,0
P000125,ORG000002,SHOOTER,,,0
P000126,ORG000002,LOGISTICS,,,0
P000127,ORG000002,LIEUTENANT,,,0
P000128,ORG000002,LIEUTENANT,,,0
P000129,ORG000002,FINANCIER,,,0
P000130,ORG000002,FIXER,,,0
P000131,ORG000002,MULE,,,0
P000132,ORG000002,SHOOTER,,,0
P000133,ORG000002,LOGISTICS,,,0
P000134,ORG000002,SHOOTER,,,0
P000135,ORG000002,COURIER,,,0
P000136,ORG000002,FIELD_OPERATIVE,,,0
P000137,ORG000002,COURIER,,,0
P000138,ORG000002,FIELD_OPERATIVE,,,0
P000139,ORG000002,FIELD_OPERATIVE,,,0
P000140,ORG000002,KINGPIN,,,0
P000141,ORG000002,CORRUPT_OFFICIAL,,,0
P000142,ORG000002,COURIER,,,0
P000143,ORG000002,FIELD_OPERATIVE,,,0
P000144,ORG000002,FIXER,,,0
P000145,ORG000002,RECRUITER,,,0
P000146,ORG000002,FINANCIER,,,0
P000147,ORG000002,FENCE,,,0
P000148,ORG000002,RECRUITER,,,0
P000149,ORG000002,LOGISTICS,,,0
P000150,ORG000002,LOGISTICS,,,0
P000151,ORG000002,COURIER,,,0
P000152,ORG000002,FIELD_OPERATIVE,,,0
P000153,ORG000002,LOGISTICS,,,0
P000154,ORG000002,RECRUITER,,,0
P000155,ORG000002,FIELD_OPERATIVE,,,0
P000156,ORG000002,LIEUTENANT,,,0
P000157,ORG000002,MULE,,,0
P000158,ORG000002,FIELD_OPERATIVE,,,0
P000159,ORG000002,FIELD_OPERATIVE,,,0
P000160,ORG000002,LOGISTICS,,,0
P000161,ORG000002,CORRUPT_OFFICIAL,,,0
P000162,ORG000002,MULE,,,0
P000163,ORG000002,COURIER,,,0
P000164,ORG000002,RECRUITER,,,0
P000165,ORG000002,COURIER,,,0
P000166,ORG000002,MULE,,,0
P000167,ORG000002,MULE,,,0
P000168,ORG000002,FENCE,,,0
P000169,ORG000002,COURIER,,,0
P000170,ORG000002,TECH_HANDLER,,,0
P000171,ORG000002,MULE,,,0
P000172,ORG000002,SHOOTER,,,0
P000173,ORG000002,MULE,,,0
P000174,ORG000002,TECH_HANDLER,,,0
P000175,ORG000003,FIELD_OPERATIVE,,,0
P000176,ORG000003,MULE,,,0
P000177,ORG000003,COURIER,,,0
P000178,ORG000003,FIXER,,,0
P000179,ORG000003,MULE,,,0
P000180,ORG000003,FIELD_OPERATIVE,,,0
P000181,ORG000003,KINGPIN,,,0
P000182,ORG000003,COURIER,,,0
P000183,ORG000003,LOGISTICS,,,0
P000184,ORG000003,RECRUITER,,,0
P000185,ORG000003,FIELD_OPERATIVE,,,0
P000186,ORG000003,LOGISTICS,,,0
P000187,ORG000003,MULE,,,0
P000188,ORG000003,TECH_HANDLER,,,0
P000189,ORG000003,MULE,,,0
P000190,ORG000003,FINANCIER,,,0
P000191,ORG000003,MULE,,,0
P000192,ORG000003,FIELD_OPERATIVE,,,0
P000193,ORG000003,FIELD_OPERATIVE,,,0
P000194,ORG000003,FINANCIER,,,0
P000195,ORG000003,MULE,,,0
P000196,ORG000003,MULE,,,0
P000197,ORG000003,FIELD_OPERATIVE,,,0
P000198,ORG000003,MULE,,,0
P000199,ORG000003,FIELD_OPERATIVE,,,0
P000200,ORG000003,COURIER,,,0
P000201,ORG000003,TECH_HANDLER,,,0
P000202,ORG000003,FIELD_OPERATIVE,,,0
P000203,ORG000003,MULE,,,0
P000204,ORG000003,TECH_HANDLER,,,0
P000205,ORG000003,LIEUTENANT,,,0
P000206,ORG000003,FIELD_OPERATIVE,,,0
P000207,ORG000003,MULE,,,0
P000208,ORG000003,RECRUITER,,,0
P000209,ORG000003,TECH_HANDLER,,,0
P000210,ORG000003,FIELD_OPERATIVE,,,0
P000211,ORG000003,TECH_HANDLER,,,0
P000212,ORG000003,LOGISTICS,,,0
P000213,ORG000003,MULE,,,0
P000214,ORG000003,MULE,,,0
P000215,ORG000003,MULE,,,0
P000216,ORG000003,RECRUITER,,,0
P000217,ORG000003,MULE,,,0
P000218,ORG000003,TECH_HANDLER,,,0
P000219,ORG000003,LIEUTENANT,,,0
P000220,ORG000003,MULE,,,0
P000221,ORG000003,MULE,,,0
P000222,ORG000003,COURIER,,,0
P000223,ORG000003,TECH_HANDLER,,,0
P000224,ORG000003,FIELD_OPERATIVE,,,0
P000225,ORG000003,COURIER,,,0
P000226,ORG000003,MULE,,,0
P000227,ORG000003,RECRUITER,,,0
P000228,ORG000003,INFORMANT,,,0
P000229,ORG000003,LIEUTENANT,,,0
P000230,ORG000003,MULE,,,0
P000231,ORG000003,TECH_HANDLER,,,0
P000232,ORG000003,TECH_HANDLER,,,0
P000233,ORG000003,FIELD_OPERATIVE,,,0
P000234,ORG000003,FIELD_OPERATIVE,,,0
P000235,ORG000003,MULE,,,0
P000236,ORG000003,MULE,,,0
P000237,ORG000003,MULE,,,0
P000238,ORG000003,COURIER,,,0
P000239,ORG000003,MULE,,,0
P000240,ORG000003,MULE,,,0
P000241,ORG000003,FIELD_OPERATIVE,,,0
P000242,ORG000003,RECRUITER,,,0
P000243,ORG000003,LIEUTENANT,,,0
P000244,ORG000003,TECH_HANDLER,,,0
P000245,ORG000003,TECH_HANDLER,,,0
P000246,ORG000003,RECRUITER,,,0
P000247,ORG000003,FIELD_OPERATIVE,,,0
P000248,ORG000003,TECH_HANDLER,,,0
P000249,ORG000003,MULE,,,0
P000250,ORG000003,FIELD_OPERATIVE,,,0
P000251,ORG000003,MULE,,,0
P000252,ORG000003,FENCE,,,0
P000253,ORG000003,HAWALA_OPERATOR,,,0
P000254,ORG000003,FIELD_OPERATIVE,,,0
P000255,ORG000003,TECH_HANDLER,,,0
P000256,ORG000003,FENCE,,,0
P000257,ORG000003,LIEUTENANT,,,0
P000258,ORG000003,TECH_HANDLER,,,0
P000259,ORG000003,TECH_HANDLER,,,0
P000260,ORG000003,FIELD_OPERATIVE,,,0
P000261,ORG000003,TECH_HANDLER,,,0
P000262,ORG000003,COURIER,,,0
P000263,ORG000003,FIELD_OPERATIVE,,,0
P000264,ORG000003,MULE,,,0
P000265,ORG000003,INFORMANT,,,0
P000266,ORG000003,RECRUITER,,,0
P000267,ORG000003,FIELD_OPERATIVE,,,0
P000268,ORG000003,LIEUTENANT,,,0
P000269,ORG000003,LOGISTICS,,,0
P000270,ORG000003,MULE,,,0
P000271,ORG000003,FIELD_OPERATIVE,,,0
P000272,ORG000003,RECRUITER,,,0
P000273,ORG000003,MULE,,,0
P000274,ORG000003,MULE,,,0
P000275,ORG000003,MULE,,,0
P000276,ORG000003,MULE,,,0
P000277,ORG000003,FIELD_OPERATIVE,,,0
P000278,ORG000003,TECH_HANDLER,,,0
P000279,ORG000003,FINANCIER,,,0
P000280,ORG000003,MULE,,,0
P000281,ORG000003,FIXER,,,0
P000282,ORG000003,MULE,,,0
P000283,ORG000003,TECH_HANDLER,,,0
P000284,ORG000003,RECRUITER,,,0
P000285,ORG000003,FINANCIER,,,0
P000286,ORG000003,MULE,,,0
P000287,ORG000003,FIELD_OPERATIVE,,,0
P000288,ORG000003,KINGPIN,,,0
P000289,ORG000003,MULE,,,0
P000290,ORG000004,COURIER,,,0
P000291,ORG000004,FIELD_OPERATIVE,,,0
P000292,ORG000004,MULE,,,0
P000293,ORG000004,FIELD_OPERATIVE,,,0
P000294,ORG000004,RECRUITER,,,0
P000295,ORG000004,LIEUTENANT,,,0
P000296,ORG000004,LIEUTENANT,,,0
P000297,ORG000004,MULE,,,0
P000298,ORG000004,TECH_HANDLER,,,0
P000299,ORG000004,COURIER,,,0
P000300,ORG000004,FENCE,,,0
P000301,ORG000004,FIXER,,,0
P000302,ORG000004,MULE,,,0
P000303,ORG000004,MULE,,,0
P000304,ORG000004,HAWALA_OPERATOR,,,0
P000305,ORG000004,LIEUTENANT,,,0
P000306,ORG000004,FIELD_OPERATIVE,,,0
P000307,ORG000004,MULE,,,0
P000308,ORG000004,FIELD_OPERATIVE,,,0
P000309,ORG000004,RECRUITER,,,0
P000310,ORG000004,MULE,,,0
P000311,ORG000004,FIELD_OPERATIVE,,,0
P000312,ORG000004,HAWALA_OPERATOR,,,0
P000313,ORG000004,FIELD_OPERATIVE,,,0
P000314,ORG000004,HAWALA_OPERATOR,,,0
P000315,ORG000004,MULE,,,0
P000316,ORG000004,CORRUPT_OFFICIAL,,,0
P000317,ORG000004,FINANCIER,,,0
P000318,ORG000004,LIEUTENANT,,,0
P000319,ORG000004,MULE,,,0
P000320,ORG000004,FINANCIER,,,0
P000321,ORG000004,HAWALA_OPERATOR,,,0
P000322,ORG000004,FINANCIER,,,0
P000323,ORG000004,FIELD_OPERATIVE,,,0
P000324,ORG000004,MULE,,,0
P000325,ORG000004,FIELD_OPERATIVE,,,0
P000326,ORG000004,FINANCIER,,,0
P000327,ORG000004,FENCE,,,0
P000328,ORG000004,FIELD_OPERATIVE,,,0
P000329,ORG000004,FIELD_OPERATIVE,,,0
P000330,ORG000004,LOGISTICS,,,0
P000331,ORG000004,HAWALA_OPERATOR,,,0
P000332,ORG000004,FINANCIER,,,0
P000333,ORG000004,LOGISTICS,,,0
P000334,ORG000004,HAWALA_OPERATOR,,,0
P000335,ORG000004,HAWALA_OPERATOR,,,0
P000336,ORG000004,COURIER,,,0
P000337,ORG000004,CORRUPT_OFFICIAL,,,0
P000338,ORG000004,LOGISTICS,,,0
P000339,ORG000004,MULE,,,0
P000340,ORG000004,FIELD_OPERATIVE,,,0
P000341,ORG000004,FIELD_OPERATIVE,,,0
P000342,ORG000004,FIELD_OPERATIVE,,,0
P000343,ORG000004,KINGPIN,,,0
P000344,ORG000004,MULE,,,0
P000345,ORG000004,RECRUITER,,,0
P000346,ORG000004,FIELD_OPERATIVE,,,0
P000347,ORG000004,COURIER,,,0
P000348,ORG000004,FIELD_OPERATIVE,,,0
P000349,ORG000004,LOGISTICS,,,0
P000350,ORG000004,TECH_HANDLER,,,0
P000351,ORG000004,FINANCIER,,,0
P000352,ORG000004,FIELD_OPERATIVE,,,0
P000353,ORG000004,FIELD_OPERATIVE,,,0
P000354,ORG000004,TECH_HANDLER,,,0
P000355,ORG000004,FIELD_OPERATIVE,,,0
P000356,ORG000004,TECH_HANDLER,,,0
P000357,ORG000004,FIELD_OPERATIVE,,,0
P000358,ORG000005,LOGISTICS,,,0
P000359,ORG000005,LIEUTENANT,,,0
P000360,ORG000005,FIELD_OPERATIVE,,,0
P000361,ORG000005,RECRUITER,,,0
P000362,ORG000005,LOGISTICS,,,0
P000363,ORG000005,FIELD_OPERATIVE,,,0
P000364,ORG000005,COURIER,,,0
P000365,ORG000005,COURIER,,,0
P000366,ORG000005,LOGISTICS,,,0
P000367,ORG000005,LOGISTICS,,,0
P000368,ORG000005,FINANCIER,,,0
P000369,ORG000005,FIXER,,,0
P000370,ORG000005,LIEUTENANT,,,0
P000371,ORG000005,MULE,,,0
P000372,ORG000005,HAWALA_OPERATOR,,,0
P000373,ORG000005,MULE,,,0
P000374,ORG000005,FIELD_OPERATIVE,,,0
P000375,ORG000005,MULE,,,0
P000376,ORG000005,FIELD_OPERATIVE,,,0
P000377,ORG000005,RECRUITER,,,0
P000378,ORG000005,SHOOTER,,,0
P000379,ORG000005,TECH_HANDLER,,,0
P000380,ORG000005,MULE,,,0
P000381,ORG000005,CORRUPT_OFFICIAL,,,0
P000382,ORG000005,MULE,,,0
P000383,ORG000005,FIELD_OPERATIVE,,,0
P000384,ORG000005,LIEUTENANT,,,0
P000385,ORG000005,MULE,,,0
P000386,ORG000005,FIELD_OPERATIVE,,,0
P000387,ORG000005,TECH_HANDLER,,,0
P000388,ORG000005,FIELD_OPERATIVE,,,0
P000389,ORG000005,FENCE,,,0
P000390,ORG000005,FIELD_OPERATIVE,,,0
P000391,ORG000005,RECRUITER,,,0
P000392,ORG000005,MULE,,,0
P000393,ORG000005,FIELD_OPERATIVE,,,0
P000394,ORG000005,FIELD_OPERATIVE,,,0
P000395,ORG000005,FIXER,,,0
P000396,ORG000005,INFORMANT,,,0
P000397,ORG000005,KINGPIN,,,0
P000398,ORG000005,FIELD_OPERATIVE,,,0
P000399,ORG000005,MULE,,,0
P000400,ORG000005,SHOOTER,,,0
P000401,ORG000005,TECH_HANDLER,,,0
P000402,ORG000005,FIELD_OPERATIVE,,,0
P000403,ORG000005,INFORMANT,,,0
P000404,ORG000005,FIELD_OPERATIVE,,,0
P000405,ORG000005,FIXER,,,0
P000406,ORG000005,SHOOTER,,,0
P000407,ORG000005,LOGISTICS,,,0
P000408,ORG000005,FIELD_OPERATIVE,,,0
P000409,ORG000005,INFORMANT,,,0
P000410,ORG000005,LOGISTICS,,,0
P000411,ORG000005,FIELD_OPERATIVE,,,0
P000412,ORG000005,MULE,,,0
P000413,ORG000005,COURIER,,,0
P000414,ORG000005,MULE,,,0
P000415,ORG000005,COURIER,,,0
P000416,ORG000005,MULE,,,0
P000417,ORG000006,LOGISTICS,,,0
P000418,ORG000006,FIXER,,,0
P000419,ORG000006,TECH_HANDLER,,,0
P000420,ORG000006,MULE,,,0
P000421,ORG000006,RECRUITER,,,0
P000422,ORG000006,MULE,,,0
P000423,ORG000006,COURIER,,,0
P000424,ORG000006,RECRUITER,,,0
P000425,ORG000006,TECH_HANDLER,,,0
P000426,ORG000006,LIEUTENANT,,,0
P000427,ORG000006,SHOOTER,,,0
P000428,ORG000006,SHOOTER,,,0
P000429,ORG000006,LIEUTENANT,,,0
P000430,ORG000006,LOGISTICS,,,0
P000431,ORG000006,LIEUTENANT,,,0
P000432,ORG000006,HAWALA_OPERATOR,,,0
P000433,ORG000006,MULE,,,0
P000434,ORG000006,FIXER,,,0
P000435,ORG000006,LOGISTICS,,,0
P000436,ORG000006,LOGISTICS,,,0
P000437,ORG000006,RECRUITER,,,0
P000438,ORG000006,FIELD_OPERATIVE,,,0
P000439,ORG000006,FIELD_OPERATIVE,,,0
P000440,ORG000006,SHOOTER,,,0
P000441,ORG000006,FIELD_OPERATIVE,,,0
P000442,ORG000006,LOGISTICS,,,0
P000443,ORG000006,MULE,,,0
P000444,ORG000006,LOGISTICS,,,0
P000445,ORG000006,COURIER,,,0
P000446,ORG000006,CORRUPT_OFFICIAL,,,0
P000447,ORG000006,FIELD_OPERATIVE,,,0
P000448,ORG000006,FIELD_OPERATIVE,,,0
P000449,ORG000006,COURIER,,,0
P000450,ORG000006,FIXER,,,0
P000451,ORG000006,FIELD_OPERATIVE,,,0
P000452,ORG000006,MULE,,,0
P000453,ORG000006,LOGISTICS,,,0
P000454,ORG000006,RECRUITER,,,0
P000455,ORG000006,FIELD_OPERATIVE,,,0
P000456,ORG000006,MULE,,,0
P000457,ORG000006,FENCE,,,0
P000458,ORG000006,MULE,,,0
P000459,ORG000006,CORRUPT_OFFICIAL,,,0
P000460,ORG000006,FINANCIER,,,0
P000461,ORG000006,MULE,,,0
P000462,ORG000006,FIELD_OPERATIVE,,,0
P000463,ORG000006,SHOOTER,,,0
P000464,ORG000006,KINGPIN,,,0
P000465,ORG000006,CORRUPT_OFFICIAL,,,0
P000466,ORG000006,HAWALA_OPERATOR,,,0
P000467,ORG000006,COURIER,,,0
P000468,ORG000006,SHOOTER,,,0
P000469,ORG000006,RECRUITER,,,0
P000470,ORG000006,RECRUITER,,,0
P000471,ORG000006,SHOOTER,,,0
P000472,ORG000007,LIEUTENANT,,,0
P000473,ORG000007,MULE,,,0
P000474,ORG000007,LOGISTICS,,,0
P000475,ORG000007,MULE,,,0
P000476,ORG000007,MULE,,,0
P000477,ORG000007,FIELD_OPERATIVE,,,0
P000478,ORG000007,FIELD_OPERATIVE,,,0
P000479,ORG000007,LOGISTICS,,,0
P000480,ORG000007,RECRUITER,,,0
P000481,ORG000007,COURIER,,,0
P000482,ORG000007,COURIER,,,0
P000483,ORG000007,SHOOTER,,,0
P000484,ORG000007,LOGISTICS,,,0
P000485,ORG000007,HAWALA_OPERATOR,,,0
P000486,ORG000007,MULE,,,0
P000487,ORG000007,RECRUITER,,,0
P000488,ORG000007,MULE,,,0
P000489,ORG000007,MULE,,,0
P000490,ORG000007,CORRUPT_OFFICIAL,,,0
P000491,ORG000007,SHOOTER,,,0
P000492,ORG000007,FIELD_OPERATIVE,,,0
P000493,ORG000007,FIELD_OPERATIVE,,,0
P000494,ORG000007,INFORMANT,,,0
P000495,ORG000007,FENCE,,,0
P000496,ORG000007,FIELD_OPERATIVE,,,0
P000497,ORG000007,KINGPIN,,,0
P000498,ORG000007,LIEUTENANT,,,0
P000499,ORG000007,FIELD_OPERATIVE,,,0
P000500,ORG000007,RECRUITER,,,0
P000501,ORG000007,MULE,,,0
P000502,ORG000007,CORRUPT_OFFICIAL,,,0
P000503,ORG000007,FIELD_OPERATIVE,,,0
P000504,ORG000007,SHOOTER,,,0
P000505,ORG000007,MULE,,,0
P000506,ORG000007,LOGISTICS,,,0
P000507,ORG000007,FENCE,,,0
P000508,ORG000007,FIELD_OPERATIVE,,,0
P000509,ORG000007,RECRUITER,,,0
P000510,ORG000007,LOGISTICS,,,0
P000511,ORG000007,FENCE,,,0
P000512,ORG000007,SHOOTER,,,0
P000513,ORG000007,FIXER,,,0
P000514,ORG000007,LOGISTICS,,,0
P000515,ORG000007,MULE,,,0
P000516,ORG000007,SHOOTER,,,0
P000517,ORG000007,MULE,,,0
P000518,ORG000007,LOGISTICS,,,0
P000519,ORG000008,FIXER,,,0
P000520,ORG000008,LOGISTICS,,,0
P000521,ORG000008,FENCE,,,0
P000522,ORG000008,LOGISTICS,,,0
P000523,ORG000008,RECRUITER,,,0
P000524,ORG000008,HAWALA_OPERATOR,,,0
P000525,ORG000008,MULE,,,0
P000526,ORG000008,MULE,,,0
P000527,ORG000008,FENCE,,,0
P000528,ORG000008,LOGISTICS,,,0
P000529,ORG000008,RECRUITER,,,0
P000530,ORG000008,FIXER,,,0
P000531,ORG000008,RECRUITER,,,0
P000532,ORG000008,SHOOTER,,,0
P000533,ORG000008,MULE,,,0
P000534,ORG000008,TECH_HANDLER,,,0
P000535,ORG000008,LOGISTICS,,,0
P000536,ORG000008,FIELD_OPERATIVE,,,0
P000537,ORG000008,SHOOTER,,,0
P000538,ORG000008,TECH_HANDLER,,,0
P000539,ORG000008,FENCE,,,0
P000540,ORG000008,CORRUPT_OFFICIAL,,,0
P000541,ORG000008,MULE,,,0
P000542,ORG000008,FIELD_OPERATIVE,,,0
P000543,ORG000008,HAWALA_OPERATOR,,,0
P000544,ORG000008,FENCE,,,0
P000545,ORG000008,INFORMANT,,,0
P000546,ORG000008,MULE,,,0
P000547,ORG000008,FIELD_OPERATIVE,,,0
P000548,ORG000008,FIELD_OPERATIVE,,,0
P000549,ORG000008,FIELD_OPERATIVE,,,0
P000550,ORG000008,COURIER,,,0
P000551,ORG000008,LIEUTENANT,,,0
P000552,ORG000008,FIELD_OPERATIVE,,,0
P000553,ORG000008,LOGISTICS,,,0
P000554,ORG000008,FINANCIER,,,0
P000555,ORG000008,LIEUTENANT,,,0
P000556,ORG000008,KINGPIN,,,0
P000557,ORG000008,TECH_HANDLER,,,0
P000558,ORG000008,FINANCIER,,,0
P000559,ORG000008,SHOOTER,,,0
P000560,ORG000008,FINANCIER,,,0
P000561,ORG000008,LIEUTENANT,,,0
P000562,ORG000008,HAWALA_OPERATOR,,,0
P000563,ORG000008,CORRUPT_OFFICIAL,,,0
P000564,ORG000008,FINANCIER,,,0
P000565,ORG000008,FIELD_OPERATIVE,,,0
P000566,ORG000008,FIELD_OPERATIVE,,,0
P000567,ORG000008,FENCE,,,0
P000568,ORG000008,TECH_HANDLER,,,0
P000569,ORG000008,HAWALA_OPERATOR,,,0
P000570,ORG000009,COURIER,,,0
P000571,ORG000009,FIELD_OPERATIVE,,,0
P000572,ORG000009,FIXER,,,0
P000573,ORG000009,FENCE,,,0
P000574,ORG000009,SHOOTER,,,0
P000575,ORG000009,FENCE,,,0
P000576,ORG000009,FIXER,,,0
P000577,ORG000009,COURIER,,,0
P000578,ORG000009,INFORMANT,,,0
P000579,ORG000009,LIEUTENANT,,,0
P000580,ORG000009,LIEUTENANT,,,0
P000581,ORG000009,RECRUITER,,,0
P000582,ORG000009,COURIER,,,0
P000583,ORG000009,COURIER,,,0
P000584,ORG000009,MULE,,,0
P000585,ORG000009,FIXER,,,0
P000586,ORG000009,FIELD_OPERATIVE,,,0
P000587,ORG000009,FIELD_OPERATIVE,,,0
P000588,ORG000009,RECRUITER,,,0
P000589,ORG000009,LOGISTICS,,,0
P000590,ORG000009,FIELD_OPERATIVE,,,0
P000591,ORG000009,FINANCIER,,,0
P000592,ORG000009,FIELD_OPERATIVE,,,0
P000593,ORG000009,FENCE,,,0
P000594,ORG000009,CORRUPT_OFFICIAL,,,0
P000595,ORG000009,RECRUITER,,,0
P000596,ORG000009,SHOOTER,,,0
P000597,ORG000009,MULE,,,0
P000598,ORG000009,LOGISTICS,,,0
P000599,ORG000009,COURIER,,,0
P000600,ORG000009,MULE,,,0
P000601,ORG000009,CORRUPT_OFFICIAL,,,0
P000602,ORG000009,SHOOTER,,,0
P000603,ORG000009,FIELD_OPERATIVE,,,0
P000604,ORG000009,FIELD_OPERATIVE,,,0
P000605,ORG000009,FIELD_OPERATIVE,,,0
P000606,ORG000009,FIELD_OPERATIVE,,,0
P000607,ORG000009,FIXER,,,0
P000608,ORG000009,COURIER,,,0
P000609,ORG000009,SHOOTER,,,0
P000610,ORG000009,KINGPIN,,,0
P000611,ORG000010,SHOOTER,,,0
P000612,ORG000010,LIEUTENANT,,,0
P000613,ORG000010,FIELD_OPERATIVE,,,0
P000614,ORG000010,FIXER,,,0
P000615,ORG000010,LIEUTENANT,,,0
P000616,ORG000010,MULE,,,0
P000617,ORG000010,MULE,,,0
P000618,ORG000010,FIELD_OPERATIVE,,,0
P000619,ORG000010,COURIER,,,0
P000620,ORG000010,FIELD_OPERATIVE,,,0
P000621,ORG000010,SHOOTER,,,0
P000622,ORG000010,FIELD_OPERATIVE,,,0
P000623,ORG000010,LOGISTICS,,,0
P000624,ORG000010,INFORMANT,,,0
P000625,ORG000010,KINGPIN,,,0
P000626,ORG000010,COURIER,,,0
P000627,ORG000010,RECRUITER,,,0
P000628,ORG000010,LOGISTICS,,,0
P000629,ORG000010,MULE,,,0
P000630,ORG000010,COURIER,,,0
P000631,ORG000010,FINANCIER,,,0
P000632,ORG000010,FIELD_OPERATIVE,,,0
P000633,ORG000010,LIEUTENANT,,,0
P000634,ORG000010,MULE,,,0
P000635,ORG000010,MULE,,,0
P000636,ORG000010,MULE,,,0
P000637,ORG000010,MULE,,,0
P000638,ORG000010,MULE,,,0
P000639,ORG000010,MULE,,,0
P000640,ORG000010,MULE,,,0
P000641,ORG000010,COURIER,,,0
P000642,ORG000010,MULE,,,0
P000643,ORG000010,FIELD_OPERATIVE,,,0
P000644,ORG000010,FIELD_OPERATIVE,,,0
P000645,ORG000010,RECRUITER,,,0
P000646,ORG000010,HAWALA_OPERATOR,,,0
P000647,ORG000010,FIELD_OPERATIVE,,,0
P000648,ORG000010,FIELD_OPERATIVE,,,0
P000649,ORG000010,FIELD_OPERATIVE,,,0
P000650,ORG000010,TECH_HANDLER,,,0
P000651,ORG000010,MULE,,,0
P000652,ORG000010,TECH_HANDLER,,,0
P000653,ORG000010,FIELD_OPERATIVE,,,0
P000654,ORG000010,MULE,,,0
P000655,ORG000010,HAWALA_OPERATOR,,,0
P000656,ORG000010,COURIER,,,0
P000657,ORG000010,FIELD_OPERATIVE,,,0
P000658,ORG000010,LOGISTICS,,,0
P000659,ORG000010,COURIER,,,0
P000660,ORG000010,FIELD_OPERATIVE,,,0
P000661,ORG000010,FINANCIER,,,0
P000662,ORG000010,LOGISTICS,,,0
P000663,ORG000010,RECRUITER,,,0
P000664,ORG000010,MULE,,,0
P000665,ORG000010,FIELD_OPERATIVE,,,0
P000666,ORG000011,FIELD_OPERATIVE,,,0
P000667,ORG000011,MULE,,,0
P000668,ORG000011,MULE,,,0
P000669,ORG000011,MULE,,,0
P000670,ORG000011,COURIER,,,0
P000671,ORG000011,FIELD_OPERATIVE,,,0
P000672,ORG000011,MULE,,,0
P000673,ORG000011,FIELD_OPERATIVE,,,0
P000674,ORG000011,FIELD_OPERATIVE,,,0
P000675,ORG000011,MULE,,,0
P000676,ORG000011,MULE,,,0
P000677,ORG000011,FIELD_OPERATIVE,,,0
P000678,ORG000011,FIELD_OPERATIVE,,,0
P000679,ORG000011,CORRUPT_OFFICIAL,,,0
P000680,ORG000011,MULE,,,0
P000681,ORG000011,FIELD_OPERATIVE,,,0
P000682,ORG000011,RECRUITER,,,0
P000683,ORG000011,FINANCIER,,,0
P000684,ORG000011,RECRUITER,,,0
P000685,ORG000011,FENCE,,,0
P000686,ORG000011,FIELD_OPERATIVE,,,0
P000687,ORG000011,MULE,,,0
P000688,ORG000011,FIELD_OPERATIVE,,,0
P000689,ORG000011,FINANCIER,,,0
P000690,ORG000011,MULE,,,0
P000691,ORG000011,FINANCIER,,,0
P000692,ORG000011,MULE,,,0
P000693,ORG000011,LIEUTENANT,,,0
P000694,ORG000011,COURIER,,,0
P000695,ORG000011,KINGPIN,,,0
P000696,ORG000011,FIELD_OPERATIVE,,,0
P000697,ORG000011,FIELD_OPERATIVE,,,0
P000698,ORG000011,FIELD_OPERATIVE,,,0
P000699,ORG000011,RECRUITER,,,0
P000700,ORG000011,MULE,,,0
P000701,ORG000011,MULE,,,0
P000702,ORG000011,MULE,,,0
P000703,ORG000011,FIELD_OPERATIVE,,,0
P000704,ORG000011,COURIER,,,0
P000705,ORG000011,TECH_HANDLER,,,0
P000706,ORG000011,FIELD_OPERATIVE,,,0
P000707,ORG000011,LIEUTENANT,,,0
P000708,ORG000011,RECRUITER,,,0
P000709,ORG000011,RECRUITER,,,0
P000710,ORG000011,CORRUPT_OFFICIAL,,,0
P000711,ORG000011,INFORMANT,,,0
P000712,ORG000011,FIELD_OPERATIVE,,,0
P000713,ORG000012,RECRUITER,,,0
P000714,ORG000012,MULE,,,0
P000715,ORG000012,FIELD_OPERATIVE,,,0
P000716,ORG000012,FIELD_OPERATIVE,,,0
P000717,ORG000012,CORRUPT_OFFICIAL,,,0
P000718,ORG000012,FIELD_OPERATIVE,,,0
P000719,ORG000012,MULE,,,0
P000720,ORG000012,FIELD_OPERATIVE,,,0
P000721,ORG000012,FIELD_OPERATIVE,,,0
P000722,ORG000012,LIEUTENANT,,,0
P000723,ORG000012,FINANCIER,,,0
P000724,ORG000012,FINANCIER,,,0
P000725,ORG000012,LIEUTENANT,,,0
P000726,ORG000012,COURIER,,,0
P000727,ORG000012,MULE,,,0
P000728,ORG000012,RECRUITER,,,0
P000729,ORG000012,LIEUTENANT,,,0
P000730,ORG000012,FINANCIER,,,0
P000731,ORG000012,CORRUPT_OFFICIAL,,,0
P000732,ORG000012,FIELD_OPERATIVE,,,0
P000733,ORG000012,MULE,,,0
P000734,ORG000012,MULE,,,0
P000735,ORG000012,TECH_HANDLER,,,0
P000736,ORG000012,FIELD_OPERATIVE,,,0
P000737,ORG000012,KINGPIN,,,0
P000738,ORG000012,FINANCIER,,,0
P000739,ORG000012,RECRUITER,,,0
P000740,ORG000012,FIELD_OPERATIVE,,,0
P000741,ORG000012,HAWALA_OPERATOR,,,0
P000742,ORG000012,FIELD_OPERATIVE,,,0
P000743,ORG000012,FIELD_OPERATIVE,,,0
P000744,ORG000012,COURIER,,,0
P000745,ORG000012,FIELD_OPERATIVE,,,0
P000746,ORG000012,FIELD_OPERATIVE,,,0
P000747,ORG000012,FENCE,,,0
P000748,ORG000012,FINANCIER,,,0
P000749,ORG000012,FIELD_OPERATIVE,,,0
P000750,ORG000012,RECRUITER,,,0
P000751,ORG000012,FIELD_OPERATIVE,,,0
P000752,ORG000012,FIELD_OPERATIVE,,,0
P000753,ORG000012,FIELD_OPERATIVE,,,0
P000754,ORG000012,FIELD_OPERATIVE,,,0
P000755,ORG000012,MULE,,,0
P000756,ORG000012,TECH_HANDLER,,,0
P000757,ORG000012,RECRUITER,,,0
P000758,ORG000012,FIELD_OPERATIVE,,,0
P000759,ORG000012,MULE,,,0
P000760,ORG000012,FIELD_OPERATIVE,,,0
P000761,ORG000012,LOGISTICS,,,0
P000762,ORG000012,FIELD_OPERATIVE,,,0
P000763,ORG000012,MULE,,,0
P000764,ORG000013,FIELD_OPERATIVE,,,0
P000765,ORG000013,HAWALA_OPERATOR,,,0
P000766,ORG000013,FIELD_OPERATIVE,,,0
P000767,ORG000013,FIELD_OPERATIVE,,,0
P000768,ORG000013,FIELD_OPERATIVE,,,0
P000769,ORG000013,INFORMANT,,,0
P000770,ORG000013,FIELD_OPERATIVE,,,0
P000771,ORG000013,FIELD_OPERATIVE,,,0
P000772,ORG000013,FIELD_OPERATIVE,,,0
P000773,ORG000013,FINANCIER,,,0
P000774,ORG000013,SHOOTER,,,0
P000775,ORG000013,FIELD_OPERATIVE,,,0
P000776,ORG000013,FINANCIER,,,0
P000777,ORG000013,FIELD_OPERATIVE,,,0
P000778,ORG000013,FINANCIER,,,0
P000779,ORG000013,FIELD_OPERATIVE,,,0
P000780,ORG000013,SHOOTER,,,0
P000781,ORG000013,SHOOTER,,,0
P000782,ORG000013,FIELD_OPERATIVE,,,0
P000783,ORG000013,FINANCIER,,,0
P000784,ORG000013,FIELD_OPERATIVE,,,0
P000785,ORG000013,LOGISTICS,,,0
P000786,ORG000013,SHOOTER,,,0
P000787,ORG000013,COURIER,,,0
P000788,ORG000013,FIELD_OPERATIVE,,,0
P000789,ORG000013,FINANCIER,,,0
P000790,ORG000013,FIXER,,,0
P000791,ORG000013,FIELD_OPERATIVE,,,0
P000792,ORG000013,LIEUTENANT,,,0
P000793,ORG000013,FIELD_OPERATIVE,,,0
P000794,ORG000013,LIEUTENANT,,,0
P000795,ORG000013,INFORMANT,,,0
P000796,ORG000013,TECH_HANDLER,,,0
P000797,ORG000013,KINGPIN,,,0
P000798,ORG000013,MULE,,,0
P000799,ORG000013,TECH_HANDLER,,,0
P000800,ORG000013,COURIER,,,0
P000801,ORG000014,FIELD_OPERATIVE,,,0
P000802,ORG000014,LOGISTICS,,,0
P000803,ORG000014,CORRUPT_OFFICIAL,,,0
P000804,ORG000014,COURIER,,,0
P000805,ORG000014,COURIER,,,0
P000806,ORG000014,FIELD_OPERATIVE,,,0
P000807,ORG000014,TECH_HANDLER,,,0
P000808,ORG000014,FIELD_OPERATIVE,,,0
P000809,ORG000014,SHOOTER,,,0
P000810,ORG000014,RECRUITER,,,0
P000811,ORG000014,LOGISTICS,,,0
P000812,ORG000014,RECRUITER,,,0
P000813,ORG000014,HAWALA_OPERATOR,,,0
P000814,ORG000014,FIELD_OPERATIVE,,,0
P000815,ORG000014,SHOOTER,,,0
P000816,ORG000014,MULE,,,0
P000817,ORG000014,LOGISTICS,,,0
P000818,ORG000014,SHOOTER,,,0
P000819,ORG000014,SHOOTER,,,0
P000820,ORG000014,HAWALA_OPERATOR,,,0
P000821,ORG000014,SHOOTER,,,0
P000822,ORG000014,SHOOTER,,,0
P000823,ORG000014,FENCE,,,0
P000824,ORG000014,COURIER,,,0
P000825,ORG000014,COURIER,,,0
P000826,ORG000014,SHOOTER,,,0
P000827,ORG000014,SHOOTER,,,0
P000828,ORG000014,SHOOTER,,,0
P000829,ORG000014,FINANCIER,,,0
P000830,ORG000014,KINGPIN,,,0
P000831,ORG000014,FENCE,,,0
P000832,ORG000014,FIELD_OPERATIVE,,,0
P000833,ORG000014,LIEUTENANT,,,0
P000834,ORG000014,TECH_HANDLER,,,0
P000835,ORG000014,SHOOTER,,,0
P000836,ORG000014,FIELD_OPERATIVE,,,0
P000837,ORG000014,SHOOTER,,,0
P000838,ORG000014,LOGISTICS,,,0
P000839,ORG000014,FIELD_OPERATIVE,,,0
P000840,ORG000014,FINANCIER,,,0
P000841,ORG000014,COURIER,,,0
P000842,ORG000014,RECRUITER,,,0
P000843,ORG000014,LIEUTENANT,,,0
P000844,ORG000014,FIXER,,,0
P000845,ORG000014,FENCE,,,0
P000846,ORG000015,MULE,,,0
P000847,ORG000015,INFORMANT,,,0
P000848,ORG000015,LIEUTENANT,,,0
P000849,ORG000015,COURIER,,,0
P000850,ORG000015,FENCE,,,0
P000851,ORG000015,FENCE,,,0
P000852,ORG000015,COURIER,,,0
P000853,ORG000015,LOGISTICS,,,0
P000854,ORG000015,FINANCIER,,,0
P000855,ORG000015,MULE,,,0
P000856,ORG000015,FINANCIER,,,0
P000857,ORG000015,FIELD_OPERATIVE,,,0
P000858,ORG000015,FENCE,,,0
P000859,ORG000015,KINGPIN,,,0
P000860,ORG000015,FINANCIER,,,0
P000861,ORG000015,RECRUITER,,,0
P000862,ORG000015,FIXER,,,0
P000863,ORG000015,FIELD_OPERATIVE,,,0
P000864,ORG000015,FIELD_OPERATIVE,,,0
P000865,ORG000015,FINANCIER,,,0
P000866,ORG000015,FINANCIER,,,0
P000867,ORG000015,MULE,,,0
P000868,ORG000015,HAWALA_OPERATOR,,,0
P000869,ORG000015,MULE,,,0
P000870,ORG000015,COURIER,,,0
P000871,ORG000015,MULE,,,0
P000872,ORG000015,FIXER,,,0
P000873,ORG000015,LIEUTENANT,,,0
P000874,ORG000015,FIXER,,,0
P000875,ORG000015,FENCE,,,0
P000876,ORG000015,RECRUITER,,,0
P000877,ORG000015,FIELD_OPERATIVE,,,0
P000878,ORG000015,FIELD_OPERATIVE,,,0
P000879,ORG000015,SHOOTER,,,0
P000880,ORG000015,LOGISTICS,,,0
