person_id,account_id,relation,from_date,to_date
P000001,AC000001,HOLDER,2021-04-08,
P000001,AC000002,HOLDER,2026-06-16,
P000001,AC000003,HOLDER,2023-04-06,
P000002,AC000004,HOLDER,2020-09-22,
P000002,AC000005,HOLDER,2025-10-07,
P000003,AC000006,HOLDER,2017-01-22,
P000003,AC000007,HOLDER,2016-09-06,
P000003,AC000008,HOLDER,2019-05-25,
P000004,AC000009,HOLDER,2022-10-26,
P000004,AC000010,HOLDER,2017-06-26,
P000005,AC000011,HOLDER,2017-12-18,
P000006,AC000012,HOLDER,2014-06-12,
P000006,AC000013,HOLDER,2017-10-30,
P000007,AC000014,HOLDER,2020-08-30,
P000008,AC000015,HOLDER,2013-10-19,
P000009,AC000016,HOLDER,2017-02-23,
P000009,AC000017,HOLDER,2014-12-19,
P000010,AC000018,HOLDER,2021-11-26,
P000010,AC000019,HOLDER,2022-03-14,
P000011,AC000020,HOLDER,2022-04-04,
P000012,AC000021,HOLDER,2022-08-19,
P000012,AC000022,HOLDER,2023-10-14,
P000013,AC000023,HOLDER,2017-05-04,
P000013,AC000024,HOLDER,2020-07-14,
P000014,AC000025,HOLDER,2022-08-07,
P000015,AC000026,HOLDER,2024-09-18,
P000015,AC000027,HOLDER,2018-09-27,
P000016,AC000028,HOLDER,2023-09-19,
P000016,AC000029,HOLDER,2026-06-10,
P000017,AC000030,HOLDER,2019-07-04,
P000018,AC000031,HOLDER,2025-01-30,
P000019,AC000032,HOLDER,2023-08-13,
P000019,AC000033,HOLDER,2014-11-26,
P000020,AC000034,HOLDER,2025-09-23,
P000021,AC000035,HOLDER,2016-10-15,
P000022,AC000036,HOLDER,2025-11-27,
P000022,AC000037,HOLDER,2018-12-04,
P000023,AC000038,HOLDER,2023-07-05,
P000024,AC000039,HOLDER,2024-04-26,
P000024,AC000040,HOLDER,2023-09-14,
P000024,AC000041,HOLDER,2014-08-04,
P000025,AC000042,HOLDER,2025-04-14,
P000026,AC000043,HOLDER,2018-06-25,
P000026,AC000044,HOLDER,2015-07-27,
P000026,AC000045,HOLDER,2016-03-09,
P000027,AC000046,HOLDER,2020-04-26,
P000028,AC000047,HOLDER,2022-07-29,
P000028,AC000048,HOLDER,2015-09-12,
P000028,AC000049,HOLDER,2019-02-12,
P000028,AC000050,HOLDER,2026-03-01,
P000028,AC000051,HOLDER,2024-11-08,
P000029,AC000052,HOLDER,2024-02-18,
P000029,AC000053,HOLDER,2016-01-01,
P000029,AC000054,HOLDER,2021-11-13,
P000029,AC000055,HOLDER,2018-06-26,
P000029,AC000056,HOLDER,2022-06-12,
P000030,AC000057,HOLDER,2015-03-24,
P000031,AC000058,HOLDER,2021-08-10,
P000032,AC000059,HOLDER,2021-07-18,
P000032,AC000060,HOLDER,2017-11-17,
P000033,AC000061,HOLDER,2016-10-24,
P000033,AC000062,HOLDER,2018-02-17,
P000033,AC000063,HOLDER,2013-11-16,
P000034,AC000064,HOLDER,2016-04-05,
P000035,AC000065,HOLDER,2017-06-10,
P000035,AC000066,HOLDER,2013-11-09,
P000036,AC000067,HOLDER,2023-09-10,
P000036,AC000068,HOLDER,2019-05-20,
P000037,AC000069,HOLDER,2024-12-25,
P000038,AC000070,HOLDER,2020-09-05,
P000038,AC000071,HOLDER,2015-10-11,
P000038,AC000072,HOLDER,2025-05-20,
P000039,AC000073,HOLDER,2021-03-05,
P000039,AC000074,HOLDER,2016-09-25,
P000040,AC000075,HOLDER,2020-02-13,
P000040,AC000076,HOLDER,2023-10-18,
P000040,AC000077,HOLDER,2016-04-07,
P000041,AC000078,HOLDER,2019-10-24,
P000042,AC000079,HOLDER,2023-06-18,
P000043,AC000080,HOLDER,2023-07-25,
P000044,AC000081,HOLDER,2013-08-07,
P000045,AC000082,HOLDER,2023-11-06,
P000045,AC000083,HOLDER,2026-04-30,
P000046,AC000084,HOLDER,2021-04-01,
P000046,AC000085,HOLDER,2026-01-05,
P000047,AC000086,HOLDER,2018-06-14,
P000047,AC000087,HOLDER,2019-03-04,
P000047,AC000088,HOLDER,2025-09-08,
P000048,AC000089,HOLDER,2020-01-09,
P000048,AC000090,HOLDER,2019-06-29,
P000049,AC000091,HOLDER,2024-09-27,
P000050,AC000092,HOLDER,2015-05-17,
P000051,AC000093,HOLDER,2022-09-14,
P000051,AC000094,HOLDER,2024-12-17,
P000051,AC000095,HOLDER,2016-09-02,
P000051,AC000096,HOLDER,2020-09-28,
P000051,AC000097,HOLDER,2020-10-26,
P000052,AC000098,HOLDER,2026-03-23,
P000052,AC000099,HOLDER,2019-01-06,
P000052,AC000100,HOLDER,2023-01-19,
P000052,AC000101,HOLDER,2025-03-07,
P000053,AC000102,HOLDER,2021-11-04,
P000053,AC000103,HOLDER,2025-05-16,
P000054,AC000104,HOLDER,2017-07-05,
P000055,AC000105,HOLDER,2016-08-05,
P000055,AC000106,HOLDER,2022-07-12,
P000056,AC000107,HOLDER,2019-03-31,
P000056,AC000108,HOLDER,2018-10-16,
P000056,AC000109,HOLDER,2015-10-18,
P000056,AC000110,HOLDER,2018-11-14,
P000056,AC000111,HOLDER,2021-02-07,
P000057,AC000112,HOLDER,2014-07-23,
P000058,AC000113,HOLDER,2020-05-26,
P000059,AC000114,HOLDER,2020-06-26,
P000059,AC000115,HOLDER,2014-09-21,
P000060,AC000116,HOLDER,2014-10-30,
P000061,AC000117,HOLDER,2023-12-27,
P000061,AC000118,HOLDER,2014-12-30,
P000062,AC000119,HOLDER,2017-10-31,
P000063,AC000120,HOLDER,2022-12-14,
P000064,AC000121,HOLDER,2025-10-26,
P000065,AC000122,HOLDER,2023-03-11,
P000066,AC000123,HOLDER,2015-12-03,
P000067,AC000124,HOLDER,2016-11-05,
P000068,AC000125,HOLDER,2013-01-30,
P000068,AC000126,HOLDER,2024-02-04,
P000069,AC000127,HOLDER,2025-12-10,
P000070,AC000128,HOLDER,2023-11-03,
P000071,AC000129,HOLDER,2024-10-23,
P000071,AC000130,HOLDER,2023-10-28,
P000072,AC000131,HOLDER,2023-12-28,
P000073,AC000132,HOLDER,2014-02-16,
P000073,AC000133,HOLDER,2025-08-28,
P000074,AC000134,HOLDER,2024-01-30,
P000074,AC000135,HOLDER,2023-01-03,
P000075,AC000136,HOLDER,2020-12-29,
P000076,AC000137,HOLDER,2020-05-22,
P000076,AC000138,HOLDER,2024-01-19,
P000077,AC000139,HOLDER,2019-02-19,
P000077,AC000140,HOLDER,2023-01-18,
P000078,AC000141,HOLDER,2016-08-17,
P000079,AC000142,HOLDER,2017-05-06,
P000079,AC000143,HOLDER,2014-05-11,
P000080,AC000144,HOLDER,2015-10-22,
P000080,AC000145,HOLDER,2018-03-21,
P000080,AC000146,HOLDER,2019-11-01,
P000080,AC000147,HOLDER,2017-11-25,
P000080,AC000148,HOLDER,2022-05-22,
P000081,AC000149,HOLDER,2019-08-14,
P000081,AC000150,HOLDER,2023-09-19,
P000082,AC000151,HOLDER,2015-12-15,
P000082,AC000152,HOLDER,2015-04-21,
P000082,AC000153,HOLDER,2019-08-07,
P000083,AC000154,HOLDER,2022-09-28,
P000084,AC000155,HOLDER,2016-04-07,
P000085,AC000156,HOLDER,2024-11-07,
P000085,AC000157,HOLDER,2017-12-01,
P000086,AC000158,HOLDER,2015-01-15,
P000087,AC000159,HOLDER,2018-02-03,
P000087,AC000160,HOLDER,2025-02-24,
P000088,AC000161,HOLDER,2023-05-25,
P000089,AC000162,HOLDER,2015-06-21,
P000089,AC000163,HOLDER,2020-12-29,
P000090,AC000164,HOLDER,2023-11-10,
P000090,AC000165,HOLDER,2022-05-19,
P000091,AC000166,HOLDER,2015-05-09,
P000092,AC000167,HOLDER,2025-09-02,
P000092,AC000168,HOLDER,2014-01-07,
P000092,AC000169,HOLDER,2023-12-23,
P000093,AC000170,HOLDER,2023-08-07,
P000094,AC000171,HOLDER,2018-10-01,
P000095,AC000172,HOLDER,2025-02-11,
P000096,AC000173,HOLDER,2023-04-21,
P000096,AC000174,HOLDER,2013-04-05,
P000097,AC000175,HOLDER,2024-11-29,
P000097,AC000176,HOLDER,2025-05-27,
P000097,AC000177,HOLDER,2025-08-06,
P000098,AC000178,HOLDER,2023-05-22,
P000099,AC000179,HOLDER,2013-10-07,
P000100,AC000180,HOLDER,2015-11-07,
P000100,AC000181,HOLDER,2013-06-06,
P000100,AC000182,HOLDER,2014-08-07,
P000101,AC000183,HOLDER,2014-05-06,
P000102,AC000184,HOLDER,2014-09-06,
P000103,AC000185,HOLDER,2022-08-15,
P000104,AC000186,HOLDER,2022-06-26,
P000105,AC000187,HOLDER,2019-12-21,
P000106,AC000188,HOLDER,2023-06-17,
P000107,AC000189,HOLDER,2019-05-08,
P000108,AC000190,HOLDER,2015-03-05,
P000109,AC000191,HOLDER,2021-12-23,
P000110,AC000192,HOLDER,2023-11-02,
P000110,AC000193,HOLDER,2014-10-10,
P000110,AC000194,HOLDER,2018-05-10,
P000111,AC000195,HOLDER,2016-02-25,
P000111,AC000196,HOLDER,2016-09-07,
P000111,AC000197,HOLDER,2024-07-25,
P000112,AC000198,HOLDER,2017-01-25,
P000113,AC000199,HOLDER,2016-05-22,
P000114,AC000200,HOLDER,2014-05-12,
P000115,AC000201,HOLDER,2015-12-01,
P000116,AC000202,HOLDER,2014-12-23,
P000117,AC000203,HOLDER,2026-02-15,
P000117,AC000204,HOLDER,2017-09-28,
P000117,AC000205,HOLDER,2014-08-12,
P000117,AC000206,HOLDER,2021-11-15,
P000117,AC000207,HOLDER,2017-03-03,
P000118,AC000208,HOLDER,2025-08-13,
P000119,AC000209,HOLDER,2021-02-05,
P000120,AC000210,HOLDER,2017-07-17,
P000120,AC000211,HOLDER,2023-01-21,
P000121,AC000212,HOLDER,2014-08-03,
P000122,AC000213,HOLDER,2023-05-05,
P000122,AC000214,HOLDER,2013-04-07,
P000123,AC000215,HOLDER,2024-08-23,
P000124,AC000216,HOLDER,2025-12-15,
P000124,AC000217,HOLDER,2015-08-01,
P000124,AC000218,HOLDER,2013-04-16,
P000125,AC000219,HOLDER,2025-03-12,
P000126,AC000220,HOLDER,2026-02-15,
P000126,AC000221,HOLDER,2017-03-19,
P000127,AC000222,HOLDER,2020-04-25,
P000128,AC000223,HOLDER,2018-01-24,
P000129,AC000224,HOLDER,2026-04-01,
P000129,AC000225,HOLDER,2019-06-30,
P000129,AC000226,HOLDER,2019-06-05,
P000129,AC000227,HOLDER,2017-04-15,
P000130,AC000228,HOLDER,2021-01-15,
P000131,AC000229,HOLDER,2015-03-31,
P000131,AC000230,HOLDER,2017-03-31,
P000132,AC000231,HOLDER,2019-09-14,
P000133,AC000232,HOLDER,2023-10-31,
P000133,AC000233,HOLDER,2015-07-07,
P000134,AC000234,HOLDER,2024-08-13,
P000135,AC000235,HOLDER,2020-10-28,
P000135,AC000236,HOLDER,2022-01-19,
P000136,AC000237,HOLDER,2024-03-25,
P000136,AC000238,HOLDER,2022-05-08,
P000137,AC000239,HOLDER,2018-02-07,
P000138,AC000240,HOLDER,2019-10-27,
P000139,AC000241,HOLDER,2015-11-23,
P000140,AC000242,HOLDER,2022-07-09,
P000140,AC000243,HOLDER,2017-08-09,
P000140,AC000244,HOLDER,2023-09-06,
P000141,AC000245,HOLDER,2018-02-19,
P000142,AC000246,HOLDER,2022-05-23,
P000142,AC000247,HOLDER,2017-12-09,
P000143,AC000248,HOLDER,2019-01-09,
P000144,AC000249,HOLDER,2023-03-26,
P000145,AC000250,HOLDER,2023-01-14,
P000146,AC000251,HOLDER,2017-01-13,
P000146,AC000252,HOLDER,2022-05-15,
P000146,AC000253,HOLDER,2025-01-06,
P000146,AC000254,HOLDER,2023-03-14,
P000147,AC000255,HOLDER,2016-10-04,
P000148,AC000256,HOLDER,2021-02-02,
P000149,AC000257,HOLDER,2021-02-03,
P000150,AC000258,HOLDER,2020-08-12,
P000151,AC000259,HOLDER,2018-04-17,
P000152,AC000260,HOLDER,2021-01-24,
P000153,AC000261,HOLDER,2019-06-21,
P000154,AC000262,HOLDER,2017-03-28,
P000155,AC000263,HOLDER,2013-12-27,
P000156,AC000264,HOLDER,2014-02-17,
P000157,AC000265,HOLDER,2016-12-29,
P000157,AC000266,HOLDER,2019-02-22,
P000157,AC000267,HOLDER,2024-11-17,
P000158,AC000268,HOLDER,2024-02-22,
P000159,AC000269,HOLDER,2019-08-30,
P000159,AC000270,HOLDER,2016-02-26,
P000160,AC000271,HOLDER,2018-12-11,
P000161,AC000272,HOLDER,2019-02-12,
P000162,AC000273,HOLDER,2023-02-24,
P000163,AC000274,HOLDER,2015-05-05,
P000164,AC000275,HOLDER,2014-07-21,
P000165,AC000276,HOLDER,2016-02-13,
P000166,AC000277,HOLDER,2013-11-14,
P000166,AC000278,HOLDER,2019-12-18,
P000167,AC000279,HOLDER,2016-07-31,
P000168,AC000280,HOLDER,2015-02-03,
P000168,AC000281,HOLDER,2021-12-21,
P000169,AC000282,HOLDER,2021-02-06,
P000170,AC000283,HOLDER,2017-02-22,
P000171,AC000284,HOLDER,2015-08-18,
P000171,AC000285,HOLDER,2019-06-06,
P000172,AC000286,HOLDER,2021-01-21,
P000172,AC000287,HOLDER,2022-08-29,
P000173,AC000288,HOLDER,2022-10-19,
P000174,AC000289,HOLDER,2014-07-07,
P000175,AC000290,HOLDER,2019-09-14,
P000176,AC000291,HOLDER,2014-08-26,
P000177,AC000292,HOLDER,2019-02-25,
P000177,AC000293,HOLDER,2023-09-19,
P000178,AC000294,HOLDER,2019-10-27,
P000179,AC000295,HOLDER,2015-09-22,
P000179,AC000296,HOLDER,2017-01-27,
P000179,AC000297,HOLDER,2018-12-26,
P000180,AC000298,HOLDER,2014-04-11,
P000180,AC000299,HOLDER,2014-03-01,
P000181,AC000300,HOLDER,2024-07-18,
P000181,AC000301,HOLDER,2017-05-29,
P000181,AC000302,HOLDER,2016-06-02,
P000182,AC000303,HOLDER,2015-06-15,
P000183,AC000304,HOLDER,2015-03-18,
P000183,AC000305,HOLDER,2024-05-12,
P000184,AC000306,HOLDER,2020-04-07,
P000185,AC000307,HOLDER,2024-11-20,
P000186,AC000308,HOLDER,2014-10-04,
P000187,AC000309,HOLDER,2025-12-07,
P000187,AC000310,HOLDER,2017-11-27,
P000188,AC000311,HOLDER,2022-08-28,
P000188,AC000312,HOLDER,2014-10-17,
P000189,AC000313,HOLDER,2022-04-18,
P000189,AC000314,HOLDER,2016-01-06,
P000189,AC000315,HOLDER,2022-01-15,
P000190,AC000316,HOLDER,2014-02-03,
P000190,AC000317,HOLDER,2024-05-15,
P000190,AC000318,HOLDER,2014-03-28,
P000191,AC000319,HOLDER,2025-04-30,
P000191,AC000320,HOLDER,2015-06-15,
P000191,AC000321,HOLDER,2023-05-22,
P000192,AC000322,HOLDER,2024-10-01,
P000192,AC000323,HOLDER,2021-06-05,
P000193,AC000324,HOLDER,2018-07-16,
P000194,AC000325,HOLDER,2015-01-23,
P000194,AC000326,HOLDER,2014-10-23,
P000194,AC000327,HOLDER,2013-08-05,
P000195,AC000328,HOLDER,2015-05-24,
P000195,AC000329,HOLDER,2021-09-08,
P000195,AC000330,HOLDER,2016-11-04,
P000196,AC000331,HOLDER,2013-04-24,
P000196,AC000332,HOLDER,2020-02-04,
P000196,AC000333,HOLDER,2014-10-31,
P000197,AC000334,HOLDER,2023-01-19,
P000198,AC000335,HOLDER,2020-07-06,
P000199,AC000336,HOLDER,2024-07-15,
P000200,AC000337,HOLDER,2024-06-21,
P000201,AC000338,HOLDER,2014-09-24,
P000201,AC000339,HOLDER,2013-05-12,
P000202,AC000340,HOLDER,2019-03-27,
P000203,AC000341,HOLDER,2022-07-14,
P000203,AC000342,HOLDER,2014-05-29,
P000203,AC000343,HOLDER,2022-05-02,
P000204,AC000344,HOLDER,2019-03-22,
P000204,AC000345,HOLDER,2024-05-12,
P000204,AC000346,HOLDER,2018-05-15,
P000205,AC000347,HOLDER,2023-09-24,
P000206,AC000348,HOLDER,2025-08-08,
P000207,AC000349,HOLDER,2017-05-08,
P000207,AC000350,HOLDER,2014-10-26,
P000208,AC000351,HOLDER,2023-03-19,
P000209,AC000352,HOLDER,2017-08-11,
P000209,AC000353,HOLDER,2019-08-31,
P000210,AC000354,HOLDER,2018-10-08,
P000210,AC000355,HOLDER,2020-08-06,
P000211,AC000356,HOLDER,2013-03-30,
P000211,AC000357,HOLDER,2014-03-12,
P000211,AC000358,HOLDER,2024-06-13,
P000212,AC000359,HOLDER,2016-03-12,
P000213,AC000360,HOLDER,2019-01-29,
P000214,AC000361,HOLDER,2022-03-29,
P000215,AC000362,HOLDER,2024-07-13,
P000215,AC000363,HOLDER,2025-01-21,
P000215,AC000364,HOLDER,2025-05-17,
P000216,AC000365,HOLDER,2013-11-02,
P000217,AC000366,HOLDER,2016-02-27,
P000217,AC000367,HOLDER,2022-03-28,
P000218,AC000368,HOLDER,2018-05-11,
P000218,AC000369,HOLDER,2019-06-01,
P000219,AC000370,HOLDER,2026-06-06,
P000220,AC000371,HOLDER,2014-01-29,
P000221,AC000372,HOLDER,2018-02-14,
P000221,AC000373,HOLDER,2021-08-08,
P000222,AC000374,HOLDER,2021-02-14,
P000222,AC000375,HOLDER,2023-02-08,
P000223,AC000376,HOLDER,2013-02-17,
P000223,AC000377,HOLDER,2013-10-03,
P000223,AC000378,HOLDER,2023-08-23,
P000224,AC000379,HOLDER,2023-01-17,
P000225,AC000380,HOLDER,2021-09-14,
P000225,AC000381,HOLDER,2026-06-29,
P000226,AC000382,HOLDER,2013-04-16,
P000226,AC000383,HOLDER,2018-03-01,
P000226,AC000384,HOLDER,2025-02-03,
P000227,AC000385,HOLDER,2015-11-06,
P000228,AC000386,HOLDER,2018-11-08,
P000229,AC000387,HOLDER,2018-01-19,
P000229,AC000388,HOLDER,2020-01-19,
P000230,AC000389,HOLDER,2019-11-13,
P000230,AC000390,HOLDER,2013-10-02,
P000231,AC000391,HOLDER,2014-11-01,
P000231,AC000392,HOLDER,2017-02-14,
P000231,AC000393,HOLDER,2024-02-04,
P000232,AC000394,HOLDER,2020-05-05,
P000233,AC000395,HOLDER,2014-04-09,
P000234,AC000396,HOLDER,2013-02-03,
P000235,AC000397,HOLDER,2018-04-27,
P000235,AC000398,HOLDER,2019-02-15,
P000236,AC000399,HOLDER,2017-07-16,
P000236,AC000400,HOLDER,2019-07-11,
P000236,AC000401,HOLDER,2023-06-24,
P000237,AC000402,HOLDER,2016-12-07,
P000238,AC000403,HOLDER,2023-10-09,
P000239,AC000404,HOLDER,2016-04-28,
P000240,AC000405,HOLDER,2018-09-15,
P000241,AC000406,HOLDER,2025-04-01,
P000242,AC000407,HOLDER,2019-05-30,
P000243,AC000408,HOLDER,2016-01-13,
P000244,AC000409,HOLDER,2025-08-20,
P000244,AC000410,HOLDER,2016-04-07,
P000244,AC000411,HOLDER,2020-12-21,
P000245,AC000412,HOLDER,2016-08-26,
P000245,AC000413,HOLDER,2018-12-10,
P000245,AC000414,HOLDER,2022-04-10,
P000246,AC000415,HOLDER,2021-03-16,
P000247,AC000416,HOLDER,2024-10-26,
P000247,AC000417,HOLDER,2024-06-10,
P000248,AC000418,HOLDER,2015-03-03,
P000248,AC000419,HOLDER,2025-05-29,
P000248,AC000420,HOLDER,2015-05-08,
P000249,AC000421,HOLDER,2023-10-02,
P000249,AC000422,HOLDER,2018-06-25,
P000250,AC000423,HOLDER,2026-01-02,
P000250,AC000424,HOLDER,2018-05-16,
P000251,AC000425,HOLDER,2017-02-06,
P000251,AC000426,HOLDER,2020-09-01,
P000252,AC000427,HOLDER,2019-07-22,
P000253,AC000428,HOLDER,2018-04-10,
P000253,AC000429,HOLDER,2019-03-20,
P000253,AC000430,HOLDER,2022-02-08,
P000253,AC000431,HOLDER,2015-11-30,
P000253,AC000432,HOLDER,2024-01-26,
P000254,AC000433,HOLDER,2021-06-16,
P000255,AC000434,HOLDER,2026-05-25,
P000255,AC000435,HOLDER,2017-02-14,
P000256,AC000436,HOLDER,2014-01-26,
P000256,AC000437,HOLDER,2023-09-09,
P000257,AC000438,HOLDER,2018-03-02,
P000258,AC000439,HOLDER,2016-01-02,
P000258,AC000440,HOLDER,2014-06-20,
P000258,AC000441,HOLDER,2014-10-23,
P000259,AC000442,HOLDER,2015-09-18,
P000259,AC000443,HOLDER,2013-05-14,
P000259,AC000444,HOLDER,2023-02-11,
P000260,AC000445,HOLDER,2016-05-02,
P000261,AC000446,HOLDER,2023-07-22,
P000262,AC000447,HOLDER,2020-05-19,
P000263,AC000448,HOLDER,2021-11-24,
P000263,AC000449,HOLDER,2014-07-07,
P000264,AC000450,HOLDER,2023-07-13,
P000264,AC000451,HOLDER,2021-02-06,
P000264,AC000452,HOLDER,2021-11-24,
P000265,AC000453,HOLDER,2025-09-19,
P000266,AC000454,HOLDER,2013-10-01,
P000266,AC000455,HOLDER,2014-02-02,
P000267,AC000456,HOLDER,2024-01-17,
P000268,AC000457,HOLDER,2020-11-10,
P000268,AC000458,HOLDER,2019-01-21,
P000269,AC000459,HOLDER,2022-01-18,
P000270,AC000460,HOLDER,2023-04-18,
P000270,AC000461,HOLDER,2015-08-15,
P000270,AC000462,HOLDER,2020-04-07,
P000271,AC000463,HOLDER,2014-10-06,
P000272,AC000464,HOLDER,2023-06-23,
P000273,AC000465,HOLDER,2024-01-03,
P000273,AC000466,HOLDER,2021-06-27,
P000274,AC000467,HOLDER,2014-02-14,
P000274,AC000468,HOLDER,2025-03-28,
P000275,AC000469,HOLDER,2019-08-02,
P000275,AC000470,HOLDER,2016-08-20,
P000276,AC000471,HOLDER,2019-12-05,
P000276,AC000472,HOLDER,2019-09-27,
P000276,AC000473,HOLDER,2022-01-03,
P000277,AC000474,HOLDER,2019-01-09,
P000277,AC000475,HOLDER,2013-07-22,
P000278,AC000476,HOLDER,2025-10-02,
P000279,AC000477,HOLDER,2018-02-20,
P000279,AC000478,HOLDER,2020-05-25,
P000279,AC000479,HOLDER,2018-04-06,
P000280,AC000480,HOLDER,2014-03-14,
P000280,AC000481,HOLDER,2018-03-12,
P000281,AC000482,HOLDER,2021-01-12,
P000282,AC000483,HOLDER,2020-06-26,
P000282,AC000484,HOLDER,2024-07-02,
P000283,AC000485,HOLDER,2025-10-07,
P000283,AC000486,HOLDER,2015-05-03,
P000283,AC000487,HOLDER,2020-05-07,
P000284,AC000488,HOLDER,2021-01-31,
P000285,AC000489,HOLDER,2020-10-17,
P000285,AC000490,HOLDER,2022-07-27,
P000285,AC000491,HOLDER,2025-07-31,
P000286,AC000492,HOLDER,2021-09-28,
P000286,AC000493,HOLDER,2024-08-13,
P000286,AC000494,HOLDER,2022-05-06,
P000287,AC000495,HOLDER,2014-04-25,
P000288,AC000496,HOLDER,2024-07-05,
P000288,AC000497,HOLDER,2022-08-25,
P000288,AC000498,HOLDER,2013-06-18,
P000288,AC000499,HOLDER,2021-05-17,
P000289,AC000500,HOLDER,2014-11-09,
P000289,AC000501,HOLDER,2019-03-03,
P000289,AC000502,HOLDER,2015-08-10,
P000290,AC000503,HOLDER,2013-08-22,
P000291,AC000504,HOLDER,2022-08-18,
P000292,AC000505,HOLDER,2015-02-03,
P000292,AC000506,HOLDER,2023-05-10,
P000292,AC000507,HOLDER,2019-05-02,
P000293,AC000508,HOLDER,2024-02-19,
P000294,AC000509,HOLDER,2024-08-24,
P000295,AC000510,HOLDER,2023-12-30,
P000295,AC000511,HOLDER,2023-10-26,
P000296,AC000512,HOLDER,2016-09-06,
P000297,AC000513,HOLDER,2024-02-29,
P000297,AC000514,HOLDER,2022-07-04,
P000297,AC000515,HOLDER,2013-08-06,
P000298,AC000516,HOLDER,2022-05-31,
P000298,AC000517,HOLDER,2025-04-14,
P000299,AC000518,HOLDER,2026-06-10,
P000300,AC000519,HOLDER,2024-03-26,
P000300,AC000520,HOLDER,2022-10-21,
P000301,AC000521,HOLDER,2014-11-13,
P000302,AC000522,HOLDER,2020-02-28,
P000303,AC000523,HOLDER,2013-05-25,
P000303,AC000524,HOLDER,2025-05-28,
P000304,AC000525,HOLDER,2017-07-25,
P000304,AC000526,HOLDER,2017-04-11,
P000304,AC000527,HOLDER,2014-05-08,
P000304,AC000528,HOLDER,2019-05-21,
P000304,AC000529,HOLDER,2015-01-16,
P000305,AC000530,HOLDER,2016-01-13,
P000306,AC000531,HOLDER,2014-11-23,
P000307,AC000532,HOLDER,2019-02-22,
P000307,AC000533,HOLDER,2022-06-15,
P000308,AC000534,HOLDER,2023-04-16,
P000309,AC000535,HOLDER,2015-07-06,
P000310,AC000536,HOLDER,2023-07-18,
P000310,AC000537,HOLDER,2023-04-16,
P000310,AC000538,HOLDER,2019-07-27,
P000311,AC000539,HOLDER,2025-11-05,
P000312,AC000540,HOLDER,2013-04-30,
P000312,AC000541,HOLDER,2022-04-15,
P000312,AC000542,HOLDER,2014-10-19,
P000313,AC000543,HOLDER,2015-11-29,
P000313,AC000544,HOLDER,2025-07-01,
P000314,AC000545,HOLDER,2022-04-02,
P000314,AC000546,HOLDER,2022-11-10,
P000314,AC000547,HOLDER,2024-07-19,
P000314,AC000548,HOLDER,2016-07-11,
P000315,AC000549,HOLDER,2023-01-29,
P000315,AC000550,HOLDER,2014-09-15,
P000315,AC000551,HOLDER,2024-11-20,
P000316,AC000552,HOLDER,2015-12-27,
P000317,AC000553,HOLDER,2018-03-04,
P000317,AC000554,HOLDER,2016-10-17,
P000317,AC000555,HOLDER,2026-02-26,
P000318,AC000556,HOLDER,2015-08-21,
P000319,AC000557,HOLDER,2015-11-16,
P000319,AC000558,HOLDER,2017-10-15,
P000320,AC000559,HOLDER,2026-01-22,
P000320,AC000560,HOLDER,2025-01-29,
P000320,AC000561,HOLDER,2020-07-27,
P000321,AC000562,HOLDER,2016-09-06,
P000321,AC000563,HOLDER,2014-09-11,
P000321,AC000564,HOLDER,2018-09-25,
P000321,AC000565,HOLDER,2014-11-19,
P000321,AC000566,HOLDER,2017-05-02,
P000322,AC000567,HOLDER,2013-03-06,
P000322,AC000568,HOLDER,2016-03-30,
P000322,AC000569,HOLDER,2013-10-11,
P000323,AC000570,HOLDER,2019-11-26,
P000324,AC000571,HOLDER,2022-04-09,
P000325,AC000572,HOLDER,2020-07-15,
P000326,AC000573,HOLDER,2017-07-05,
P000326,AC000574,HOLDER,2025-03-07,
P000326,AC000575,HOLDER,2025-05-30,
P000326,AC000576,HOLDER,2014-08-14,
P000327,AC000577,HOLDER,2023-12-07,
P000328,AC000578,HOLDER,2015-01-29,
P000329,AC000579,HOLDER,2018-04-07,
P000330,AC000580,HOLDER,2018-02-24,
P000330,AC000581,HOLDER,2023-03-19,
P000331,AC000582,HOLDER,2024-05-31,
P000331,AC000583,HOLDER,2026-03-10,
P000331,AC000584,HOLDER,2021-03-11,
P000332,AC000585,HOLDER,2024-03-08,
P000332,AC000586,HOLDER,2025-10-14,
P000332,AC000587,HOLDER,2013-04-28,
P000332,AC000588,HOLDER,2020-03-22,
P000332,AC000589,HOLDER,2015-05-21,
P000333,AC000590,HOLDER,2022-06-14,
P000333,AC000591,HOLDER,2022-03-17,
P000334,AC000592,HOLDER,2016-08-05,
P000334,AC000593,HOLDER,2013-11-24,
P000334,AC000594,HOLDER,2023-08-19,
P000335,AC000595,HOLDER,2021-05-23,
P000335,AC000596,HOLDER,2013-04-13,
P000335,AC000597,HOLDER,2024-07-10,
P000336,AC000598,HOLDER,2013-03-04,
P000337,AC000599,HOLDER,2024-06-18,
P000338,AC000600,HOLDER,2023-12-26,
P000338,AC000601,HOLDER,2025-06-01,
P000339,AC000602,HOLDER,2020-11-30,
P000339,AC000603,HOLDER,2021-12-20,
P000339,AC000604,HOLDER,2026-04-01,
P000340,AC000605,HOLDER,2014-08-27,
P000341,AC000606,HOLDER,2024-11-29,
P000341,AC000607,HOLDER,2017-01-12,
P000342,AC000608,HOLDER,2023-09-27,
P000343,AC000609,HOLDER,2024-04-22,
P000343,AC000610,HOLDER,2020-08-15,
P000344,AC000611,HOLDER,2017-01-12,
P000345,AC000612,HOLDER,2025-01-18,
P000345,AC000613,HOLDER,2017-11-07,
P000346,AC000614,HOLDER,2015-08-05,
P000347,AC000615,HOLDER,2024-07-07,
P000348,AC000616,HOLDER,2023-01-17,
P000349,AC000617,HOLDER,2022-09-12,
P000349,AC000618,HOLDER,2025-04-25,
P000350,AC000619,HOLDER,2023-05-09,
P000350,AC000620,HOLDER,2014-03-30,
P000350,AC000621,HOLDER,2013-11-06,
P000351,AC000622,HOLDER,2018-10-02,
P000351,AC000623,HOLDER,2023-11-23,
P000351,AC000624,HOLDER,2014-05-04,
P000351,AC000625,HOLDER,2015-02-26,
P000352,AC000626,HOLDER,2021-10-27,
P000352,AC000627,HOLDER,2013-04-23,
P000353,AC000628,HOLDER,2019-06-15,
P000353,AC000629,HOLDER,2026-05-24,
P000354,AC000630,HOLDER,2026-04-07,
P000355,AC000631,HOLDER,2013-09-29,
P000356,AC000632,HOLDER,2017-11-16,
P000356,AC000633,HOLDER,2024-07-21,
P000357,AC000634,HOLDER,2025-05-10,
P000357,AC000635,HOLDER,2017-08-14,
P000358,AC000636,HOLDER,2017-10-13,
P000358,AC000637,HOLDER,2019-05-18,
P000359,AC000638,HOLDER,2024-08-31,
P000359,AC000639,HOLDER,2022-09-14,
P000360,AC000640,HOLDER,2014-05-19,
P000361,AC000641,HOLDER,2017-06-25,
P000362,AC000642,HOLDER,2018-04-06,
P000362,AC000643,HOLDER,2020-08-12,
P000363,AC000644,HOLDER,2014-11-15,
P000364,AC000645,HOLDER,2022-06-13,
P000364,AC000646,HOLDER,2024-05-20,
P000365,AC000647,HOLDER,2021-08-19,
P000366,AC000648,HOLDER,2023-02-09,
P000366,AC000649,HOLDER,2016-09-28,
P000367,AC000650,HOLDER,2018-03-09,
P000367,AC000651,HOLDER,2026-01-13,
P000368,AC000652,HOLDER,2019-04-28,
P000368,AC000653,HOLDER,2023-04-26,
P000368,AC000654,HOLDER,2023-12-28,
P000368,AC000655,HOLDER,2018-12-01,
P000368,AC000656,HOLDER,2023-03-06,
P000369,AC000657,HOLDER,2013-09-01,
P000370,AC000658,HOLDER,2015-03-08,
P000371,AC000659,HOLDER,2015-08-22,
P000371,AC000660,HOLDER,2018-09-26,
P000372,AC000661,HOLDER,2019-08-23,
P000372,AC000662,HOLDER,2023-12-03,
P000372,AC000663,HOLDER,2023-02-14,
P000373,AC000664,HOLDER,2018-04-03,
P000373,AC000665,HOLDER,2025-01-11,
P000374,AC000666,HOLDER,2025-07-12,
P000374,AC000667,HOLDER,2019-07-02,
P000375,AC000668,HOLDER,2013-06-14,
P000375,AC000669,HOLDER,2015-05-24,
P000376,AC000670,HOLDER,2014-08-11,
P000376,AC000671,HOLDER,2025-04-04,
P000377,AC000672,HOLDER,2025-05-28,
P000378,AC000673,HOLDER,2018-01-11,
P000379,AC000674,HOLDER,2026-01-20,
P000380,AC000675,HOLDER,2019-09-13,
P000380,AC000676,HOLDER,2014-12-07,
P000381,AC000677,HOLDER,2021-06-15,
P000382,AC000678,HOLDER,2025-12-07,
P000382,AC000679,HOLDER,2016-06-04,
P000382,AC000680,HOLDER,2026-04-02,
P000383,AC000681,HOLDER,2015-06-04,
P000384,AC000682,HOLDER,2024-04-27,
P000384,AC000683,HOLDER,2023-07-26,
P000385,AC000684,HOLDER,2020-07-01,
P000385,AC000685,HOLDER,2022-01-27,
P000386,AC000686,HOLDER,2025-04-23,
P000386,AC000687,HOLDER,2013-09-07,
P000387,AC000688,HOLDER,2019-08-30,
P000387,AC000689,HOLDER,2024-10-30,
P000387,AC000690,HOLDER,2017-01-01,
P000388,AC000691,HOLDER,2015-03-03,
P000388,AC000692,HOLDER,2021-01-22,
P000389,AC000693,HOLDER,2022-01-21,
P000390,AC000694,HOLDER,2025-04-16,
P000391,AC000695,HOLDER,2014-04-22,
P000392,AC000696,HOLDER,2017-06-14,
P000393,AC000697,HOLDER,2013-09-04,
P000394,AC000698,HOLDER,2022-11-22,
P000395,AC000699,HOLDER,2022-10-14,
P000395,AC000700,HOLDER,2013-08-20,
P000396,AC000701,HOLDER,2018-07-17,
P000397,AC000702,HOLDER,2014-11-12,
P000397,AC000703,HOLDER,2013-03-08,
P000398,AC000704,HOLDER,2015-04-14,
P000399,AC000705,HOLDER,2018-04-09,
P000399,AC000706,HOLDER,2017-08-26,
P000399,AC000707,HOLDER,2022-05-23,
P000400,AC000708,HOLDER,2016-11-07,
P000401,AC000709,HOLDER,2024-05-13,
P000401,AC000710,HOLDER,2019-06-22,
P000401,AC000711,HOLDER,2018-12-16,
P000402,AC000712,HOLDER,2025-07-12,
P000403,AC000713,HOLDER,2020-06-04,
P000403,AC000714,HOLDER,2017-04-14,
P000404,AC000715,HOLDER,2021-04-25,
P000404,AC000716,HOLDER,2017-03-29,
P000405,AC000717,HOLDER,2023-01-23,
P000406,AC000718,HOLDER,2015-07-13,
P000407,AC000719,HOLDER,2025-10-23,
P000408,AC000720,HOLDER,2025-11-18,
P000408,AC000721,HOLDER,2018-08-26,
P000409,AC000722,HOLDER,2018-08-06,
P000409,AC000723,HOLDER,2022-01-22,
P000410,AC000724,HOLDER,2021-03-23,
P000410,AC000725,HOLDER,2016-11-07,
P000411,AC000726,HOLDER,2014-05-29,
P000412,AC000727,HOLDER,2014-10-12,
P000412,AC000728,HOLDER,2024-06-01,
P000412,AC000729,HOLDER,2017-09-14,
P000413,AC000730,HOLDER,2017-06-05,
P000414,AC000731,HOLDER,2015-04-29,
P000414,AC000732,HOLDER,2014-09-27,
P000414,AC000733,HOLDER,2023-11-11,
P000415,AC000734,HOLDER,2020-10-01,
P000416,AC000735,HOLDER,2017-12-30,
P000416,AC000736,HOLDER,2015-11-03,
P000416,AC000737,HOLDER,2025-09-16,
P000417,AC000738,HOLDER,2023-11-24,
P000417,AC000739,HOLDER,2016-10-07,
P000418,AC000740,HOLDER,2016-10-30,
P000419,AC000741,HOLDER,2018-10-31,
P000419,AC000742,HOLDER,2017-04-12,
P000419,AC000743,HOLDER,2014-09-01,
P000420,AC000744,HOLDER,2021-08-06,
P000420,AC000745,HOLDER,2022-01-28,
P000420,AC000746,HOLDER,2016-06-05,
P000421,AC000747,HOLDER,2024-07-03,
P000422,AC000748,HOLDER,2018-04-09,
P000422,AC000749,HOLDER,2014-12-28,
P000422,AC000750,HOLDER,2026-04-12,
P000423,AC000751,HOLDER,2024-12-09,
P000423,AC000752,HOLDER,2018-06-18,
P000424,AC000753,HOLDER,2024-03-25,
P000424,AC000754,HOLDER,2024-08-08,
P000425,AC000755,HOLDER,2021-02-14,
P000425,AC000756,HOLDER,2017-12-30,
P000425,AC000757,HOLDER,2018-03-02,
P000426,AC000758,HOLDER,2025-03-23,
P000427,AC000759,HOLDER,2017-03-29,
P000427,AC000760,HOLDER,2015-03-02,
P000428,AC000761,HOLDER,2021-09-01,
P000428,AC000762,HOLDER,2023-05-06,
P000429,AC000763,HOLDER,2016-01-24,
P000430,AC000764,HOLDER,2017-01-27,
P000430,AC000765,HOLDER,2023-03-31,
P000431,AC000766,HOLDER,2013-10-11,
P000432,AC000767,HOLDER,2023-08-20,
P000432,AC000768,HOLDER,2025-03-15,
P000432,AC000769,HOLDER,2026-01-06,
P000432,AC000770,HOLDER,2015-02-09,
P000433,AC000771,HOLDER,2018-12-19,
P000434,AC000772,HOLDER,2014-07-31,
P000435,AC000773,HOLDER,2015-02-04,
P000436,AC000774,HOLDER,2022-06-14,
P000437,AC000775,HOLDER,2013-05-13,
P000437,AC000776,HOLDER,2013-05-12,
P000438,AC000777,HOLDER,2021-09-09,
P000438,AC000778,HOLDER,2021-07-31,
P000439,AC000779,HOLDER,2025-03-18,
P000440,AC000780,HOLDER,2014-12-17,
P000440,AC000781,HOLDER,2016-01-17,
P000441,AC000782,HOLDER,2013-12-15,
P000441,AC000783,HOLDER,2018-02-20,
P000442,AC000784,HOLDER,2013-06-29,
P000442,AC000785,HOLDER,2024-07-04,
P000443,AC000786,HOLDER,2017-08-18,
P000444,AC000787,HOLDER,2019-11-08,
P000444,AC000788,HOLDER,2019-11-04,
P000445,AC000789,HOLDER,2021-06-08,
P000446,AC000790,HOLDER,2021-03-04,
P000446,AC000791,HOLDER,2017-10-11,
P000447,AC000792,HOLDER,2017-03-06,
P000447,AC000793,HOLDER,2020-09-15,
P000448,AC000794,HOLDER,2013-12-06,
P000449,AC000795,HOLDER,2016-12-17,
P000449,AC000796,HOLDER,2017-12-12,
P000450,AC000797,HOLDER,2023-11-27,
P000451,AC000798,HOLDER,2024-02-10,
P000452,AC000799,HOLDER,2024-06-07,
P000452,AC000800,HOLDER,2019-05-28,
P000453,AC000801,HOLDER,2021-07-17,
P000454,AC000802,HOLDER,2021-04-02,
P000455,AC000803,HOLDER,2022-01-08,
P000455,AC000804,HOLDER,2024-11-10,
P000456,AC000805,HOLDER,2024-02-28,
P000456,AC000806,HOLDER,2019-04-26,
P000456,AC000807,HOLDER,2019-09-24,
P000457,AC000808,HOLDER,2015-01-17,
P000458,AC000809,HOLDER,2020-02-12,
P000458,AC000810,HOLDER,2013-02-27,
P000458,AC000811,HOLDER,2014-03-21,
P000459,AC000812,HOLDER,2025-10-04,
P000460,AC000813,HOLDER,2018-01-27,
P000460,AC000814,HOLDER,2019-06-09,
P000460,AC000815,HOLDER,2016-02-18,
P000460,AC000816,HOLDER,2014-08-10,
P000461,AC000817,HOLDER,2018-03-12,
P000461,AC000818,HOLDER,2018-03-23,
P000462,AC000819,HOLDER,2022-05-11,
P000462,AC000820,HOLDER,2023-09-23,
P000463,AC000821,HOLDER,2019-07-01,
P000463,AC000822,HOLDER,2018-02-19,
P000464,AC000823,HOLDER,2025-11-21,
P000464,AC000824,HOLDER,2022-05-02,
P000465,AC000825,HOLDER,2019-01-30,
P000466,AC000826,HOLDER,2018-10-31,
P000466,AC000827,HOLDER,2025-03-26,
P000466,AC000828,HOLDER,2021-01-31,
P000466,AC000829,HOLDER,2023-08-30,
P000467,AC000830,HOLDER,2017-09-06,
P000467,AC000831,HOLDER,2014-12-02,
P000468,AC000832,HOLDER,2021-02-02,
P000469,AC000833,HOLDER,2018-08-21,
P000470,AC000834,HOLDER,2021-05-25,
P000471,AC000835,HOLDER,2019-06-19,
P000472,AC000836,HOLDER,2026-02-19,
P000473,AC000837,HOLDER,2022-07-13,
P000474,AC000838,HOLDER,2016-12-23,
P000475,AC000839,HOLDER,2020-01-14,
P000476,AC000840,HOLDER,2022-08-21,
P000476,AC000841,HOLDER,2019-03-11,
P000477,AC000842,HOLDER,2024-04-22,
P000477,AC000843,HOLDER,2015-01-20,
P000478,AC000844,HOLDER,2025-05-20,
P000478,AC000845,HOLDER,2015-09-24,
P000479,AC000846,HOLDER,2013-06-24,
P000480,AC000847,HOLDER,2018-08-31,
P000480,AC000848,HOLDER,2019-03-08,
P000481,AC000849,HOLDER,2022-07-22,
P000482,AC000850,HOLDER,2017-04-12,
P000483,AC000851,HOLDER,2023-07-04,
P000484,AC000852,HOLDER,2024-09-07,
P000485,AC000853,HOLDER,2019-07-08,
P000485,AC000854,HOLDER,2021-09-14,
P000485,AC000855,HOLDER,2024-02-15,
P000485,AC000856,HOLDER,2023-02-25,
P000486,AC000857,HOLDER,2016-11-11,
P000487,AC000858,HOLDER,2020-02-11,
P000488,AC000859,HOLDER,2017-05-29,
P000488,AC000860,HOLDER,2018-03-11,
P000488,AC000861,HOLDER,2018-09-25,
P000489,AC000862,HOLDER,2021-11-11,
P000489,AC000863,HOLDER,2014-05-08,
P000490,AC000864,HOLDER,2016-09-16,
P000491,AC000865,HOLDER,2024-07-01,
P000492,AC000866,HOLDER,2023-04-24,
P000492,AC000867,HOLDER,2020-05-14,
P000493,AC000868,HOLDER,2024-10-24,
P000494,AC000869,HOLDER,2019-05-29,
P000494,AC000870,HOLDER,2026-02-14,
P000495,AC000871,HOLDER,2018-07-19,
P000495,AC000872,HOLDER,2017-11-14,
P000496,AC000873,HOLDER,2025-10-21,
P000497,AC000874,HOLDER,2014-08-19,
P000497,AC000875,HOLDER,2023-04-10,
P000497,AC000876,HOLDER,2024-08-28,
P000497,AC000877,HOLDER,2021-10-07,
P000498,AC000878,HOLDER,2016-01-21,
P000499,AC000879,HOLDER,2013-03-11,
P000500,AC000880,HOLDER,2020-01-03,
P000501,AC000881,HOLDER,2026-03-04,
P000501,AC000882,HOLDER,2023-03-20,
P000501,AC000883,HOLDER,2025-03-13,
P000502,AC000884,HOLDER,2019-04-11,
P000503,AC000885,HOLDER,2019-10-26,
P000504,AC000886,HOLDER,2023-01-14,
P000504,AC000887,HOLDER,2017-06-10,
P000505,AC000888,HOLDER,2026-01-22,
P000505,AC000889,HOLDER,2021-04-18,
P000505,AC000890,HOLDER,2021-11-29,
P000506,AC000891,HOLDER,2024-07-03,
P000506,AC000892,HOLDER,2014-06-17,
P000507,AC000893,HOLDER,2016-04-15,
P000507,AC000894,HOLDER,2023-12-12,
P000508,AC000895,HOLDER,2019-09-12,
P000509,AC000896,HOLDER,2019-06-05,
P000510,AC000897,HOLDER,2019-08-31,
P000511,AC000898,HOLDER,2024-09-06,
P000511,AC000899,HOLDER,2016-01-30,
P000512,AC000900,HOLDER,2022-03-09,
P000513,AC000901,HOLDER,2024-04-25,
P000513,AC000902,HOLDER,2024-11-07,
P000514,AC000903,HOLDER,2026-04-15,
P000515,AC000904,HOLDER,2013-07-10,
P000515,AC000905,HOLDER,2017-08-01,
P000515,AC000906,HOLDER,2022-10-21,
P000516,AC000907,HOLDER,2021-05-23,
P000517,AC000908,HOLDER,2016-09-18,
P000517,AC000909,HOLDER,2022-10-29,
P000518,AC000910,HOLDER,2016-10-04,
P000518,AC000911,HOLDER,2024-07-03,
P000519,AC000912,HOLDER,2013-12-08,
P000519,AC000913,HOLDER,2024-03-07,
P000520,AC000914,HOLDER,2016-03-21,
P000521,AC000915,HOLDER,2019-09-02,
P000521,AC000916,HOLDER,2025-08-03,
P000522,AC000917,HOLDER,2016-09-07,
P000522,AC000918,HOLDER,2022-04-11,
P000523,AC000919,HOLDER,2017-06-29,
P000524,AC000920,HOLDER,2023-08-09,
P000524,AC000921,HOLDER,2026-04-14,
P000524,AC000922,HOLDER,2020-02-18,
P000525,AC000923,HOLDER,2015-12-31,
P000525,AC000924,HOLDER,2021-09-14,
P000525,AC000925,HOLDER,2013-05-24,
P000526,AC000926,HOLDER,2015-04-17,
P000526,AC000927,HOLDER,2019-09-12,
P000527,AC000928,HOLDER,2013-12-20,
P000528,AC000929,HOLDER,2023-03-29,
P000529,AC000930,HOLDER,2014-07-26,
P000529,AC000931,HOLDER,2014-09-21,
P000530,AC000932,HOLDER,2014-09-19,
P000530,AC000933,HOLDER,2024-08-02,
P000531,AC000934,HOLDER,2015-10-05,
P000532,AC000935,HOLDER,2021-09-08,
P000533,AC000936,HOLDER,2017-11-20,
P000533,AC000937,HOLDER,2024-03-17,
P000534,AC000938,HOLDER,2015-01-02,
P000535,AC000939,HOLDER,2017-05-26,
P000536,AC000940,HOLDER,2022-07-31,
P000537,AC000941,HOLDER,2019-07-05,
P000537,AC000942,HOLDER,2022-10-14,
P000538,AC000943,HOLDER,2022-04-25,
P000538,AC000944,HOLDER,2023-04-29,
P000539,AC000945,HOLDER,2019-08-09,
P000540,AC000946,HOLDER,2013-09-11,
P000541,AC000947,HOLDER,2019-08-17,
P000542,AC000948,HOLDER,2017-12-20,
P000543,AC000949,HOLDER,2021-10-03,
P000543,AC000950,HOLDER,2023-05-27,
P000543,AC000951,HOLDER,2021-07-15,
P000543,AC000952,HOLDER,2025-09-23,
P000543,AC000953,HOLDER,2023-01-10,
P000544,AC000954,HOLDER,2025-04-08,
P000545,AC000955,HOLDER,2016-09-06,
P000546,AC000956,HOLDER,2016-08-26,
P000546,AC000957,HOLDER,2024-07-05,
P000547,AC000958,HOLDER,2022-02-06,
P000547,AC000959,HOLDER,2020-03-17,
P000548,AC000960,HOLDER,2025-03-15,
P000549,AC000961,HOLDER,2014-07-25,
P000549,AC000962,HOLDER,2013-06-04,
P000550,AC000963,HOLDER,2015-10-06,
P000550,AC000964,HOLDER,2017-04-02,
P000551,AC000965,HOLDER,2021-12-19,
P000552,AC000966,HOLDER,2020-05-05,
P000553,AC000967,HOLDER,2018-04-01,
P000554,AC000968,HOLDER,2025-02-28,
P000554,AC000969,HOLDER,2022-04-27,
P000554,AC000970,HOLDER,2019-04-24,
P000554,AC000971,HOLDER,2019-03-26,
P000555,AC000972,HOLDER,2023-11-25,
P000556,AC000973,HOLDER,2025-03-08,
P000556,AC000974,HOLDER,2018-09-28,
P000556,AC000975,HOLDER,2025-12-15,
P000556,AC000976,HOLDER,2026-01-13,
P000557,AC000977,HOLDER,2023-05-05,
P000557,AC000978,HOLDER,2015-03-17,
P000557,AC000979,HOLDER,2025-06-06,
P000558,AC000980,HOLDER,2021-07-30,
P000558,AC000981,HOLDER,2019-12-03,
P000558,AC000982,HOLDER,2017-01-06,
P000559,AC000983,HOLDER,2021-08-28,
P000560,AC000984,HOLDER,2021-11-30,
P000560,AC000985,HOLDER,2019-09-24,
P000560,AC000986,HOLDER,2021-01-14,
P000561,AC000987,HOLDER,2024-11-27,
P000562,AC000988,HOLDER,2023-07-17,
P000562,AC000989,HOLDER,2023-08-26,
P000562,AC000990,HOLDER,2013-02-15,
P000562,AC000991,HOLDER,2015-01-29,
P000562,AC000992,HOLDER,2016-05-10,
P000563,AC000993,HOLDER,2014-12-09,
P000564,AC000994,HOLDER,2017-12-11,
P000564,AC000995,HOLDER,2018-10-16,
P000564,AC000996,HOLDER,2023-06-14,
P000564,AC000997,HOLDER,2020-07-26,
P000565,AC000998,HOLDER,2019-01-19,
P000566,AC000999,HOLDER,2015-05-24,
P000566,AC001000,HOLDER,2015-10-23,
P000567,AC001001,HOLDER,2017-01-27,
P000568,AC001002,HOLDER,2026-01-04,
P000569,AC001003,HOLDER,2021-02-03,
P000569,AC001004,HOLDER,2017-06-22,
P000569,AC001005,HOLDER,2014-10-15,
P000569,AC001006,HOLDER,2020-05-22,
P000569,AC001007,HOLDER,2021-09-28,
P000570,AC001008,HOLDER,2020-07-12,
P000571,AC001009,HOLDER,2016-03-11,
P000571,AC001010,HOLDER,2018-08-12,
P000572,AC001011,HOLDER,2016-04-27,
P000573,AC001012,HOLDER,2014-04-04,
P000574,AC001013,HOLDER,2018-03-22,
P000575,AC001014,HOLDER,2025-08-24,
P000576,AC001015,HOLDER,2017-04-23,
P000576,AC001016,HOLDER,2020-04-13,
P000577,AC001017,HOLDER,2024-05-19,
P000578,AC001018,HOLDER,2025-06-02,
P000579,AC001019,HOLDER,2023-03-06,
P000580,AC001020,HOLDER,2015-06-21,
P000581,AC001021,HOLDER,2014-10-22,
P000582,AC001022,HOLDER,2021-05-23,
P000583,AC001023,HOLDER,2019-06-09,
P000584,AC001024,HOLDER,2014-11-14,
P000584,AC001025,HOLDER,2018-09-28,
P000584,AC001026,HOLDER,2014-05-17,
P000585,AC001027,HOLDER,2015-09-30,
P000586,AC001028,HOLDER,2022-12-29,
P000586,AC001029,HOLDER,2023-11-08,
P000587,AC001030,HOLDER,2014-06-28,
P000588,AC001031,HOLDER,2019-12-14,
P000588,AC001032,HOLDER,2022-11-05,
P000589,AC001033,HOLDER,2019-02-10,
P000590,AC001034,HOLDER,2022-05-11,
P000590,AC001035,HOLDER,2015-03-30,
P000591,AC001036,HOLDER,2023-03-12,
P000591,AC001037,HOLDER,2016-11-21,
P000591,AC001038,HOLDER,2021-02-23,
P000591,AC001039,HOLDER,2020-05-18,
P000591,AC001040,HOLDER,2015-03-20,
P000592,AC001041,HOLDER,2018-04-30,
P000593,AC001042,HOLDER,2022-04-03,
P000594,AC001043,HOLDER,2021-03-30,
P000595,AC001044,HOLDER,2024-01-26,
P000595,AC001045,HOLDER,2018-08-21,
P000596,AC001046,HOLDER,2021-07-10,
P000597,AC001047,HOLDER,2026-05-23,
P000598,AC001048,HOLDER,2020-12-28,
P000599,AC001049,HOLDER,2025-07-05,
P000600,AC001050,HOLDER,2020-05-01,
P000600,AC001051,HOLDER,2013-12-20,
P000600,AC001052,HOLDER,2019-06-04,
P000601,AC001053,HOLDER,2023-07-31,
P000602,AC001054,HOLDER,2023-04-04,
P000603,AC001055,HOLDER,2020-02-18,
P000604,AC001056,HOLDER,2020-06-09,
P000605,AC001057,HOLDER,2024-11-06,
P000605,AC001058,HOLDER,2017-08-06,
P000606,AC001059,HOLDER,2017-01-09,
P000607,AC001060,HOLDER,2017-01-14,
P000608,AC001061,HOLDER,2015-12-17,
P000608,AC001062,HOLDER,2023-06-04,
P000609,AC001063,HOLDER,2015-11-21,
P000610,AC001064,HOLDER,2020-03-25,
P000610,AC001065,HOLDER,2022-05-14,
P000611,AC001066,HOLDER,2020-03-02,
P000611,AC001067,HOLDER,2022-07-29,
P000612,AC001068,HOLDER,2015-07-01,
P000613,AC001069,HOLDER,2022-07-23,
P000613,AC001070,HOLDER,2022-05-10,
P000614,AC001071,HOLDER,2021-05-18,
P000615,AC001072,HOLDER,2023-07-03,
P000615,AC001073,HOLDER,2024-10-20,
P000616,AC001074,HOLDER,2021-10-20,
P000617,AC001075,HOLDER,2018-10-03,
P000618,AC001076,HOLDER,2024-02-21,
P000618,AC001077,HOLDER,2017-06-13,
P000619,AC001078,HOLDER,2014-03-09,
P000620,AC001079,HOLDER,2020-09-23,
P000620,AC001080,HOLDER,2014-11-21,
P000621,AC001081,HOLDER,2014-03-26,
P000622,AC001082,HOLDER,2020-03-17,
P000622,AC001083,HOLDER,2024-08-20,
P000623,AC001084,HOLDER,2018-10-30,
P000624,AC001085,HOLDER,2025-04-27,
P000625,AC001086,HOLDER,2014-03-07,
P000625,AC001087,HOLDER,2016-03-22,
P000625,AC001088,HOLDER,2023-11-23,
P000625,AC001089,HOLDER,2020-12-04,
P000626,AC001090,HOLDER,2024-01-24,
P000627,AC001091,HOLDER,2025-04-21,
P000628,AC001092,HOLDER,2022-05-26,
P000629,AC001093,HOLDER,2024-04-20,
P000629,AC001094,HOLDER,2015-01-22,
P000630,AC001095,HOLDER,2016-07-29,
P000631,AC001096,HOLDER,2014-01-28,
P000631,AC001097,HOLDER,2020-03-09,
P000631,AC001098,HOLDER,2020-05-27,
P000631,AC001099,HOLDER,2018-06-12,
P000632,AC001100,HOLDER,2020-04-24,
P000633,AC001101,HOLDER,2020-12-20,
P000634,AC001102,HOLDER,2021-07-04,
P000634,AC001103,HOLDER,2017-05-23,
P000635,AC001104,HOLDER,2020-07-26,
P000635,AC001105,HOLDER,2024-05-13,
P000635,AC001106,HOLDER,2014-05-09,
P000636,AC001107,HOLDER,2019-01-11,
P000637,AC001108,HOLDER,2015-03-04,
P000638,AC001109,HOLDER,2021-01-21,
P000638,AC001110,HOLDER,2016-12-13,
P000638,AC001111,HOLDER,2015-09-14,
P000639,AC001112,HOLDER,2023-01-03,
P000639,AC001113,HOLDER,2025-12-23,
P000639,AC001114,HOLDER,2024-12-21,
P000640,AC001115,HOLDER,2019-02-07,
P000641,AC001116,HOLDER,2021-06-05,
P000642,AC001117,HOLDER,2014-04-05,
P000643,AC001118,HOLDER,2020-06-20,
P000644,AC001119,HOLDER,2013-08-24,
P000644,AC001120,HOLDER,2020-01-29,
P000645,AC001121,HOLDER,2023-07-14,
P000646,AC001122,HOLDER,2013-08-25,
P000646,AC001123,HOLDER,2025-10-19,
P000646,AC001124,HOLDER,2013-02-14,
P000646,AC001125,HOLDER,2017-08-18,
P000646,AC001126,HOLDER,2019-11-13,
P000647,AC001127,HOLDER,2015-05-10,
P000648,AC001128,HOLDER,2014-07-29,
P000649,AC001129,HOLDER,2020-11-26,
P000649,AC001130,HOLDER,2015-12-02,
P000650,AC001131,HOLDER,2018-12-07,
P000650,AC001132,HOLDER,2026-05-15,
P000650,AC001133,HOLDER,2022-09-11,
P000651,AC001134,HOLDER,2015-02-19,
P000651,AC001135,HOLDER,2016-05-31,
P000651,AC001136,HOLDER,2025-08-03,
P000652,AC001137,HOLDER,2025-11-02,
P000653,AC001138,HOLDER,2025-09-06,
P000654,AC001139,HOLDER,2021-07-10,
P000654,AC001140,HOLDER,2015-03-16,
P000655,AC001141,HOLDER,2021-07-22,
P000655,AC001142,HOLDER,2020-10-30,
P000655,AC001143,HOLDER,2025-05-07,
P000656,AC001144,HOLDER,2015-02-08,
P000656,AC001145,HOLDER,2016-05-31,
P000657,AC001146,HOLDER,2026-03-15,
P000658,AC001147,HOLDER,2015-07-29,
P000659,AC001148,HOLDER,2022-04-07,
P000659,AC001149,HOLDER,2019-01-20,
P000660,AC001150,HOLDER,2020-03-08,
P000661,AC001151,HOLDER,2013-03-02,
P000661,AC001152,HOLDER,2023-03-07,
P000661,AC001153,HOLDER,2014-01-22,
P000662,AC001154,HOLDER,2021-09-28,
P000663,AC001155,HOLDER,2023-10-23,
P000663,AC001156,HOLDER,2017-08-16,
P000664,AC001157,HOLDER,2019-04-04,
P000665,AC001158,HOLDER,2023-08-26,
P000666,AC001159,HOLDER,2018-02-16,
P000667,AC001160,HOLDER,2016-11-09,
P000668,AC001161,HOLDER,2024-01-22,
P000668,AC001162,HOLDER,2025-01-04,
P000669,AC001163,HOLDER,2013-05-16,
P000669,AC001164,HOLDER,2014-05-09,
P000670,AC001165,HOLDER,2020-03-25,
P000671,AC001166,HOLDER,2024-10-12,
P000671,AC001167,HOLDER,2024-11-10,
P000672,AC001168,HOLDER,2018-03-14,
P000673,AC001169,HOLDER,2017-09-29,
P000674,AC001170,HOLDER,2018-01-27,
P000675,AC001171,HOLDER,2019-07-15,
P000676,AC001172,HOLDER,2016-01-01,
P000676,AC001173,HOLDER,2024-09-12,
P000677,AC001174,HOLDER,2023-10-19,
P000677,AC001175,HOLDER,2021-04-19,
P000678,AC001176,HOLDER,2020-10-22,
P000678,AC001177,HOLDER,2021-04-07,
P000679,AC001178,HOLDER,2019-07-28,
P000679,AC001179,HOLDER,2024-01-17,
P000680,AC001180,HOLDER,2013-03-17,
P000681,AC001181,HOLDER,2014-09-29,
P000682,AC001182,HOLDER,2024-01-21,
P000683,AC001183,HOLDER,2018-05-15,
P000683,AC001184,HOLDER,2018-10-17,
P000683,AC001185,HOLDER,2024-12-10,
P000683,AC001186,HOLDER,2022-10-27,
P000683,AC001187,HOLDER,2015-03-07,
P000684,AC001188,HOLDER,2020-07-23,
P000685,AC001189,HOLDER,2025-12-16,
P000686,AC001190,HOLDER,2022-08-07,
P000686,AC001191,HOLDER,2013-09-20,
P000687,AC001192,HOLDER,2025-06-13,
P000688,AC001193,HOLDER,2013-10-13,
P000689,AC001194,HOLDER,2025-08-08,
P000689,AC001195,HOLDER,2024-07-06,
P000689,AC001196,HOLDER,2025-08-18,
P000689,AC001197,HOLDER,2020-03-10,
P000689,AC001198,HOLDER,2015-02-13,
P000690,AC001199,HOLDER,2016-01-25,
P000690,AC001200,HOLDER,2019-09-07,
P000690,AC001201,HOLDER,2022-01-23,
P000691,AC001202,HOLDER,2018-06-20,
P000691,AC001203,HOLDER,2022-02-13,
P000691,AC001204,HOLDER,2015-04-10,
P000691,AC001205,HOLDER,2023-04-10,
P000691,AC001206,HOLDER,2019-08-05,
P000692,AC001207,HOLDER,2014-06-08,
P000692,AC001208,HOLDER,2022-02-17,
P000693,AC001209,HOLDER,2013-10-26,
P000694,AC001210,HOLDER,2014-10-29,
P000694,AC001211,HOLDER,2020-08-23,
P000695,AC001212,HOLDER,2018-10-16,
P000695,AC001213,HOLDER,2020-09-01,
P000695,AC001214,HOLDER,2023-06-29,
P000696,AC001215,HOLDER,2024-06-13,
P000696,AC001216,HOLDER,2016-12-27,
P000697,AC001217,HOLDER,2019-11-13,
P000698,AC001218,HOLDER,2021-12-20,
P000699,AC001219,HOLDER,2024-03-06,
P000700,AC001220,HOLDER,2013-07-24,
P000700,AC001221,HOLDER,2022-03-08,
P000701,AC001222,HOLDER,2014-01-06,
P000701,AC001223,HOLDER,2026-04-19,
P000702,AC001224,HOLDER,2023-06-13,
P000702,AC001225,HOLDER,2019-07-15,
P000703,AC001226,HOLDER,2014-06-02,
P000704,AC001227,HOLDER,2018-07-11,
P000705,AC001228,HOLDER,2016-11-17,
P000706,AC001229,HOLDER,2020-05-06,
P000706,AC001230,HOLDER,2013-02-08,
P000707,AC001231,HOLDER,2015-08-15,
P000708,AC001232,HOLDER,2018-05-26,
P000709,AC001233,HOLDER,2014-05-13,
P000709,AC001234,HOLDER,2017-01-25,
P000710,AC001235,HOLDER,2019-11-17,
P000711,AC001236,HOLDER,2018-04-19,
P000712,AC001237,HOLDER,2013-09-09,
P000712,AC001238,HOLDER,2020-02-26,
P000713,AC001239,HOLDER,2021-11-14,
P000714,AC001240,HOLDER,2019-12-06,
P000714,AC001241,HOLDER,2022-09-27,
P000715,AC001242,HOLDER,2021-04-26,
P000715,AC001243,HOLDER,2014-09-23,
P000716,AC001244,HOLDER,2019-12-30,
P000717,AC001245,HOLDER,2019-10-02,
P000718,AC001246,HOLDER,2018-07-02,
P000718,AC001247,HOLDER,2019-11-29,
P000719,AC001248,HOLDER,2018-03-21,
P000719,AC001249,HOLDER,2025-11-16,
P000719,AC001250,HOLDER,2015-06-19,
P000720,AC001251,HOLDER,2020-11-11,
P000721,AC001252,HOLDER,2019-10-13,
P000721,AC001253,HOLDER,2015-09-07,
P000722,AC001254,HOLDER,2018-12-15,
P000722,AC001255,HOLDER,2015-09-12,
P000723,AC001256,HOLDER,2021-04-02,
P000723,AC001257,HOLDER,2017-06-28,
P000723,AC001258,HOLDER,2013-05-22,
P000724,AC001259,HOLDER,2019-08-26,
P000724,AC001260,HOLDER,2019-03-26,
P000724,AC001261,HOLDER,2021-08-21,
P000725,AC001262,HOLDER,2016-01-26,
P000726,AC001263,HOLDER,2017-05-18,
P000727,AC001264,HOLDER,2020-09-03,
P000727,AC001265,HOLDER,2023-07-22,
P000727,AC001266,HOLDER,2014-04-06,
P000728,AC001267,HOLDER,2022-07-18,
P000729,AC001268,HOLDER,2015-03-28,
P000729,AC001269,HOLDER,2021-01-06,
P000730,AC001270,HOLDER,2021-02-08,
P000730,AC001271,HOLDER,2013-08-03,
P000730,AC001272,HOLDER,2021-06-01,
P000730,AC001273,HOLDER,2015-10-15,
P000730,AC001274,HOLDER,2020-08-17,
P000731,AC001275,HOLDER,2014-07-23,
P000732,AC001276,HOLDER,2016-04-27,
P000733,AC001277,HOLDER,2024-05-15,
P000733,AC001278,HOLDER,2018-10-20,
P000734,AC001279,HOLDER,2014-05-23,
P000735,AC001280,HOLDER,2020-08-12,
P000735,AC001281,HOLDER,2021-08-18,
P000735,AC001282,HOLDER,2025-05-23,
P000736,AC001283,HOLDER,2018-09-28,
P000736,AC001284,HOLDER,2019-01-20,
P000737,AC001285,HOLDER,2020-04-14,
P000737,AC001286,HOLDER,2017-10-22,
P000737,AC001287,HOLDER,2018-03-21,
P000737,AC001288,HOLDER,2020-01-04,
P000738,AC001289,HOLDER,2016-03-18,
P000738,AC001290,HOLDER,2026-01-21,
P000738,AC001291,HOLDER,2019-04-10,
P000738,AC001292,HOLDER,2022-12-15,
P000738,AC001293,HOLDER,2015-03-21,
P000739,AC001294,HOLDER,2020-12-29,
P000740,AC001295,HOLDER,2019-06-03,
P000741,AC001296,HOLDER,2025-08-17,
P000741,AC001297,HOLDER,2013-05-29,
P000741,AC001298,HOLDER,2018-04-08,
P000741,AC001299,HOLDER,2023-04-21,
P000741,AC001300,HOLDER,2021-06-20,
P000742,AC001301,HOLDER,2021-05-22,
P000743,AC001302,HOLDER,2023-02-18,
P000744,AC001303,HOLDER,2020-01-01,
P000745,AC001304,HOLDER,2022-11-06,
P000746,AC001305,HOLDER,2016-09-27,
P000747,AC001306,HOLDER,2017-05-10,
P000747,AC001307,HOLDER,2017-06-24,
P000748,AC001308,HOLDER,2018-01-09,
P000748,AC001309,HOLDER,2026-01-30,
P000748,AC001310,HOLDER,2021-12-14,
P000748,AC001311,HOLDER,2021-06-07,
P000748,AC001312,HOLDER,2013-08-21,
P000749,AC001313,HOLDER,2025-11-17,
P000750,AC001314,HOLDER,2025-09-27,
P000750,AC001315,HOLDER,2023-04-03,
P000751,AC001316,HOLDER,2013-03-31,
P000752,AC001317,HOLDER,2017-11-27,
P000753,AC001318,HOLDER,2024-04-22,
P000754,AC001319,HOLDER,2020-02-11,
P000755,AC001320,HOLDER,2017-03-24,
P000755,AC001321,HOLDER,2018-01-22,
P000755,AC001322,HOLDER,2018-06-03,
P000756,AC001323,HOLDER,2016-01-14,
P000757,AC001324,HOLDER,2025-08-31,
P000758,AC001325,HOLDER,2018-01-19,
P000759,AC001326,HOLDER,2014-10-18,
P000759,AC001327,HOLDER,2024-11-27,
P000760,AC001328,HOLDER,2018-11-24,
P000760,AC001329,HOLDER,2026-06-20,
P000761,AC001330,HOLDER,2015-01-16,
P000762,AC001331,HOLDER,2022-12-05,
P000763,AC001332,HOLDER,2021-10-05,
P000764,AC001333,HOLDER,2025-06-11,
P000765,AC001334,HOLDER,2021-05-12,
P000765,AC001335,HOLDER,2020-07-21,
P000765,AC001336,HOLDER,2023-10-20,
P000766,AC001337,HOLDER,2025-06-18,
P000767,AC001338,HOLDER,2020-03-26,
P000767,AC001339,HOLDER,2015-04-08,
P000768,AC001340,HOLDER,2017-05-19,
P000769,AC001341,HOLDER,2024-05-15,
P000770,AC001342,HOLDER,2018-05-29,
P000771,AC001343,HOLDER,2020-11-15,
P000772,AC001344,HOLDER,2020-05-17,
P000772,AC001345,HOLDER,2024-12-19,
P000773,AC001346,HOLDER,2022-08-16,
P000773,AC001347,HOLDER,2022-06-04,
P000773,AC001348,HOLDER,2025-11-15,
P000773,AC001349,HOLDER,2023-03-31,
P000774,AC001350,HOLDER,2021-04-13,
P000774,AC001351,HOLDER,2022-10-14,
P000775,AC001352,HOLDER,2021-11-03,
P000776,AC001353,HOLDER,2023-02-07,
P000776,AC001354,HOLDER,2021-05-22,
P000776,AC001355,HOLDER,2017-07-17,
P000776,AC001356,HOLDER,2019-02-28,
P000776,AC001357,HOLDER,2017-06-13,
P000777,AC001358,HOLDER,2025-03-23,
P000777,AC001359,HOLDER,2018-09-14,
P000778,AC001360,HOLDER,2024-09-06,
P000778,AC001361,HOLDER,2023-04-29,
P000778,AC001362,HOLDER,2022-02-26,
P000778,AC001363,HOLDER,2023-01-05,
P000779,AC001364,HOLDER,2014-03-30,
P000779,AC001365,HOLDER,2024-10-29,
P000780,AC001366,HOLDER,2015-10-19,
P000781,AC001367,HOLDER,2017-01-31,
P000782,AC001368,HOLDER,2014-05-21,
P000782,AC001369,HOLDER,2023-10-12,
P000783,AC001370,HOLDER,2021-04-30,
P000783,AC001371,HOLDER,2017-09-25,
P000783,AC001372,HOLDER,2013-12-19,
P000783,AC001373,HOLDER,2025-01-09,
P000784,AC001374,HOLDER,2013-07-02,
P000785,AC001375,HOLDER,2023-02-26,
P000786,AC001376,HOLDER,2024-06-17,
P000787,AC001377,HOLDER,2013-11-17,
P000788,AC001378,HOLDER,2016-01-16,
P000788,AC001379,HOLDER,2024-11-23,
P000789,AC001380,HOLDER,2019-01-03,
P000789,AC001381,HOLDER,2024-12-11,
P000789,AC001382,HOLDER,2021-06-09,
P000790,AC001383,HOLDER,2023-05-19,
P000790,AC001384,HOLDER,2025-12-03,
P000791,AC001385,HOLDER,2025-02-02,
P000791,AC001386,HOLDER,2025-12-14,
P000792,AC001387,HOLDER,2018-06-15,
P000793,AC001388,HOLDER,2015-08-08,
P000794,AC001389,HOLDER,2024-08-13,
P000795,AC001390,HOLDER,2017-04-11,
P000796,AC001391,HOLDER,2026-03-28,
P000797,AC001392,HOLDER,2014-12-15,
P000797,AC001393,HOLDER,2024-05-12,
P000798,AC001394,HOLDER,2018-12-16,
P000798,AC001395,HOLDER,2019-03-06,
P000799,AC001396,HOLDER,2016-07-29,
P000799,AC001397,HOLDER,2017-02-17,
P000799,AC001398,HOLDER,2020-06-27,
P000800,AC001399,HOLDER,2017-02-04,
P000800,AC001400,HOLDER,2017-01-17,
P000801,AC001401,HOLDER,2017-03-29,
P000802,AC001402,HOLDER,2016-09-29,
P000803,AC001403,HOLDER,2013-04-17,
P000803,AC001404,HOLDER,2017-10-04,
P000804,AC001405,HOLDER,2015-08-08,
P000804,AC001406,HOLDER,2019-06-07,
P000805,AC001407,HOLDER,2023-01-20,
P000805,AC001408,HOLDER,2025-01-25,
P000806,AC001409,HOLDER,2013-12-26,
P000806,AC001410,HOLDER,2023-10-27,
P000807,AC001411,HOLDER,2017-05-20,
P000808,AC001412,HOLDER,2020-09-07,
P000808,AC001413,HOLDER,2022-11-25,
P000809,AC001414,HOLDER,2022-01-02,
P000810,AC001415,HOLDER,2026-04-15,
P000810,AC001416,HOLDER,2025-06-13,
P000811,AC001417,HOLDER,2022-04-05,
P000811,AC001418,HOLDER,2024-04-12,
P000812,AC001419,HOLDER,2024-07-11,
P000812,AC001420,HOLDER,2015-10-22,
P000813,AC001421,HOLDER,2020-08-27,
P000813,AC001422,HOLDER,2019-02-12,
P000813,AC001423,HOLDER,2022-12-22,
P000813,AC001424,HOLDER,2025-10-17,
P000814,AC001425,HOLDER,2015-07-23,
P000814,AC001426,HOLDER,2020-12-25,
P000815,AC001427,HOLDER,2022-05-20,
P000816,AC001428,HOLDER,2025-12-03,
P000816,AC001429,HOLDER,2025-11-23,
P000817,AC001430,HOLDER,2013-10-15,
P000818,AC001431,HOLDER,2020-01-27,
P000818,AC001432,HOLDER,2019-08-15,
P000819,AC001433,HOLDER,2014-05-15,
P000819,AC001434,HOLDER,2018-10-12,
P000820,AC001435,HOLDER,2020-01-28,
P000820,AC001436,HOLDER,2014-04-23,
P000820,AC001437,HOLDER,2016-06-23,
P000820,AC001438,HOLDER,2025-04-18,
P000821,AC001439,HOLDER,2019-04-11,
P000822,AC001440,HOLDER,2023-04-11,
P000823,AC001441,HOLDER,2025-02-28,
P000824,AC001442,HOLDER,2021-06-24,
P000825,AC001443,HOLDER,2013-11-09,
P000826,AC001444,HOLDER,2024-05-25,
P000827,AC001445,HOLDER,2021-05-28,
P000828,AC001446,HOLDER,2023-01-09,
P000828,AC001447,HOLDER,2021-08-20,
P000829,AC001448,HOLDER,2017-12-20,
P000829,AC001449,HOLDER,2022-12-26,
P000829,AC001450,HOLDER,2023-11-03,
P000830,AC001451,HOLDER,2019-05-21,
P000830,AC001452,HOLDER,2016-10-24,
P000830,AC001453,HOLDER,2022-08-04,
P000831,AC001454,HOLDER,2022-02-18,
P000832,AC001455,HOLDER,2020-07-25,
P000833,AC001456,HOLDER,2015-07-27,
P000834,AC001457,HOLDER,2016-06-02,
P000834,AC001458,HOLDER,2020-12-19,
P000834,AC001459,HOLDER,2025-10-20,
P000835,AC001460,HOLDER,2024-10-03,
P000835,AC001461,HOLDER,2026-05-09,
P000836,AC001462,HOLDER,2015-12-02,
P000837,AC001463,HOLDER,2016-09-07,
P000838,AC001464,HOLDER,2015-06-28,
P000839,AC001465,HOLDER,2017-08-20,
P000840,AC001466,HOLDER,2026-06-09,
P000840,AC001467,HOLDER,2022-07-16,
P000840,AC001468,HOLDER,2024-04-22,
P000840,AC001469,HOLDER,2024-01-16,
P000841,AC001470,HOLDER,2016-10-27,
P000842,AC001471,HOLDER,2015-04-26,
P000843,AC001472,HOLDER,2021-05-19,
P000843,AC001473,HOLDER,2015-01-15,
P000844,AC001474,HOLDER,2018-01-18,
P000844,AC001475,HOLDER,2024-04-29,
P000845,AC001476,HOLDER,2014-03-11,
P000846,AC001477,HOLDER,2026-05-05,
P000847,AC001478,HOLDER,2014-04-26,
P000847,AC001479,HOLDER,2020-10-22,
P000848,AC001480,HOLDER,2013-03-31,
P000848,AC001481,HOLDER,2013-07-09,
P000849,AC001482,HOLDER,2023-08-25,
P000849,AC001483,HOLDER,2020-07-31,
P000850,AC001484,HOLDER,2022-07-30,
P000851,AC001485,HOLDER,2019-11-17,
P000852,AC001486,HOLDER,2019-05-16,
P000853,AC001487,HOLDER,2018-11-05,
P000854,AC001488,HOLDER,2018-03-15,
P000854,AC001489,HOLDER,2021-03-12,
P000854,AC001490,HOLDER,2013-10-12,
P000854,AC001491,HOLDER,2024-04-17,
P000854,AC001492,HOLDER,2020-07-17,
P000855,AC001493,HOLDER,2013-03-11,
P000855,AC001494,HOLDER,2026-04-19,
P000855,AC001495,HOLDER,2021-12-21,
P000856,AC001496,HOLDER,2013-11-10,
P000856,AC001497,HOLDER,2014-12-14,
P000856,AC001498,HOLDER,2024-09-27,
P000856,AC001499,HOLDER,2021-01-29,
P000856,AC001500,HOLDER,2015-09-27,
P000857,AC001501,HOLDER,2024-11-16,
P000858,AC001502,HOLDER,2017-09-21,
P000858,AC001503,HOLDER,2025-07-02,
P000859,AC001504,HOLDER,2016-05-08,
P000859,AC001505,HOLDER,2016-10-24,
P000860,AC001506,HOLDER,2024-02-25,
P000860,AC001507,HOLDER,2022-05-28,
P000860,AC001508,HOLDER,2015-11-11,
P000860,AC001509,HOLDER,2021-08-21,
P000861,AC001510,HOLDER,2025-07-05,
P000861,AC001511,HOLDER,2015-05-07,
P000862,AC001512,HOLDER,2018-07-26,
P000863,AC001513,HOLDER,2023-02-24,
P000864,AC001514,HOLDER,2019-02-01,
P000865,AC001515,HOLDER,2023-09-16,
P000865,AC001516,HOLDER,2022-07-12,
P000865,AC001517,HOLDER,2023-02-26,
P000865,AC001518,HOLDER,2025-05-06,
P000865,AC001519,HOLDER,2014-08-03,
P000866,AC001520,HOLDER,2021-08-24,
P000866,AC001521,HOLDER,2024-01-13,
P000866,AC001522,HOLDER,2021-04-11,
P000867,AC001523,HOLDER,2023-04-17,
P000867,AC001524,HOLDER,2021-11-14,
P000867,AC001525,HOLDER,2014-04-11,
P000868,AC001526,HOLDER,2020-07-14,
P000868,AC001527,HOLDER,2015-01-25,
P000868,AC001528,HOLDER,2022-08-26,
P000868,AC001529,HOLDER,2024-08-25,
P000868,AC001530,HOLDER,2021-12-28,
P000869,AC001531,HOLDER,2015-10-23,
P000869,AC001532,HOLDER,2026-05-13,
P000869,AC001533,HOLDER,2015-08-19,
P000870,AC001534,HOLDER,2023-03-17,
P000871,AC001535,HOLDER,2022-10-24,
P000872,AC001536,HOLDER,2016-09-30,
P000873,AC001537,HOLDER,2018-06-30,
P000874,AC001538,HOLDER,2018-04-13,
P000875,AC001539,HOLDER,2022-08-08,
P000876,AC001540,HOLDER,2013-10-30,
P000876,AC001541,HOLDER,2023-05-05,
P000877,AC001542,HOLDER,2025-10-30,
P000877,AC001543,HOLDER,2019-05-18,
P000878,AC001544,HOLDER,2017-09-24,
P000879,AC001545,HOLDER,2017-01-10,
P000880,AC001546,HOLDER,2024-07-30,
P000881,AC001547,HOLDER,2026-01-15,
P000882,AC001548,HOLDER,2019-05-28,
P000883,AC001549,HOLDER,2019-10-20,
P000884,AC001550,HOLDER,2022-06-15,
P000885,AC001551,HOLDER,2015-04-22,
P000886,AC001552,HOLDER,2021-02-12,
P000886,AC001553,HOLDER,2013-05-29,
P000887,AC001554,HOLDER,2021-04-03,
P000888,AC001555,HOLDER,2017-04-17,
P000889,AC001556,HOLDER,2026-01-19,
P000890,AC001557,HOLDER,2017-04-15,
P000891,AC001558,HOLDER,2013-08-31,
P000892,AC001559,HOLDER,2013-05-26,
P000892,AC001560,HOLDER,2020-08-30,
P000893,AC001561,HOLDER,2016-04-26,
P000893,AC001562,HOLDER,2025-10-27,
P000894,AC001563,HOLDER,2014-05-03,
P000895,AC001564,HOLDER,2019-12-08,
P000896,AC001565,HOLDER,2017-02-12,
P000897,AC001566,HOLDER,2025-11-15,
P000898,AC001567,HOLDER,2015-07-20,
P000899,AC001568,HOLDER,2025-10-25,
P000899,AC001569,HOLDER,2022-08-20,
P000900,AC001570,HOLDER,2023-07-26,
P000900,AC001571,HOLDER,2013-05-30,
P000901,AC001572,HOLDER,2021-03-30,
P000902,AC001573,HOLDER,2014-03-05,
P000902,AC001574,HOLDER,2016-04-16,
P000903,AC001575,HOLDER,2024-11-26,
P000903,AC001576,HOLDER,2026-03-10,
P000904,AC001577,HOLDER,2025-06-30,
P000905,AC001578,HOLDER,2014-03-04,
P000905,AC001579,HOLDER,2025-09-22,
P000906,AC001580,HOLDER,2017-02-21,
P000906,AC001581,HOLDER,2016-10-05,
P000907,AC001582,HOLDER,2023-10-03,
P000908,AC001583,HOLDER,2017-06-26,
P000908,AC001584,HOLDER,2014-02-25,
P000909,AC001585,HOLDER,2014-07-06,
P000910,AC001586,HOLDER,2014-12-24,
P000911,AC001587,HOLDER,2017-01-02,
P000912,AC001588,HOLDER,2015-10-06,
P000913,AC001589,HOLDER,2018-09-01,
P000914,AC001590,HOLDER,2021-04-22,
P000914,AC001591,HOLDER,2013-01-30,
P000915,AC001592,HOLDER,2024-02-13,
P000916,AC001593,HOLDER,2016-03-01,
P000917,AC001594,HOLDER,2025-04-13,
P000918,AC001595,HOLDER,2019-12-04,
P000918,AC001596,HOLDER,2014-10-30,
P000919,AC001597,HOLDER,2015-09-18,
P000920,AC001598,HOLDER,2013-09-02,
P000921,AC001599,HOLDER,2020-05-18,
P000922,AC001600,HOLDER,2018-02-25,
P000923,AC001601,HOLDER,2016-01-19,
P000924,AC001602,HOLDER,2023-11-17,
P000925,AC001603,HOLDER,2015-05-16,
P000925,AC001604,HOLDER,2025-05-10,
P000926,AC001605,HOLDER,2020-11-01,
P000927,AC001606,HOLDER,2025-05-13,
P000928,AC001607,HOLDER,2026-06-02,
P000929,AC001608,HOLDER,2023-08-27,
P000930,AC001609,HOLDER,2022-06-15,
P000931,AC001610,HOLDER,2020-10-04,
P000931,AC001611,HOLDER,2014-10-15,
P000932,AC001612,HOLDER,2018-11-12,
P000933,AC001613,HOLDER,2024-10-22,
P000934,AC001614,HOLDER,2024-08-25,
P000934,AC001615,HOLDER,2019-10-11,
P000935,AC001616,HOLDER,2020-03-10,
P000936,AC001617,HOLDER,2013-09-21,
P000937,AC001618,HOLDER,2026-05-09,
P000938,AC001619,HOLDER,2021-11-06,
P000938,AC001620,HOLDER,2019-07-17,
P000939,AC001621,HOLDER,2013-04-19,
P000940,AC001622,HOLDER,2020-09-25,
P000941,AC001623,HOLDER,2022-12-14,
P000941,AC001624,HOLDER,2015-08-11,
P000941,AC001625,HOLDER,2015-11-18,
P000942,AC001626,HOLDER,2018-05-20,
P000943,AC001627,HOLDER,2025-01-18,
P000943,AC001628,HOLDER,2013-02-10,
P000944,AC001629,HOLDER,2020-05-31,
P000945,AC001630,HOLDER,2025-08-23,
P000945,AC001631,HOLDER,2020-04-05,
P000946,AC001632,HOLDER,2016-04-09,
P000947,AC001633,HOLDER,2017-03-16,
P000948,AC001634,HOLDER,2014-09-28,
P000949,AC001635,HOLDER,2013-05-16,
P000950,AC001636,HOLDER,2023-10-27,
P000950,AC001637,HOLDER,2018-11-30,
P000951,AC001638,HOLDER,2014-05-21,
P000952,AC001639,HOLDER,2019-07-18,
P000953,AC001640,HOLDER,2013-09-02,
P000954,AC001641,HOLDER,2023-01-10,
P000955,AC001642,HOLDER,2022-01-08,
P000956,AC001643,HOLDER,2023-01-10,
P000957,AC001644,HOLDER,2024-01-13,
P000957,AC001645,HOLDER,2013-03-13,
P000958,AC001646,HOLDER,2015-08-15,
P000959,AC001647,HOLDER,2015-01-10,
P000959,AC001648,HOLDER,2018-11-05,
P000960,AC001649,HOLDER,2024-12-12,
P000960,AC001650,HOLDER,2017-04-21,
P000960,AC001651,HOLDER,2015-07-06,
P000961,AC001652,HOLDER,2017-03-25,
P000962,AC001653,HOLDER,2021-05-17,
P000963,AC001654,HOLDER,2015-05-04,
P000964,AC001655,HOLDER,2024-05-02,
P000964,AC001656,HOLDER,2020-11-15,
P000965,AC001657,HOLDER,2019-12-30,
P000966,AC001658,HOLDER,2014-08-23,
P000966,AC001659,HOLDER,2022-01-01,
P000967,AC001660,HOLDER,2013-12-12,
P000967,AC001661,HOLDER,2014-05-17,
P000967,AC001662,HOLDER,2016-04-15,
P000968,AC001663,HOLDER,2025-01-22,
P000969,AC001664,HOLDER,2022-08-01,
P000969,AC001665,HOLDER,2013-05-05,
P000970,AC001666,HOLDER,2013-04-28,
P000971,AC001667,HOLDER,2013-01-29,
P000971,AC001668,HOLDER,2023-08-19,
P000972,AC001669,HOLDER,2019-04-28,
P000973,AC001670,HOLDER,2024-07-15,
P000973,AC001671,HOLDER,2015-02-15,
P000974,AC001672,HOLDER,2017-12-04,
P000974,AC001673,HOLDER,2018-08-23,
P000975,AC001674,HOLDER,2026-04-19,
P000975,AC001675,HOLDER,2016-04-08,
P000976,AC001676,HOLDER,2017-09-07,
P000977,AC001677,HOLDER,2017-08-10,
P000978,AC001678,HOLDER,2017-10-19,
P000979,AC001679,HOLDER,2024-09-22,
P000979,AC001680,HOLDER,2018-04-26,
P000980,AC001681,HOLDER,2014-01-29,
P000981,AC001682,HOLDER,2020-05-18,
P000982,AC001683,HOLDER,2021-08-22,
P000983,AC001684,HOLDER,2022-09-03,
P000984,AC001685,HOLDER,2018-07-27,
P000985,AC001686,HOLDER,2019-10-17,
P000985,AC001687,HOLDER,2026-03-27,
P000986,AC001688,HOLDER,2013-12-20,
P000986,AC001689,HOLDER,2020-06-13,
P000987,AC001690,HOLDER,2015-04-30,
P000988,AC001691,HOLDER,2014-10-22,
P000989,AC001692,HOLDER,2017-02-02,
P000990,AC001693,HOLDER,2026-05-24,
P000990,AC001694,HOLDER,2023-10-25,
P000991,AC001695,HOLDER,2024-11-23,
P000992,AC001696,HOLDER,2013-08-05,
P000992,AC001697,HOLDER,2017-06-23,
P000993,AC001698,HOLDER,2019-09-05,
P000993,AC001699,HOLDER,2026-03-16,
P000994,AC001700,HOLDER,2019-08-15,
P000995,AC001701,HOLDER,2019-11-10,
P000996,AC001702,HOLDER,2018-06-01,
P000996,AC001703,HOLDER,2023-06-21,
P000997,AC001704,HOLDER,2016-08-03,
P000998,AC001705,HOLDER,2023-05-22,
P000999,AC001706,HOLDER,2014-05-04,
P001000,AC001707,HOLDER,2023-08-26,
P001000,AC001708,HOLDER,2025-11-25,
P001001,AC001709,HOLDER,2014-04-05,
P001002,AC001710,HOLDER,2013-09-16,
P001003,AC001711,HOLDER,2026-05-08,
P001004,AC001712,HOLDER,2013-07-28,
P001005,AC001713,HOLDER,2015-10-30,
P001006,AC001714,HOLDER,2024-06-04,
P001007,AC001715,HOLDER,2025-07-29,
P001009,AC001716,HOLDER,2014-10-30,
P001010,AC001717,HOLDER,2024-01-07,
P001011,AC001718,HOLDER,2023-12-06,
P001012,AC001719,HOLDER,2020-03-14,
P001013,AC001720,HOLDER,2025-01-27,
P001016,AC001721,HOLDER,2019-09-20,
P001017,AC001722,HOLDER,2021-05-24,
P001018,AC001723,HOLDER,2022-05-25,
P001019,AC001724,HOLDER,2016-01-15,
P001020,AC001725,HOLDER,2018-01-04,
P001021,AC001726,HOLDER,2022-12-12,
P001022,AC001727,HOLDER,2022-10-04,
P001023,AC001728,HOLDER,2025-01-16,
P001026,AC001729,HOLDER,2018-08-21,
P001027,AC001730,HOLDER,2023-10-10,
P001028,AC001731,HOLDER,2015-08-17,
P001030,AC001732,HOLDER,2018-02-25,
P001031,AC001733,HOLDER,2026-02-27,
P001035,AC001734,HOLDER,2018-10-15,
P001037,AC001735,HOLDER,2017-11-16,
P001040,AC001736,HOLDER,2013-03-16,
P001042,AC001737,HOLDER,2026-02-04,
P001043,AC001738,HOLDER,2023-09-03,
P001044,AC001739,HOLDER,2015-08-22,
P001045,AC001740,HOLDER,2016-08-14,
P001046,AC001741,HOLDER,2013-10-21,
P001047,AC001742,HOLDER,2023-08-17,
P001048,AC001743,HOLDER,2024-10-27,
P001050,AC001744,HOLDER,2013-07-27,
P001052,AC001745,HOLDER,2021-12-12,
P001053,AC001746,HOLDER,2024-04-09,
P001054,AC001747,HOLDER,2025-02-12,
P001055,AC001748,HOLDER,2025-07-20,
P001056,AC001749,HOLDER,2017-03-14,
P001058,AC001750,HOLDER,2018-01-06,
P001059,AC001751,HOLDER,2023-02-11,
P001060,AC001752,HOLDER,2019-10-11,
P001061,AC001753,HOLDER,2025-12-22,
P001062,AC001754,HOLDER,2017-09-30,
P001063,AC001755,HOLDER,2021-12-24,
P001064,AC001756,HOLDER,2021-08-24,
P001065,AC001757,HOLDER,2019-09-23,
P001066,AC001758,HOLDER,2022-09-22,
P001067,AC001759,HOLDER,2013-06-02,
P001068,AC001760,HOLDER,2019-10-05,
P001069,AC001761,HOLDER,2023-07-25,
P001070,AC001762,HOLDER,2024-03-15,
P001071,AC001763,HOLDER,2013-02-09,
P001072,AC001764,HOLDER,2014-12-14,
P001073,AC001765,HOLDER,2024-12-22,
P001075,AC001766,HOLDER,2022-08-17,
P001076,AC001767,HOLDER,2021-08-02,
P001081,AC001768,HOLDER,2014-01-21,
P001082,AC001769,HOLDER,2017-12-31,
P001084,AC001770,HOLDER,2024-03-04,
P001085,AC001771,HOLDER,2021-09-27,
P001086,AC001772,HOLDER,2022-01-10,
P001087,AC001773,HOLDER,2019-05-02,
P001088,AC001774,HOLDER,2022-10-31,
P001090,AC001775,HOLDER,2017-08-17,
P001091,AC001776,HOLDER,2021-11-13,
P001093,AC001777,HOLDER,2023-12-22,
P001094,AC001778,HOLDER,2013-01-31,
P001095,AC001779,HOLDER,2021-04-08,
P001096,AC001780,HOLDER,2015-08-15,
P001097,AC001781,HOLDER,2024-08-07,
P001098,AC001782,HOLDER,2016-03-31,
P001099,AC001783,HOLDER,2021-01-22,
P001100,AC001784,HOLDER,2025-04-09,
P001101,AC001785,HOLDER,2018-04-01,
P001102,AC001786,HOLDER,2022-10-21,
P001104,AC001787,HOLDER,2023-04-01,
P001105,AC001788,HOLDER,2025-06-20,
P001107,AC001789,HOLDER,2026-04-10,
P001108,AC001790,HOLDER,2013-02-17,
P001109,AC001791,HOLDER,2024-11-26,
P001110,AC001792,HOLDER,2015-03-23,
P001112,AC001793,HOLDER,2026-03-25,
P001113,AC001794,HOLDER,2026-01-24,
P001117,AC001795,HOLDER,2018-12-28,
P001118,AC001796,HOLDER,2020-02-16,
P001120,AC001797,HOLDER,2013-09-28,
P001121,AC001798,HOLDER,2014-04-29,
P001122,AC001799,HOLDER,2020-01-16,
P001123,AC001800,HOLDER,2023-10-14,
P001124,AC001801,HOLDER,2018-09-19,
P001126,AC001802,HOLDER,2024-08-04,
P001127,AC001803,HOLDER,2024-08-15,
P001128,AC001804,HOLDER,2017-09-17,
P001130,AC001805,HOLDER,2023-01-31,
P001131,AC001806,HOLDER,2014-09-06,
P001132,AC001807,HOLDER,2020-08-09,
P001135,AC001808,HOLDER,2026-05-23,
P001136,AC001809,HOLDER,2020-10-17,
P001137,AC001810,HOLDER,2022-10-02,
P001138,AC001811,HOLDER,2017-10-16,
P001139,AC001812,HOLDER,2021-03-26,
P001142,AC001813,HOLDER,2023-09-06,
P001143,AC001814,HOLDER,2019-07-06,
P001144,AC001815,HOLDER,2018-11-04,
P001145,AC001816,HOLDER,2019-04-23,
P001146,AC001817,HOLDER,2018-11-21,
P001147,AC001818,HOLDER,2022-06-29,
P001148,AC001819,HOLDER,2023-02-10,
P001149,AC001820,HOLDER,2014-02-09,
P001150,AC001821,HOLDER,2026-01-29,
P001152,AC001822,HOLDER,2018-03-15,
P001154,AC001823,HOLDER,2015-01-13,
P001155,AC001824,HOLDER,2015-01-26,
P001156,AC001825,HOLDER,2017-08-19,
P001158,AC001826,HOLDER,2023-01-15,
P001159,AC001827,HOLDER,2013-10-07,
P001160,AC001828,HOLDER,2018-08-02,
P001161,AC001829,HOLDER,2018-01-08,
P001163,AC001830,HOLDER,2022-03-27,
P001165,AC001831,HOLDER,2021-10-14,
P001167,AC001832,HOLDER,2016-06-27,
P001169,AC001833,HOLDER,2013-05-13,
P001170,AC001834,HOLDER,2017-03-12,
P001172,AC001835,HOLDER,2017-10-05,
P001173,AC001836,HOLDER,2017-08-19,
P001175,AC001837,HOLDER,2025-07-25,
P001179,AC001838,HOLDER,2017-10-10,
P001181,AC001839,HOLDER,2017-04-28,
P001182,AC001840,HOLDER,2022-04-13,
P001185,AC001841,HOLDER,2023-01-28,
P001187,AC001842,HOLDER,2017-07-08,
P001190,AC001843,HOLDER,2019-10-16,
P001191,AC001844,HOLDER,2019-09-29,
P001192,AC001845,HOLDER,2018-06-08,
P001194,AC001846,HOLDER,2022-09-03,
P001196,AC001847,HOLDER,2021-06-05,
P001198,AC001848,HOLDER,2018-08-11,
P001199,AC001849,HOLDER,2016-11-24,
P001200,AC001850,HOLDER,2024-01-29,
P001201,AC001851,HOLDER,2024-06-15,
P001203,AC001852,HOLDER,2021-02-13,
P001204,AC001853,HOLDER,2020-01-08,
P001205,AC001854,HOLDER,2017-02-17,
P001206,AC001855,HOLDER,2021-12-18,
P001207,AC001856,HOLDER,2022-11-26,
P001208,AC001857,HOLDER,2026-06-29,
P001210,AC001858,HOLDER,2021-02-16,
P001211,AC001859,HOLDER,2022-02-25,
P001212,AC001860,HOLDER,2019-05-19,
P001213,AC001861,HOLDER,2014-01-31,
P001214,AC001862,HOLDER,2025-12-22,
P001215,AC001863,HOLDER,2024-11-23,
P001216,AC001864,HOLDER,2017-08-20,
P001217,AC001865,HOLDER,2025-05-27,
P001218,AC001866,HOLDER,2014-08-02,
P001219,AC001867,HOLDER,2025-11-10,
P001220,AC001868,HOLDER,2018-01-02,
P001222,AC001869,HOLDER,2013-10-19,
P001225,AC001870,HOLDER,2019-12-08,
P001226,AC001871,HOLDER,2018-09-15,
P001227,AC001872,HOLDER,2026-06-15,
P001228,AC001873,HOLDER,2014-07-28,
P001229,AC001874,HOLDER,2015-03-11,
P001230,AC001875,HOLDER,2022-11-17,
P001232,AC001876,HOLDER,2014-04-18,
P001234,AC001877,HOLDER,2013-07-06,
P001235,AC001878,HOLDER,2017-09-28,
P001236,AC001879,HOLDER,2020-09-05,
P001239,AC001880,HOLDER,2017-05-26,
P001240,AC001881,HOLDER,2022-10-31,
P001241,AC001882,HOLDER,2020-04-21,
P001242,AC001883,HOLDER,2016-05-07,
P001243,AC001884,HOLDER,2015-11-23,
P001244,AC001885,HOLDER,2022-02-27,
P001245,AC001886,HOLDER,2025-12-20,
P001246,AC001887,HOLDER,2014-05-01,
P001247,AC001888,HOLDER,2017-09-19,
P001248,AC001889,HOLDER,2020-02-12,
P001249,AC001890,HOLDER,2021-03-26,
P001250,AC001891,HOLDER,2015-11-04,
P001252,AC001892,HOLDER,2021-06-08,
P001254,AC001893,HOLDER,2019-10-10,
P001255,AC001894,HOLDER,2025-01-02,
P001257,AC001895,HOLDER,2023-10-12,
P001258,AC001896,HOLDER,2015-09-16,
P001259,AC001897,HOLDER,2021-07-13,
P001260,AC001898,HOLDER,2018-05-27,
P001261,AC001899,HOLDER,2017-08-27,
P001262,AC001900,HOLDER,2016-04-20,
P001263,AC001901,HOLDER,2026-02-23,
P001264,AC001902,HOLDER,2016-03-26,
P001266,AC001903,HOLDER,2021-12-24,
P001267,AC001904,HOLDER,2018-12-11,
P001268,AC001905,HOLDER,2018-11-22,
P001272,AC001906,HOLDER,2017-01-24,
P001273,AC001907,HOLDER,2015-12-09,
P001276,AC001908,HOLDER,2018-04-25,
P001277,AC001909,HOLDER,2022-11-06,
P001278,AC001910,HOLDER,2020-08-20,
P001279,AC001911,HOLDER,2017-05-27,
P001282,AC001912,HOLDER,2019-09-18,
P001283,AC001913,HOLDER,2016-05-15,
P001285,AC001914,HOLDER,2017-06-15,
P001286,AC001915,HOLDER,2022-06-17,
P001287,AC001916,HOLDER,2018-05-04,
P001288,AC001917,HOLDER,2017-08-14,
P001290,AC001918,HOLDER,2022-11-19,
P001291,AC001919,HOLDER,2021-09-05,
P001293,AC001920,HOLDER,2020-06-12,
P001295,AC001921,HOLDER,2017-02-17,
P001296,AC001922,HOLDER,2019-06-15,
P001297,AC001923,HOLDER,2015-11-17,
P001298,AC001924,HOLDER,2023-04-02,
P001299,AC001925,HOLDER,2021-10-24,
P001300,AC001926,HOLDER,2020-01-08,
P001301,AC001927,HOLDER,2013-03-26,
P001303,AC001928,HOLDER,2018-03-28,
P001305,AC001929,HOLDER,2021-01-03,
P001306,AC001930,HOLDER,2017-08-14,
P001307,AC001931,HOLDER,2024-06-13,
P001308,AC001932,HOLDER,2021-01-12,
P001309,AC001933,HOLDER,2020-11-10,
P001310,AC001934,HOLDER,2022-08-30,
P001312,AC001935,HOLDER,2017-04-02,
P001315,AC001936,HOLDER,2015-12-12,
P001316,AC001937,HOLDER,2015-07-01,
P001317,AC001938,HOLDER,2023-12-16,
P001320,AC001939,HOLDER,2018-07-01,
P001321,AC001940,HOLDER,2025-06-01,
P001325,AC001941,HOLDER,2020-06-02,
P001327,AC001942,HOLDER,2014-06-17,
P001328,AC001943,HOLDER,2020-03-30,
P001329,AC001944,HOLDER,2018-02-27,
P001330,AC001945,HOLDER,2020-08-23,
P001331,AC001946,HOLDER,2014-04-28,
P001333,AC001947,HOLDER,2020-05-13,
P001334,AC001948,HOLDER,2015-07-05,
P001335,AC001949,HOLDER,2022-01-24,
P001336,AC001950,HOLDER,2018-07-29,
P001338,AC001951,HOLDER,2013-06-21,
P001339,AC001952,HOLDER,2017-08-17,
P001340,AC001953,HOLDER,2021-08-21,
P001341,AC001954,HOLDER,2017-07-28,
P001344,AC001955,HOLDER,2018-10-23,
P001345,AC001956,HOLDER,2015-06-18,
P001347,AC001957,HOLDER,2016-11-03,
P001349,AC001958,HOLDER,2018-01-17,
P001350,AC001959,HOLDER,2022-07-17,
P001352,AC001960,HOLDER,2023-07-21,
P001353,AC001961,HOLDER,2022-08-11,
P001354,AC001962,HOLDER,2025-08-22,
P001355,AC001963,HOLDER,2015-12-04,
P001357,AC001964,HOLDER,2015-11-12,
P001359,AC001965,HOLDER,2017-02-06,
P001361,AC001966,HOLDER,2023-03-14,
P001362,AC001967,HOLDER,2014-05-23,
P001364,AC001968,HOLDER,2025-03-25,
P001365,AC001969,HOLDER,2016-05-28,
P001366,AC001970,HOLDER,2018-01-06,
P001367,AC001971,HOLDER,2014-01-27,
P001369,AC001972,HOLDER,2020-02-16,
P001370,AC001973,HOLDER,2017-08-30,
P001371,AC001974,HOLDER,2018-09-13,
P001373,AC001975,HOLDER,2013-02-25,
P001374,AC001976,HOLDER,2018-05-16,
P001375,AC001977,HOLDER,2020-04-29,
P001378,AC001978,HOLDER,2018-07-21,
P001379,AC001979,HOLDER,2026-01-22,
P001381,AC001980,HOLDER,2015-04-13,
P001383,AC001981,HOLDER,2014-07-20,
P001384,AC001982,HOLDER,2013-02-23,
P001385,AC001983,HOLDER,2019-06-15,
P001386,AC001984,HOLDER,2025-11-21,
P001387,AC001985,HOLDER,2016-02-13,
P001388,AC001986,HOLDER,2013-08-22,
P001389,AC001987,HOLDER,2023-07-22,
P001391,AC001988,HOLDER,2018-01-06,
P001392,AC001989,HOLDER,2015-06-02,
P001394,AC001990,HOLDER,2016-02-12,
P001395,AC001991,HOLDER,2013-03-13,
P001399,AC001992,HOLDER,2016-09-17,
P001400,AC001993,HOLDER,2019-09-13,
P001401,AC001994,HOLDER,2016-04-28,
P001402,AC001995,HOLDER,2020-05-23,
P001403,AC001996,HOLDER,2025-05-26,
P001404,AC001997,HOLDER,2021-03-07,
P001405,AC001998,HOLDER,2021-03-07,
P001406,AC001999,HOLDER,2015-03-22,
P001407,AC002000,HOLDER,2021-05-27,
P001409,AC002001,HOLDER,2018-09-28,
P001410,AC002002,HOLDER,2014-03-23,
P001411,AC002003,HOLDER,2025-03-27,
P001412,AC002004,HOLDER,2013-10-24,
P001413,AC002005,HOLDER,2013-01-31,
P001414,AC002006,HOLDER,2018-05-10,
P001415,AC002007,HOLDER,2020-01-19,
P001416,AC002008,HOLDER,2016-11-27,
P001417,AC002009,HOLDER,2023-11-18,
P001418,AC002010,HOLDER,2025-08-09,
P001420,AC002011,HOLDER,2024-03-17,
P001421,AC002012,HOLDER,2023-12-27,
P001422,AC002013,HOLDER,2025-10-09,
P001423,AC002014,HOLDER,2020-08-27,
P001424,AC002015,HOLDER,2020-05-29,
P001425,AC002016,HOLDER,2023-12-24,
P001426,AC002017,HOLDER,2022-12-25,
P001427,AC002018,HOLDER,2014-04-15,
P001428,AC002019,HOLDER,2016-10-11,
P001430,AC002020,HOLDER,2025-07-22,
P001433,AC002021,HOLDER,2014-10-24,
P001434,AC002022,HOLDER,2015-07-05,
P001436,AC002023,HOLDER,2019-07-05,
P001437,AC002024,HOLDER,2019-06-14,
P001438,AC002025,HOLDER,2025-01-02,
P001439,AC002026,HOLDER,2013-04-19,
P001441,AC002027,HOLDER,2020-10-10,
P001442,AC002028,HOLDER,2022-07-30,
P001443,AC002029,HOLDER,2023-06-29,
P001445,AC002030,HOLDER,2026-03-29,
P001446,AC002031,HOLDER,2019-05-25,
P001447,AC002032,HOLDER,2020-08-15,
P001448,AC002033,HOLDER,2014-07-30,
P001449,AC002034,HOLDER,2016-04-15,
P001450,AC002035,HOLDER,2024-12-27,
P001451,AC002036,HOLDER,2019-03-23,
P001453,AC002037,HOLDER,2024-12-05,
P001454,AC002038,HOLDER,2016-08-29,
P001455,AC002039,HOLDER,2020-10-09,
P001456,AC002040,HOLDER,2016-08-06,
P001457,AC002041,HOLDER,2021-03-24,
P001459,AC002042,HOLDER,2021-06-05,
P001460,AC002043,HOLDER,2025-04-29,
P001462,AC002044,HOLDER,2018-04-25,
P001463,AC002045,HOLDER,2017-11-21,
P001464,AC002046,HOLDER,2021-02-01,
P001465,AC002047,HOLDER,2024-02-18,
P001466,AC002048,HOLDER,2025-02-13,
P001468,AC002049,HOLDER,2017-12-30,
P001471,AC002050,HOLDER,2023-05-20,
P001472,AC002051,HOLDER,2021-02-23,
P001474,AC002052,HOLDER,2021-04-04,
P001476,AC002053,HOLDER,2017-02-06,
P001477,AC002054,HOLDER,2015-11-25,
P001479,AC002055,HOLDER,2014-03-17,
P001481,AC002056,HOLDER,2021-12-08,
P001483,AC002057,HOLDER,2017-10-02,
P001484,AC002058,HOLDER,2020-08-26,
P001485,AC002059,HOLDER,2017-09-16,
P001486,AC002060,HOLDER,2016-01-11,
P001487,AC002061,HOLDER,2015-07-05,
P001488,AC002062,HOLDER,2025-04-28,
P001489,AC002063,HOLDER,2014-07-30,
P001490,AC002064,HOLDER,2015-05-22,
P001491,AC002065,HOLDER,2025-11-10,
P001492,AC002066,HOLDER,2013-10-02,
P001493,AC002067,HOLDER,2017-12-12,
P001497,AC002068,HOLDER,2019-04-20,
P001498,AC002069,HOLDER,2024-10-29,
P001499,AC002070,HOLDER,2022-07-26,
P001500,AC002071,HOLDER,2024-06-30,
P000726,AC000947,OPERATES_AS_MANDATE_HOLDER,2019-08-17,
P000550,AC000659,OPERATES_AS_MANDATE_HOLDER,2015-08-22,
P000278,AC000584,OPERATES_AS_MANDATE_HOLDER,2021-03-11,
P000645,AC001247,OPERATES_AS_MANDATE_HOLDER,2019-11-29,
P000680,AC000521,OPERATES_AS_MANDATE_HOLDER,2014-11-13,
P000299,AC001158,OPERATES_AS_MANDATE_HOLDER,2023-08-26,
P000136,AC000863,OPERATES_AS_MANDATE_HOLDER,2014-05-08,
P000731,AC000988,OPERATES_AS_MANDATE_HOLDER,2023-07-17,
P000727,AC000272,OPERATES_AS_MANDATE_HOLDER,2019-02-12,
P000443,AC000174,OPERATES_AS_MANDATE_HOLDER,2013-04-05,
P000294,AC001537,OPERATES_AS_MANDATE_HOLDER,2018-06-30,
P000518,AC000754,OPERATES_AS_MANDATE_HOLDER,2024-08-08,
P000565,AC001208,OPERATES_AS_MANDATE_HOLDER,2022-02-17,
P000548,AC000897,OPERATES_AS_MANDATE_HOLDER,2019-08-31,
P000055,AC001179,OPERATES_AS_MANDATE_HOLDER,2024-01-17,
P000596,AC000180,OPERATES_AS_MANDATE_HOLDER,2015-11-07,
P000502,AC001493,OPERATES_AS_MANDATE_HOLDER,2013-03-11,
P000200,AC000949,OPERATES_AS_MANDATE_HOLDER,2021-10-03,
P000809,AC001091,OPERATES_AS_MANDATE_HOLDER,2025-04-21,
P000878,AC001227,OPERATES_AS_MANDATE_HOLDER,2018-07-11,
P000868,AC001198,OPERATES_AS_MANDATE_HOLDER,2015-02-13,
P000560,AC001216,OPERATES_AS_MANDATE_HOLDER,2016-12-27,
P000425,AC000252,OPERATES_AS_MANDATE_HOLDER,2022-05-15,
P000804,AC001117,OPERATES_AS_MANDATE_HOLDER,2014-04-05,
P000721,AC000629,OPERATES_AS_MANDATE_HOLDER,2026-05-24,
P000235,AC000762,OPERATES_AS_MANDATE_HOLDER,2023-05-06,
P000516,AC000116,OPERATES_AS_MANDATE_HOLDER,2014-10-30,
P000059,AC000350,OPERATES_AS_MANDATE_HOLDER,2014-10-26,
